name,country,date,score
Zhang Jiankang,China,2022-07-07,1500.0
Zhang Jiankang,China,2022-07-07,1444.7060891970316
Zhang Jiankang,China,2022-07-07,1386.1593782232194
Zhang Jiankang,China,2022-07-07,1352.065782987185
Zhang Jiankang,China,2022-07-22,1275.7777827492798
Zhang Jiankang,China,2022-08-12,1306.804380506687
Zhang Jiankang,China,2022-08-27,1285.7221084377368
Zhang Jiankang,China,2022-09-27,1323.0675823208346
Zhang Jiankang,China,2022-10-12,1281.7836790134324
Zhang Jiankang,China,2022-10-30,1301.3609126048118
Zhang Jiankang,China,2022-11-06,1261.2414307052643
Zhang Jiankang,China,2022-11-21,1314.2579392447292
Paul Deaville,England,2024-06-19,1500.0
Paul Deaville,England,2024-06-19,1477.5700307412922
Paul Deaville,England,2024-06-19,1437.1665793638838
Paul Deaville,England,2024-06-19,1406.9098618548944
Paul Deaville,England,2024-07-26,1540.4457628750465
Paul Deaville,England,2024-08-20,1503.865968263013
Paul Deaville,England,2024-08-30,1493.5628304298536
Paul Deaville,England,2024-08-31,1524.9653300149275
Paul Deaville,England,2024-09-01,1535.8197481452532
Paul Deaville,England,2024-09-13,1520.559429378792
Paul Deaville,England,2024-09-28,1487.5702419739268
Paul Deaville,England,2024-10-28,1462.1014960247992
Paul Deaville,England,2024-11-17,1365.9021988171394
Paul Deaville,England,2024-12-04,1371.7340817654924
Paul Deaville,England,2024-12-06,1364.1405816222998
Paul Deaville,England,2024-12-19,1442.087986503904
Paul Deaville,England,2024-12-21,1391.4717868200096
Paul Deaville,England,2025-02-04,1361.322183223904
Paul Deaville,England,2025-04-08,1501.3488622478862
Paul Deaville,England,2025-07-09,1478.5698880587915
Paul Deaville,England,2025-07-09,1502.3940403246788
Paul Deaville,England,2025-07-09,1494.6310469556017
Paul Deaville,England,2025-12-11,1509.5831391863771
Paul Deaville,England,2025-12-12,1508.6144418899573
Ma Shaojun,China,2024-08-19,1500.0
Ma Shaojun,China,2024-08-19,1477.6642087293808
Thor Chuan Leong,Malaysia,2023-07-28,1500.0
Thor Chuan Leong,Malaysia,2023-07-28,1495.6547040567746
Thor Chuan Leong,Malaysia,2023-08-18,1514.805657518257
Thor Chuan Leong,Malaysia,2023-09-03,1513.0405310118197
Thor Chuan Leong,Malaysia,2023-09-06,1440.3655286143187
Thor Chuan Leong,Malaysia,2023-09-20,1356.845170042438
Thor Chuan Leong,Malaysia,2023-09-27,1321.8052786453602
Thor Chuan Leong,Malaysia,2023-10-20,1378.1797545937584
Thor Chuan Leong,Malaysia,2023-10-25,1405.8595516296302
Thor Chuan Leong,Malaysia,2023-11-02,1495.0563496326856
Thor Chuan Leong,Malaysia,2023-11-19,1517.0024170719373
Thor Chuan Leong,Malaysia,2023-11-20,1438.1834646974035
Thor Chuan Leong,Malaysia,2023-12-06,1431.4683677505793
Thor Chuan Leong,Malaysia,2023-12-13,1540.537205092054
Thor Chuan Leong,Malaysia,2023-12-14,1546.944533398635
Thor Chuan Leong,Malaysia,2023-12-14,1524.1676437285835
Thor Chuan Leong,Malaysia,2023-12-18,1473.1811087140202
Thor Chuan Leong,Malaysia,2024-01-27,1408.8359915586443
Thor Chuan Leong,Malaysia,2024-03-18,1475.9747594992148
Thor Chuan Leong,Malaysia,2024-04-08,1536.5940258974742
Thor Chuan Leong,Malaysia,2024-04-11,1489.7034955241506
Thor Chuan Leong,Malaysia,2024-06-18,1516.673202354068
Thor Chuan Leong,Malaysia,2024-06-18,1537.8454590642777
Thor Chuan Leong,Malaysia,2024-06-18,1535.561366717983
Thor Chuan Leong,Malaysia,2024-07-26,1563.330358408635
Thor Chuan Leong,Malaysia,2024-07-29,1531.7211336905777
Thor Chuan Leong,Malaysia,2024-08-30,1530.4976804482972
Thor Chuan Leong,Malaysia,2024-08-31,1537.2209000384912
Thor Chuan Leong,Malaysia,2024-09-01,1565.9382621895102
Thor Chuan Leong,Malaysia,2024-09-02,1506.9425549668958
Thor Chuan Leong,Malaysia,2024-09-12,1504.5714927565473
Thor Chuan Leong,Malaysia,2024-09-23,1619.357329779132
Thor Chuan Leong,Malaysia,2024-09-25,1632.0486495098996
Thor Chuan Leong,Malaysia,2024-09-25,1745.7573925110105
Thor Chuan Leong,Malaysia,2024-09-26,1717.6425534195378
Thor Chuan Leong,Malaysia,2024-09-28,1748.1172706408863
Thor Chuan Leong,Malaysia,2024-09-29,1804.386329110927
Thor Chuan Leong,Malaysia,2024-10-02,1860.0308053420813
Thor Chuan Leong,Malaysia,2024-10-21,1836.6398077249992
Thor Chuan Leong,Malaysia,2024-10-28,1833.5350505861638
Thor Chuan Leong,Malaysia,2024-10-30,1739.0568765580763
Thor Chuan Leong,Malaysia,2024-11-17,1777.7128584565994
Thor Chuan Leong,Malaysia,2024-11-18,1862.2925688617154
Thor Chuan Leong,Malaysia,2024-12-05,1845.082461808199
Thor Chuan Leong,Malaysia,2024-12-16,1841.7280449908649
Thor Chuan Leong,Malaysia,2024-12-17,1908.151005101512
Thor Chuan Leong,Malaysia,2024-12-22,1988.4013915651808
Thor Chuan Leong,Malaysia,2025-02-05,1982.529234693909
Thor Chuan Leong,Malaysia,2025-02-06,2085.549840760481
Thor Chuan Leong,Malaysia,2025-02-11,2004.784545432372
Thor Chuan Leong,Malaysia,2025-04-10,1963.0463757088464
Qiu Lei,China,2024-07-15,1500.0
Qiu Lei,China,2024-07-15,1479.3913154656473
Qiu Lei,China,2025-07-29,1486.5205471467812
Liu Wenwei,China,2025-06-22,1500.0
Liu Wenwei,China,2025-06-22,1583.9443472459234
Liu Wenwei,China,2025-06-27,1608.5148765306535
Liu Wenwei,China,2025-07-15,1611.4476539075824
Liu Wenwei,China,2025-07-15,1697.5583618881549
Liu Wenwei,China,2025-07-15,1719.6588858492332
Liu Wenwei,China,2025-07-22,1736.632207636235
Liu Wenwei,China,2025-07-22,1740.089781336239
Liu Wenwei,China,2025-07-22,1713.4356846669166
Liu Wenwei,China,2025-08-08,1713.589202567551
Liu Wenwei,China,2025-09-03,1755.2437061225514
Liu Wenwei,China,2025-09-05,1736.8200373095458
Liu Wenwei,China,2025-09-12,1697.9167621907352
Liu Wenwei,China,2025-09-30,1829.8663637266543
Liu Wenwei,China,2025-10-14,1771.8405722296773
Liu Wenwei,China,2025-11-03,1807.8596896188963
Liu Wenwei,China,2025-11-22,1815.4117484354215
Liu Wenwei,China,2025-11-24,1825.0065333819787
Liu Wenwei,China,2025-12-11,1818.4632919441306
Liu Wenwei,China,2026-01-05,1837.6276497170468
Liu Wenwei,China,2026-01-09,1847.8596633895559
Liu Wenwei,China,2026-01-10,1880.6741322351604
Liu Wenwei,China,2026-02-12,2030.579274321838
Liu Wenwei,China,2026-02-24,2049.960835860417
David Gilbert,England,2022-07-16,1500.0
David Gilbert,England,2022-07-16,1400.4746661311237
David Gilbert,England,2022-07-20,1447.8076503297689
David Gilbert,England,2022-07-20,1480.8351816793056
David Gilbert,England,2022-07-20,1495.9684759715803
David Gilbert,England,2022-07-26,1487.77715962727
David Gilbert,England,2022-07-26,1469.3823657853336
David Gilbert,England,2022-07-26,1513.2764441519641
David Gilbert,England,2022-08-12,1559.3770325593757
David Gilbert,England,2022-08-26,1620.6086636366201
David Gilbert,England,2022-09-27,1658.1838480817598
David Gilbert,England,2022-10-12,1662.8209251449073
David Gilbert,England,2022-10-18,1716.5878123784964
David Gilbert,England,2022-10-19,1774.9002499601806
David Gilbert,England,2022-10-20,1781.5723518962939
David Gilbert,England,2022-10-21,1786.8830102528989
David Gilbert,England,2022-10-28,1839.9301834031626
David Gilbert,England,2022-11-08,1843.4532259654304
David Gilbert,England,2022-11-10,1801.996863287329
David Gilbert,England,2022-11-15,1798.7060352878389
David Gilbert,England,2022-11-24,1716.8305639180178
David Gilbert,England,2022-12-13,1625.9429005395054
David Gilbert,England,2023-01-10,1598.2939360687528
David Gilbert,England,2023-01-16,1562.8540679480245
David Gilbert,England,2023-01-26,1541.3010087463467
David Gilbert,England,2023-02-07,1501.9004213521753
David Gilbert,England,2023-02-07,1478.5166424851716
David Gilbert,England,2023-02-07,1475.637018614802
David Gilbert,England,2023-02-07,1592.3230333503639
David Gilbert,England,2023-02-08,1587.1648596953935
David Gilbert,England,2023-02-08,1647.6077862522545
David Gilbert,England,2023-02-13,1750.1388712089808
David Gilbert,England,2023-02-14,1792.086409291074
David Gilbert,England,2023-02-15,1768.6149602798455
David Gilbert,England,2023-03-18,1841.3764649059738
David Gilbert,England,2023-03-20,1828.3426301854793
David Gilbert,England,2023-03-21,1784.8235382384482
David Gilbert,England,2023-04-10,1781.6035867984638
David Gilbert,England,2023-04-12,1836.7034642272754
David Gilbert,England,2023-04-16,1716.9675236953992
David Gilbert,England,2023-07-13,1746.170208687627
David Gilbert,England,2023-07-13,1756.2326374118309
David Gilbert,England,2023-07-13,1725.6416624677695
David Gilbert,England,2023-07-19,1809.5828755395155
David Gilbert,England,2023-07-19,1852.7650991217477
David Gilbert,England,2023-07-19,1869.5227416882542
David Gilbert,England,2023-07-28,1915.2696873038378
David Gilbert,England,2023-08-17,1909.0192840363113
David Gilbert,England,2023-08-23,1919.6379622833751
David Gilbert,England,2023-08-24,1913.2032501144588
David Gilbert,England,2023-08-25,1822.5058406444023
David Gilbert,England,2023-09-07,1867.6858456933514
David Gilbert,England,2023-09-19,1848.6009319104087
David Gilbert,England,2023-09-26,1885.2028752805022
David Gilbert,England,2023-09-28,1890.0005407332912
David Gilbert,England,2023-09-28,1982.7086991722865
David Gilbert,England,2023-10-03,1864.0456846878492
David Gilbert,England,2023-10-22,1934.1432276595422
David Gilbert,England,2023-10-25,1960.633418010917
David Gilbert,England,2023-10-26,2001.2400809702117
David Gilbert,England,2023-10-26,1971.1245817148754
David Gilbert,England,2023-10-27,2015.7595537563016
David Gilbert,England,2023-10-31,2021.0162403992883
David Gilbert,England,2023-11-05,1952.8036570163038
David Gilbert,England,2023-11-21,2012.7465108765027
David Gilbert,England,2023-11-22,1968.5231579523206
David Gilbert,England,2023-12-06,1967.344226756682
David Gilbert,England,2023-12-08,1945.2822832399002
David Gilbert,England,2023-12-13,1957.548476010676
David Gilbert,England,2023-12-14,1964.5924360978927
David Gilbert,England,2023-12-22,2000.3923105035437
David Gilbert,England,2024-01-16,1980.857860329813
David Gilbert,England,2024-01-22,1966.4698119078382
David Gilbert,England,2024-01-27,1962.3127566841222
David Gilbert,England,2024-01-30,1912.6962174559624
David Gilbert,England,2024-02-09,1876.6155208551024
David Gilbert,England,2024-02-09,1840.9416127995187
David Gilbert,England,2024-02-09,1906.6760720412835
David Gilbert,England,2024-02-10,1914.471318503117
David Gilbert,England,2024-02-10,1959.8426210718487
David Gilbert,England,2024-02-10,1998.4041245191106
David Gilbert,England,2024-02-13,1997.5665772841976
David Gilbert,England,2024-02-14,1882.8840229815726
David Gilbert,England,2024-04-15,1947.0837156500015
David Gilbert,England,2024-04-17,1990.687709527727
David Gilbert,England,2024-04-20,2186.284358732905
David Gilbert,England,2024-04-26,2188.223404153468
David Gilbert,England,2024-05-01,2405.0276804521054
David Gilbert,England,2024-05-04,2530.3990662682513
David Gilbert,England,2024-06-27,2534.4836731582573
David Gilbert,England,2024-06-27,2487.2741656476933
David Gilbert,England,2024-06-27,2440.66193926847
David Gilbert,England,2024-06-28,2448.576694250152
David Gilbert,England,2024-06-28,2474.5002109648844
David Gilbert,England,2024-06-28,2452.6507850473145
David Gilbert,England,2024-07-03,2435.1401854080723
David Gilbert,England,2024-07-03,2402.3377263228685
David Gilbert,England,2024-07-03,2386.877207892457
David Gilbert,England,2024-07-25,2397.7225431962324
David Gilbert,England,2024-08-03,2416.699378272408
David Gilbert,England,2024-08-19,2377.9069083643553
David Gilbert,England,2024-08-21,2420.1898823160486
David Gilbert,England,2024-08-22,2464.1579165709413
David Gilbert,England,2024-08-23,2430.4906545163776
David Gilbert,England,2024-09-01,2449.714902941648
David Gilbert,England,2024-09-02,2460.908246302888
David Gilbert,England,2024-09-03,2464.5960797501257
David Gilbert,England,2024-09-16,2483.776366579437
David Gilbert,England,2024-09-18,2412.6964308558613
David Gilbert,England,2024-09-25,2413.795050823254
David Gilbert,England,2024-09-25,2408.0867956703496
David Gilbert,England,2024-09-26,2431.9093346692193
David Gilbert,England,2024-09-27,2476.235658768679
David Gilbert,England,2024-10-02,2479.2500365381793
David Gilbert,England,2024-10-20,2450.672269700366
David Gilbert,England,2024-11-04,2355.8215212910413
David Gilbert,England,2024-11-19,2334.2010315995876
David Gilbert,England,2024-11-21,2288.673007192372
David Gilbert,England,2024-11-23,2423.9891268950923
David Gilbert,England,2024-11-27,2483.520036056557
David Gilbert,England,2024-12-04,2505.1014389147867
David Gilbert,England,2024-12-06,2537.750790780734
David Gilbert,England,2024-12-07,2507.313461994642
David Gilbert,England,2024-12-22,2469.845378342147
David Gilbert,England,2025-01-22,2449.8307588211965
David Gilbert,England,2025-01-22,2388.8062638216534
David Gilbert,England,2025-01-22,2492.0955325159666
David Gilbert,England,2025-01-22,2508.78057576724
David Gilbert,England,2025-01-23,2582.901033014742
David Gilbert,England,2025-01-23,2618.303800895581
David Gilbert,England,2025-01-23,2602.133569478647
David Gilbert,England,2025-01-24,2555.7810377769156
David Gilbert,England,2025-01-24,2506.546145672835
David Gilbert,England,2025-01-24,2549.180526763763
David Gilbert,England,2025-01-25,2518.3435397105845
David Gilbert,England,2025-01-25,2581.6383720705626
David Gilbert,England,2025-01-25,2595.550702132254
David Gilbert,England,2025-01-25,2617.324367898145
David Gilbert,England,2025-01-27,2457.575183578788
David Gilbert,England,2025-02-11,2451.516257083637
David Gilbert,England,2025-02-12,2424.094632099571
David Gilbert,England,2025-03-04,2428.8989241491913
David Gilbert,England,2025-03-06,2361.1622457168482
David Gilbert,England,2025-04-12,2332.8917546445787
David Gilbert,England,2025-04-15,2387.024137471861
David Gilbert,England,2025-04-22,2437.6354631166314
David Gilbert,England,2025-06-24,2497.2231318723075
David Gilbert,England,2025-06-27,2401.9055692720167
David Gilbert,England,2025-07-09,2442.682452474343
David Gilbert,England,2025-07-09,2503.9641959969863
David Gilbert,England,2025-07-09,2505.3836708128188
David Gilbert,England,2025-07-21,2454.530166797291
David Gilbert,England,2025-07-21,2395.3254000677407
David Gilbert,England,2025-07-21,2453.321094295847
David Gilbert,England,2025-08-10,2422.535876933237
David Gilbert,England,2025-08-11,2336.452764531709
David Gilbert,England,2025-08-24,2370.450264956363
David Gilbert,England,2025-08-26,2426.4717058233277
David Gilbert,England,2025-09-01,2460.6011898056813
David Gilbert,England,2025-09-15,2416.130532548833
David Gilbert,England,2025-10-01,2422.293028454752
David Gilbert,England,2025-10-08,2304.412639221671
David Gilbert,England,2025-10-19,2269.3137641369794
David Gilbert,England,2025-11-24,2279.762880002068
David Gilbert,England,2025-11-26,2358.172806669031
David Gilbert,England,2025-11-30,2480.2725300287734
David Gilbert,England,2025-12-10,2513.848617421989
David Gilbert,England,2025-12-12,2534.2482389334687
David Gilbert,England,2025-12-13,2515.308344833989
David Gilbert,England,2025-12-16,2534.431732083717
David Gilbert,England,2025-12-17,2550.3090454499006
David Gilbert,England,2026-01-04,2587.93369229668
David Gilbert,England,2026-01-04,2575.9734035949004
David Gilbert,England,2026-01-04,2644.2731628359743
David Gilbert,England,2026-01-05,2658.671586344082
David Gilbert,England,2026-01-05,2664.3005569408424
David Gilbert,England,2026-01-05,2704.6165601183143
David Gilbert,England,2026-01-08,2736.7687159171915
David Gilbert,England,2026-01-28,2776.6076916806514
David Gilbert,England,2026-02-12,2760.5478419543447
David Gilbert,England,2026-02-24,2727.7895780676145
David Gilbert,England,2026-02-25,2729.6563796842106
Mark Allen,Northern Ireland,2022-07-21,1500.0
Mark Allen,Northern Ireland,2022-07-21,1507.8294770660348
Mark Allen,Northern Ireland,2022-07-21,1565.35533510028
Mark Allen,Northern Ireland,2022-07-21,1572.5500651129526
Mark Allen,Northern Ireland,2022-07-22,1530.2735430211335
Mark Allen,Northern Ireland,2022-07-27,1550.5724058852536
Mark Allen,Northern Ireland,2022-07-27,1493.7697989435972
Mark Allen,Northern Ireland,2022-07-27,1529.5300868154147
Mark Allen,Northern Ireland,2022-09-26,1539.8453977557688
Mark Allen,Northern Ireland,2022-09-28,1639.3232840933545
Mark Allen,Northern Ireland,2022-09-29,1716.306721289306
Mark Allen,Northern Ireland,2022-09-29,1717.8200320104784
Mark Allen,Northern Ireland,2022-09-30,1783.8132662996309
Mark Allen,Northern Ireland,2022-10-01,1819.9432437827586
Mark Allen,Northern Ireland,2022-10-02,1760.9924242556426
Mark Allen,Northern Ireland,2022-10-16,1815.5260269979187
Mark Allen,Northern Ireland,2022-10-17,1865.2705575995644
Mark Allen,Northern Ireland,2022-10-19,1837.078012001035
Mark Allen,Northern Ireland,2022-10-20,1853.7987389850373
Mark Allen,Northern Ireland,2022-10-21,1881.8697269885356
Mark Allen,Northern Ireland,2022-10-22,1910.9837651309197
Mark Allen,Northern Ireland,2022-10-23,1911.6854501739895
Mark Allen,Northern Ireland,2022-11-02,1956.3120106340502
Mark Allen,Northern Ireland,2022-11-02,1822.8367091034468
Mark Allen,Northern Ireland,2022-11-12,1831.286054789811
Mark Allen,Northern Ireland,2022-11-16,1928.6864992160338
Mark Allen,Northern Ireland,2022-11-18,1983.1766294396878
Mark Allen,Northern Ireland,2022-11-19,2008.5705027769693
Mark Allen,Northern Ireland,2022-11-20,2087.126246633498
Mark Allen,Northern Ireland,2022-11-22,2122.503075692057
Mark Allen,Northern Ireland,2022-11-23,1962.7172245673394
Mark Allen,Northern Ireland,2022-11-28,1931.7954848462625
Mark Allen,Northern Ireland,2022-11-30,1951.02509526229
Mark Allen,Northern Ireland,2022-12-01,1849.9380555566502
Mark Allen,Northern Ireland,2022-12-12,1818.9032373436855
Mark Allen,Northern Ireland,2022-12-13,1842.3089826856944
Mark Allen,Northern Ireland,2022-12-14,1953.1163995049042
Mark Allen,Northern Ireland,2022-12-15,1948.5126019498055
Mark Allen,Northern Ireland,2022-12-16,1959.6172996949472
Mark Allen,Northern Ireland,2022-12-17,1859.1615620879768
Mark Allen,Northern Ireland,2023-01-10,1677.3339462583117
Mark Allen,Northern Ireland,2023-01-16,1696.6587187910152
Mark Allen,Northern Ireland,2023-01-19,1731.4136644546488
Mark Allen,Northern Ireland,2023-01-20,1791.3161989711696
Mark Allen,Northern Ireland,2023-01-20,1851.8019362699267
Mark Allen,Northern Ireland,2023-01-22,2059.276408532442
Mark Allen,Northern Ireland,2023-01-25,2040.5678790913248
Mark Allen,Northern Ireland,2023-02-13,2084.7380453900723
Mark Allen,Northern Ireland,2023-02-15,2052.9265882069785
Mark Allen,Northern Ireland,2023-02-16,2046.6658777161078
Mark Allen,Northern Ireland,2023-02-16,2100.270699262808
Mark Allen,Northern Ireland,2023-02-17,1985.6830968184058
Mark Allen,Northern Ireland,2023-02-20,1922.8453280381286
Mark Allen,Northern Ireland,2023-03-16,1892.654118805862
Mark Allen,Northern Ireland,2023-03-20,1863.6966294142073
Mark Allen,Northern Ireland,2023-03-21,1779.9320151598108
Mark Allen,Northern Ireland,2023-03-27,1664.321313558989
Mark Allen,Northern Ireland,2023-04-17,1727.934692664221
Mark Allen,Northern Ireland,2023-04-22,1908.1355395405863
Mark Allen,Northern Ireland,2023-04-26,1932.3128663775997
Mark Allen,Northern Ireland,2023-04-30,2224.9176635426397
Mark Allen,Northern Ireland,2023-08-22,2210.4553383460698
Mark Allen,Northern Ireland,2023-08-23,2062.0722040273054
Mark Allen,Northern Ireland,2023-09-01,2075.0848517837044
Mark Allen,Northern Ireland,2023-09-13,1985.3796885642598
Mark Allen,Northern Ireland,2023-09-21,1988.1022546318795
Mark Allen,Northern Ireland,2023-09-25,2027.917471855044
Mark Allen,Northern Ireland,2023-09-27,1952.4271989408232
Mark Allen,Northern Ireland,2023-10-02,2022.3695044593221
Mark Allen,Northern Ireland,2023-10-03,1995.7015592370642
Mark Allen,Northern Ireland,2023-10-04,1954.0898814243246
Mark Allen,Northern Ireland,2023-10-09,1914.9793161814894
Mark Allen,Northern Ireland,2023-10-11,1911.3669719425027
Mark Allen,Northern Ireland,2023-10-12,1986.2260644593298
Mark Allen,Northern Ireland,2023-10-13,1888.3290371654832
Mark Allen,Northern Ireland,2023-10-22,1863.3917779475669
Mark Allen,Northern Ireland,2023-10-23,1809.4890050144113
Mark Allen,Northern Ireland,2023-11-05,1833.0326332501368
Mark Allen,Northern Ireland,2023-11-07,1772.2017866971391
Mark Allen,Northern Ireland,2023-11-13,1817.4331505124774
Mark Allen,Northern Ireland,2023-11-13,2002.5222894299238
Mark Allen,Northern Ireland,2023-11-18,2176.5343549452305
Mark Allen,Northern Ireland,2023-11-19,2366.400102913638
Mark Allen,Northern Ireland,2023-11-25,2357.38944044268
Mark Allen,Northern Ireland,2023-12-06,2354.093031172052
Mark Allen,Northern Ireland,2023-12-08,2347.4490341847977
Mark Allen,Northern Ireland,2023-12-09,2342.392920921267
Mark Allen,Northern Ireland,2023-12-09,2339.8792545480005
Mark Allen,Northern Ireland,2023-12-09,2339.2530527373638
Mark Allen,Northern Ireland,2023-12-09,2334.2295680068296
Mark Allen,Northern Ireland,2023-12-09,2331.4965919617885
Mark Allen,Northern Ireland,2023-12-11,2252.5572502843534
Mark Allen,Northern Ireland,2024-01-10,2286.416891694781
Mark Allen,Northern Ireland,2024-01-12,2360.0159583894347
Mark Allen,Northern Ireland,2024-01-13,2303.6330105191732
Mark Allen,Northern Ireland,2024-01-17,2378.8221437362513
Mark Allen,Northern Ireland,2024-01-18,2354.0339417655805
Mark Allen,Northern Ireland,2024-01-24,2339.564526392479
Mark Allen,Northern Ireland,2024-01-29,2325.099342619705
Mark Allen,Northern Ireland,2024-01-30,2285.9914375958424
Mark Allen,Northern Ireland,2024-01-31,2301.4599655105267
Mark Allen,Northern Ireland,2024-02-01,2214.004405465285
Mark Allen,Northern Ireland,2024-02-12,2245.6234062618473
Mark Allen,Northern Ireland,2024-02-13,2239.2027597239053
Mark Allen,Northern Ireland,2024-02-14,2303.6631590181387
Mark Allen,Northern Ireland,2024-02-15,2299.752065825578
Mark Allen,Northern Ireland,2024-02-16,2224.8821176814376
Mark Allen,Northern Ireland,2024-02-20,2320.0313245818893
Mark Allen,Northern Ireland,2024-02-22,2370.0109997588215
Mark Allen,Northern Ireland,2024-02-23,2416.5349052527067
Mark Allen,Northern Ireland,2024-02-25,2461.289913167041
Mark Allen,Northern Ireland,2024-03-05,2511.374193555831
Mark Allen,Northern Ireland,2024-03-06,2492.161820931911
Mark Allen,Northern Ireland,2024-03-18,2455.1245783810136
Mark Allen,Northern Ireland,2024-04-01,2513.8033184844485
Mark Allen,Northern Ireland,2024-04-04,2607.6542289089984
Mark Allen,Northern Ireland,2024-04-06,2442.3600206845467
Mark Allen,Northern Ireland,2024-04-24,2438.7041251649757
Mark Allen,Northern Ireland,2024-04-29,2476.043779234883
Mark Allen,Northern Ireland,2024-07-17,2456.984562824428
Mark Allen,Northern Ireland,2024-07-30,2442.8309488844056
Mark Allen,Northern Ireland,2024-08-19,2453.898951551656
Mark Allen,Northern Ireland,2024-08-20,2465.7193276797807
Mark Allen,Northern Ireland,2024-08-21,2530.003551479949
Mark Allen,Northern Ireland,2024-08-22,2473.276695333657
Mark Allen,Northern Ireland,2024-09-03,2399.924505197974
Mark Allen,Northern Ireland,2024-09-17,2398.92770250282
Mark Allen,Northern Ireland,2024-09-18,2446.45350917832
Mark Allen,Northern Ireland,2024-09-19,2452.210397987422
Mark Allen,Northern Ireland,2024-09-20,2352.699142728512
Mark Allen,Northern Ireland,2024-09-23,2369.8504123988296
Mark Allen,Northern Ireland,2024-09-24,2391.6784343465342
Mark Allen,Northern Ireland,2024-09-26,2411.189315835627
Mark Allen,Northern Ireland,2024-09-26,2401.743677645573
Mark Allen,Northern Ireland,2024-09-27,2458.4724092354577
Mark Allen,Northern Ireland,2024-09-28,2426.5994886295052
Mark Allen,Northern Ireland,2024-10-02,2454.614807887059
Mark Allen,Northern Ireland,2024-10-21,2500.7642319679385
Mark Allen,Northern Ireland,2024-10-23,2472.381717064211
Mark Allen,Northern Ireland,2024-11-04,2475.5061906153173
Mark Allen,Northern Ireland,2024-11-05,2390.4036876143696
Mark Allen,Northern Ireland,2024-11-11,2409.212117667593
Mark Allen,Northern Ireland,2024-11-11,2474.265212642009
Mark Allen,Northern Ireland,2024-11-15,2467.8080954275965
Mark Allen,Northern Ireland,2024-11-24,2434.9001766722463
Mark Allen,Northern Ireland,2024-11-27,2547.420983487908
Mark Allen,Northern Ireland,2024-11-29,2588.1226143433496
Mark Allen,Northern Ireland,2024-11-30,2565.6404988322097
Mark Allen,Northern Ireland,2024-12-04,2562.487946548483
Mark Allen,Northern Ireland,2024-12-06,2544.5217285282147
Mark Allen,Northern Ireland,2024-12-09,2567.267424617951
Mark Allen,Northern Ireland,2024-12-11,2639.594614818304
Mark Allen,Northern Ireland,2024-12-12,2684.548998506198
Mark Allen,Northern Ireland,2024-12-13,2749.9305537410464
Mark Allen,Northern Ireland,2024-12-14,2729.157924356178
Mark Allen,Northern Ireland,2024-12-19,2778.3570967643004
Mark Allen,Northern Ireland,2024-12-20,2801.476776567893
Mark Allen,Northern Ireland,2024-12-20,2818.5885373854517
Mark Allen,Northern Ireland,2024-12-22,2829.4696198977304
Mark Allen,Northern Ireland,2025-01-14,2885.3260148209024
Mark Allen,Northern Ireland,2025-01-16,2944.5671235185673
Mark Allen,Northern Ireland,2025-01-18,2826.42210058355
Mark Allen,Northern Ireland,2025-01-28,2837.286992346344
Mark Allen,Northern Ireland,2025-01-29,2778.0397628893834
Mark Allen,Northern Ireland,2025-02-10,2775.4978234056266
Mark Allen,Northern Ireland,2025-02-12,2755.6259741399326
Mark Allen,Northern Ireland,2025-02-24,2742.332329137743
Mark Allen,Northern Ireland,2025-03-05,2664.825444358831
Mark Allen,Northern Ireland,2025-03-17,2660.130576627156
Mark Allen,Northern Ireland,2025-04-21,2684.261153284176
Mark Allen,Northern Ireland,2025-04-25,2555.805105351412
Mark Allen,Northern Ireland,2025-08-12,2568.742322414011
Mark Allen,Northern Ireland,2025-08-24,2577.6887083750007
Mark Allen,Northern Ireland,2025-08-25,2593.4749768519064
Mark Allen,Northern Ireland,2025-08-26,2686.3117429706617
Mark Allen,Northern Ireland,2025-08-27,2728.3056157986784
Mark Allen,Northern Ireland,2025-08-28,2802.4930531888335
Mark Allen,Northern Ireland,2025-08-29,2734.531773701501
Mark Allen,Northern Ireland,2025-09-01,2743.516164291042
Mark Allen,Northern Ireland,2025-09-16,2736.0947095609727
Mark Allen,Northern Ireland,2025-09-17,2735.226535105349
Mark Allen,Northern Ireland,2025-09-18,2742.7614660404333
Mark Allen,Northern Ireland,2025-09-19,2766.4010028795906
Mark Allen,Northern Ireland,2025-09-20,2801.9288028373635
Mark Allen,Northern Ireland,2025-09-21,2878.300933591881
Mark Allen,Northern Ireland,2025-09-23,2897.3052632571926
Mark Allen,Northern Ireland,2025-09-24,2864.4602577069736
Mark Allen,Northern Ireland,2025-09-25,2927.329735530323
Mark Allen,Northern Ireland,2025-10-01,2880.510764741402
Mark Allen,Northern Ireland,2025-10-08,2842.5540416826534
Mark Allen,Northern Ireland,2025-10-20,2860.286570756962
Mark Allen,Northern Ireland,2025-10-22,2879.7161978571517
Mark Allen,Northern Ireland,2025-10-23,2878.833141787248
Mark Allen,Northern Ireland,2025-10-24,2887.8552540343276
Mark Allen,Northern Ireland,2025-10-25,2919.375805786873
Mark Allen,Northern Ireland,2025-11-11,2862.014112543752
Mark Allen,Northern Ireland,2025-11-20,2912.747089748435
Mark Allen,Northern Ireland,2025-11-21,2941.520749692861
Mark Allen,Northern Ireland,2025-12-01,2778.6381394097434
Mark Allen,Northern Ireland,2025-12-11,2747.7829268778364
Mark Allen,Northern Ireland,2025-12-16,2815.5811171953624
Mark Allen,Northern Ireland,2025-12-17,2808.6000483793246
Mark Allen,Northern Ireland,2025-12-18,2869.745157339329
Mark Allen,Northern Ireland,2025-12-19,2870.883465564677
Mark Allen,Northern Ireland,2025-12-20,2754.2238433806724
Mark Allen,Northern Ireland,2026-01-12,2874.487392224823
Mark Allen,Northern Ireland,2026-01-15,2907.6863658158877
Mark Allen,Northern Ireland,2026-01-26,2950.7270726250144
Mark Allen,Northern Ireland,2026-01-28,2935.6235315181343
Mark Allen,Northern Ireland,2026-01-29,2851.440390254553
Mark Allen,Northern Ireland,2026-02-04,2894.4045267849733
Mark Allen,Northern Ireland,2026-02-10,2934.957941602133
Mark Allen,Northern Ireland,2026-02-17,3110.7546667830125
Mark Allen,Northern Ireland,2026-02-20,3314.481337452694
Mark Allen,Northern Ireland,2026-02-21,3406.4762831070348
Mark Allen,Northern Ireland,2026-02-23,3326.056554868641
Jack O'Brien,Ireland,2025-12-11,1500.0
Jack O'Brien,Ireland,2025-12-11,1497.5535575297436
Yisong Peng,China,2022-07-16,1500.0
Yisong Peng,China,2022-07-16,1398.8764627465848
Yisong Peng,China,2022-07-19,1396.5659770688344
Yisong Peng,China,2022-07-19,1390.6164709223094
Yisong Peng,China,2022-07-19,1386.0310728945367
Yisong Peng,China,2022-08-13,1313.1395259998653
Yisong Peng,China,2022-08-27,1270.444505186095
Yisong Peng,China,2022-10-12,1245.1909614747276
Yisong Peng,China,2022-10-25,1204.9707785302894
Yisong Peng,China,2022-11-05,1208.180933515996
Yisong Peng,China,2022-11-06,1094.916408692389
Yisong Peng,China,2022-11-22,1201.002613523641
Yisong Peng,China,2022-11-23,1220.1131694054961
Yisong Peng,China,2023-01-12,1209.0067675374673
Yisong Peng,China,2023-01-25,1200.1278387272307
Yisong Peng,China,2023-02-02,1135.3397894311167
Yisong Peng,China,2023-02-14,1140.2415008879427
Yisong Peng,China,2023-03-16,1118.9270835895463
Yisong Peng,China,2023-04-04,1090.3500725248089
Yisong Peng,China,2023-07-14,1171.0984462755503
Yisong Peng,China,2023-07-14,1188.2318462730311
Yisong Peng,China,2023-07-14,1175.643789791162
Yisong Peng,China,2023-07-29,1243.4093199729323
Yisong Peng,China,2023-08-23,1216.823176984407
Yisong Peng,China,2023-09-05,1196.6221743779229
Yisong Peng,China,2023-09-06,1205.384498762032
Yisong Peng,China,2023-09-18,1186.3609510110052
Yisong Peng,China,2023-09-25,1200.0837989597294
Yisong Peng,China,2023-10-20,1290.1011218851718
Yisong Peng,China,2023-10-24,1252.3948581421869
Yisong Peng,China,2023-11-02,1209.8832889948374
Yisong Peng,China,2023-11-18,1315.3408542299046
Yisong Peng,China,2023-11-19,1363.440054642889
Yisong Peng,China,2023-12-07,1376.226522007789
Yisong Peng,China,2023-12-08,1365.7220247562102
Yisong Peng,China,2023-12-20,1400.8053584477348
Yisong Peng,China,2024-01-22,1366.52223041743
Yisong Peng,China,2024-01-26,1318.8285731645935
Yisong Peng,China,2024-01-30,1360.0472985571132
Yisong Peng,China,2024-04-10,1458.6565629796896
Yisong Peng,China,2024-04-13,1591.659604361653
Hossein Vafaei,Iran,2022-07-17,1500.0
Hossein Vafaei,Iran,2022-07-17,1549.3563205555104
Hossein Vafaei,Iran,2022-07-18,1530.3365691552128
Hossein Vafaei,Iran,2022-07-18,1533.2261486386958
Hossein Vafaei,Iran,2022-07-18,1561.2440576545735
Hossein Vafaei,Iran,2022-07-25,1595.2138356158596
Hossein Vafaei,Iran,2022-07-25,1676.0500790837868
Hossein Vafaei,Iran,2022-07-25,1613.9476566755714
Hossein Vafaei,Iran,2022-08-24,1652.105719416323
Hossein Vafaei,Iran,2022-09-26,1539.877819630267
Hossein Vafaei,Iran,2022-10-12,1546.4180838127447
Hossein Vafaei,Iran,2022-10-17,1584.2908425123528
Hossein Vafaei,Iran,2022-10-19,1604.7066063385707
Hossein Vafaei,Iran,2022-10-30,1605.94187793926
Hossein Vafaei,Iran,2022-10-31,1620.64609228113
Hossein Vafaei,Iran,2022-11-08,1634.6562413421595
Hossein Vafaei,Iran,2022-11-09,1660.8828888334724
Hossein Vafaei,Iran,2022-11-15,1731.1116406065432
Hossein Vafaei,Iran,2022-11-17,1649.357179447703
Hossein Vafaei,Iran,2022-11-23,1690.1788074454714
Hossein Vafaei,Iran,2022-11-24,1718.7305882694625
Hossein Vafaei,Iran,2022-11-29,1770.5176003584895
Hossein Vafaei,Iran,2022-12-01,1827.9812819061772
Hossein Vafaei,Iran,2022-12-01,1857.4768479702673
Hossein Vafaei,Iran,2022-12-14,1791.3649601318903
Hossein Vafaei,Iran,2023-01-10,1880.587148261762
Hossein Vafaei,Iran,2023-01-12,1874.4497624929174
Hossein Vafaei,Iran,2023-01-17,1885.5072807660347
Hossein Vafaei,Iran,2023-01-25,1869.674089542004
Hossein Vafaei,Iran,2023-02-13,1876.1328383153282
Hossein Vafaei,Iran,2023-02-15,1897.429029468229
Hossein Vafaei,Iran,2023-02-16,1934.1496681370452
Hossein Vafaei,Iran,2023-02-16,1890.278529141901
Hossein Vafaei,Iran,2023-03-16,1912.3838759668047
Hossein Vafaei,Iran,2023-03-19,1910.863664369398
Hossein Vafaei,Iran,2023-03-21,1890.0910382230709
Hossein Vafaei,Iran,2023-04-10,1910.1558258158484
Hossein Vafaei,Iran,2023-04-12,1915.6477296446453
Hossein Vafaei,Iran,2023-04-17,1980.9022941513883
Hossein Vafaei,Iran,2023-04-22,1643.7160437351276
Hossein Vafaei,Iran,2023-06-27,1662.9990863876938
Hossein Vafaei,Iran,2023-06-27,1641.6798474656086
Hossein Vafaei,Iran,2023-06-27,1595.7027988037771
Hossein Vafaei,Iran,2023-07-29,1570.1879341722415
Hossein Vafaei,Iran,2023-08-17,1566.3322621368595
Hossein Vafaei,Iran,2023-08-22,1429.517941687052
Hossein Vafaei,Iran,2023-09-05,1432.282741559716
Hossein Vafaei,Iran,2023-09-06,1513.346888482654
Hossein Vafaei,Iran,2023-09-11,1581.846255801658
Hossein Vafaei,Iran,2023-09-12,1706.360730976219
Hossein Vafaei,Iran,2023-09-20,1734.1813314683618
Hossein Vafaei,Iran,2023-09-26,1755.1385244948
Hossein Vafaei,Iran,2023-09-27,1768.1659985169129
Hossein Vafaei,Iran,2023-09-28,1812.2435886558665
Hossein Vafaei,Iran,2023-09-29,1855.275067170649
Hossein Vafaei,Iran,2023-09-30,1873.739584958476
Hossein Vafaei,Iran,2023-10-03,1882.56264410614
Hossein Vafaei,Iran,2023-10-04,1871.9858880585723
Hossein Vafaei,Iran,2023-10-23,1918.462857970927
Hossein Vafaei,Iran,2023-10-25,1912.8718448037307
Hossein Vafaei,Iran,2023-10-26,1862.6255707818395
Hossein Vafaei,Iran,2023-11-05,1816.902817702438
Hossein Vafaei,Iran,2023-11-21,1843.8243743223784
Hossein Vafaei,Iran,2023-11-23,1893.1052818943306
Hossein Vafaei,Iran,2023-11-26,2009.573171490003
Hossein Vafaei,Iran,2023-11-30,2105.891768655058
Hossein Vafaei,Iran,2023-12-01,2257.8543236008504
Hossein Vafaei,Iran,2023-12-02,2225.8439253253973
Hossein Vafaei,Iran,2023-12-11,2175.8537490905223
Hossein Vafaei,Iran,2023-12-21,2161.396167408662
Hossein Vafaei,Iran,2024-01-15,2172.1375539397955
Hossein Vafaei,Iran,2024-01-17,2128.6411946903395
Hossein Vafaei,Iran,2024-01-23,2090.8347502524934
Hossein Vafaei,Iran,2024-01-25,2116.7058648987772
Hossein Vafaei,Iran,2024-02-14,2089.264189583776
Hossein Vafaei,Iran,2024-02-15,2065.297910015064
Hossein Vafaei,Iran,2024-02-20,2111.8864211310156
Hossein Vafaei,Iran,2024-03-18,2101.855710948888
Hossein Vafaei,Iran,2024-03-20,2120.2429322493576
Hossein Vafaei,Iran,2024-03-21,2293.3359887823867
Hossein Vafaei,Iran,2024-03-22,2226.7665765052507
Hossein Vafaei,Iran,2024-04-15,2257.0669228608085
Hossein Vafaei,Iran,2024-04-17,2255.746171065779
Hossein Vafaei,Iran,2024-04-21,2285.6430546158363
Hossein Vafaei,Iran,2024-06-20,2262.9906489449722
Hossein Vafaei,Iran,2024-06-20,2264.3779906601017
Hossein Vafaei,Iran,2024-06-20,2267.724421975056
Hossein Vafaei,Iran,2024-06-28,2179.5086000759693
Hossein Vafaei,Iran,2024-06-28,2250.2979156911892
Hossein Vafaei,Iran,2024-06-28,2295.5652547298946
Hossein Vafaei,Iran,2024-07-25,2306.410581872068
Hossein Vafaei,Iran,2024-07-29,2267.255913012891
Hossein Vafaei,Iran,2024-08-01,2236.226098321542
Hossein Vafaei,Iran,2024-08-20,2222.571528862559
Hossein Vafaei,Iran,2024-08-22,2166.8879292108277
Hossein Vafaei,Iran,2024-09-01,2162.3135110022326
Hossein Vafaei,Iran,2024-09-02,2117.2093531611736
Hossein Vafaei,Iran,2024-09-17,2165.7147295325517
Hossein Vafaei,Iran,2024-09-18,2116.4374791739615
Hossein Vafaei,Iran,2024-09-25,2084.8885398579037
Hossein Vafaei,Iran,2024-10-07,2133.9916850774666
Hossein Vafaei,Iran,2024-10-08,2122.4491707334532
Hossein Vafaei,Iran,2024-10-21,2043.395280542184
Hossein Vafaei,Iran,2024-11-03,2047.2256953659162
Hossein Vafaei,Iran,2024-11-04,2081.1929755901824
Hossein Vafaei,Iran,2024-11-05,2029.8840138627568
Hossein Vafaei,Iran,2024-11-19,2075.677800189142
Hossein Vafaei,Iran,2024-11-20,2008.7707156883466
Hossein Vafaei,Iran,2024-12-04,2013.1720220382713
Hossein Vafaei,Iran,2024-12-06,1988.8262979883962
Hossein Vafaei,Iran,2024-12-10,1920.6471785384376
Hossein Vafaei,Iran,2024-12-20,1973.0084183714714
Hossein Vafaei,Iran,2025-01-03,2048.4800348691006
Hossein Vafaei,Iran,2025-01-03,2101.5110344958343
Hossein Vafaei,Iran,2025-01-03,2139.284250174931
Hossein Vafaei,Iran,2025-01-03,2200.602502803302
Hossein Vafaei,Iran,2025-01-04,2286.1886262462226
Hossein Vafaei,Iran,2025-01-04,2243.609704770402
Hossein Vafaei,Iran,2025-01-04,2305.2760792477516
Hossein Vafaei,Iran,2025-01-04,2376.286319240174
Hossein Vafaei,Iran,2025-02-04,2426.65495093512
Hossein Vafaei,Iran,2025-02-04,2454.5524974313553
Hossein Vafaei,Iran,2025-02-04,2417.9086673788283
Hossein Vafaei,Iran,2025-02-05,2411.0703706692266
Hossein Vafaei,Iran,2025-02-05,2433.3188320391987
Hossein Vafaei,Iran,2025-02-05,2498.2029210172896
Hossein Vafaei,Iran,2025-02-05,2491.3462084655753
Hossein Vafaei,Iran,2025-02-11,2492.2671010323616
Hossein Vafaei,Iran,2025-02-12,2422.5789452615873
Hossein Vafaei,Iran,2025-02-24,2504.3490104607167
Hossein Vafaei,Iran,2025-02-25,2528.4988628943584
Hossein Vafaei,Iran,2025-03-05,2524.510660163178
Hossein Vafaei,Iran,2025-03-06,2508.0610768923893
Hossein Vafaei,Iran,2025-03-07,2472.1907232583603
Hossein Vafaei,Iran,2025-04-14,2444.45474898568
Hossein Vafaei,Iran,2025-04-16,2541.7891647603833
Hossein Vafaei,Iran,2025-04-20,2853.468205462206
Hossein Vafaei,Iran,2025-04-26,2817.6419587880027
Hossein Vafaei,Iran,2025-08-10,2809.959946841254
Hossein Vafaei,Iran,2025-08-11,2746.3360805221746
Hossein Vafaei,Iran,2025-08-24,2755.28552875088
Hossein Vafaei,Iran,2025-08-25,2714.3461871574777
Hossein Vafaei,Iran,2025-08-26,2697.7254722671923
Hossein Vafaei,Iran,2025-09-03,2541.7277891599038
Hossein Vafaei,Iran,2025-09-15,2583.3102172560707
Hossein Vafaei,Iran,2025-09-22,2587.5997687634404
Hossein Vafaei,Iran,2025-10-01,2563.3285841800325
Hossein Vafaei,Iran,2025-10-19,2494.2100525290944
Hossein Vafaei,Iran,2025-11-03,2554.4644696858322
Hossein Vafaei,Iran,2025-11-04,2582.1428134245343
Hossein Vafaei,Iran,2025-11-25,2583.0456070992973
Hossein Vafaei,Iran,2025-11-27,2540.9460645774616
Hossein Vafaei,Iran,2025-12-11,2536.368894773736
Hossein Vafaei,Iran,2025-12-12,2507.129350649976
Hossein Vafaei,Iran,2025-12-16,2500.7433605274746
Hossein Vafaei,Iran,2025-12-17,2493.5136102107626
Hossein Vafaei,Iran,2026-01-02,2456.085232821568
Hossein Vafaei,Iran,2026-01-02,2408.1564491258346
Hossein Vafaei,Iran,2026-01-02,2387.1318561870216
Hossein Vafaei,Iran,2026-01-03,2396.801029528074
Hossein Vafaei,Iran,2026-01-03,2443.8195787591417
Hossein Vafaei,Iran,2026-01-03,2383.8366127820727
Hossein Vafaei,Iran,2026-01-08,2384.315370778182
Hossein Vafaei,Iran,2026-02-11,2375.244274691814
Hossein Vafaei,Iran,2026-02-23,2423.085392013012
Hossein Vafaei,Iran,2026-02-25,2414.8274597273603
Zhang Hao,China,2025-08-24,1500.0
Zhang Hao,China,2025-08-24,1516.9505149219058
Zhang Hao,China,2025-10-07,1628.9115986573452
Zhang Hao,China,2025-10-08,1571.1860115465756
Andy Lee,England,2022-07-05,1500.0
Andy Lee,England,2022-07-05,1465.9490704273412
Andy Lee,England,2022-07-05,1429.731696674398
Andy Lee,England,2022-07-05,1471.1411516832648
Andy Lee,England,2022-07-24,1396.1867689512915
Andy Lee,England,2022-08-12,1411.2036446834295
Andy Lee,England,2022-08-23,1460.05544174561
Andy Lee,England,2022-09-28,1388.877673210511
Andy Lee,England,2022-10-17,1415.4830175707907
Andy Lee,England,2022-10-19,1472.135826244186
Andy Lee,England,2022-10-30,1442.201028043981
Andy Lee,England,2022-11-05,1402.6841270550144
Andy Lee,England,2022-11-06,1429.930224622599
Andy Lee,England,2022-11-07,1364.0211652803891
Andy Lee,England,2022-11-21,1334.2210621259846
Andy Lee,England,2022-11-28,1331.847708016512
Andy Lee,England,2023-01-11,1314.2733638196776
Andy Lee,England,2023-01-25,1304.872851019015
Andy Lee,England,2023-02-14,1313.7130795442988
Andy Lee,England,2023-03-17,1253.0720646820591
Andy Lee,England,2023-04-04,1146.6938543116612
Andy Lee,England,2023-07-11,1126.3332327921873
Andy Lee,England,2023-07-11,1109.0743109198793
Andy Lee,England,2023-07-11,1062.6952304695053
Andy Lee,England,2023-07-27,1069.16177079794
Andy Lee,England,2023-08-17,1057.4665106132609
Andy Lee,England,2023-09-01,1052.6193597872202
Andy Lee,England,2023-09-06,1062.918095758749
Andy Lee,England,2023-09-18,1086.8714582412053
Andy Lee,England,2023-10-19,1090.400360904211
Andy Lee,England,2023-11-01,1063.7837965485062
Andy Lee,England,2023-11-19,1130.8285953113195
Andy Lee,England,2023-11-20,1189.9661290536687
Andy Lee,England,2023-11-21,1176.3138233827744
Andy Lee,England,2023-12-06,1171.9083364800913
Andy Lee,England,2023-12-19,1120.574519200631
Andy Lee,England,2024-01-22,1212.2810739961446
Andy Lee,England,2024-01-26,1212.5453725084103
Andy Lee,England,2024-04-08,1205.3574759870105
Kyren Wilson,England,2022-06-30,1500.0
Kyren Wilson,England,2022-06-30,1512.992528222204
Kyren Wilson,England,2022-06-30,1500.0139184331113
Kyren Wilson,England,2022-06-30,1538.0054027764645
Kyren Wilson,England,2022-07-16,1554.5730475094451
Kyren Wilson,England,2022-08-17,1603.959253179635
Kyren Wilson,England,2022-08-18,1646.5726039170183
Kyren Wilson,England,2022-08-19,1682.6357901366996
Kyren Wilson,England,2022-08-19,1698.563887685219
Kyren Wilson,England,2022-08-20,1768.9857533430484
Kyren Wilson,England,2022-08-21,1785.5224952631597
Kyren Wilson,England,2022-09-26,1759.0487713636876
Kyren Wilson,England,2022-09-27,1682.0024340312114
Kyren Wilson,England,2022-10-16,1684.1955851778614
Kyren Wilson,England,2022-10-18,1688.0556554893412
Kyren Wilson,England,2022-10-19,1628.646964773068
Kyren Wilson,England,2022-11-01,1635.0885942082632
Kyren Wilson,England,2022-11-12,1683.6488885701306
Kyren Wilson,England,2022-11-16,1662.0159086080196
Kyren Wilson,England,2022-11-22,1648.8356022335863
Kyren Wilson,England,2022-11-23,1755.1443056716796
Kyren Wilson,England,2022-11-29,1798.7235225935344
Kyren Wilson,England,2022-11-30,1844.4083209353994
Kyren Wilson,England,2022-12-01,1850.119459436026
Kyren Wilson,England,2022-12-01,1922.4685135810068
Kyren Wilson,England,2022-12-02,1911.6663793916614
Kyren Wilson,England,2022-12-12,1904.910955319757
Kyren Wilson,England,2022-12-13,1908.3864050101697
Kyren Wilson,England,2022-12-14,1819.723015707662
Kyren Wilson,England,2023-01-03,1838.8212967528266
Kyren Wilson,England,2023-01-03,1857.6005010439821
Kyren Wilson,England,2023-01-03,1824.5105487793003
Kyren Wilson,England,2023-01-04,1893.736536251413
Kyren Wilson,England,2023-01-04,1901.6708666708917
Kyren Wilson,England,2023-01-04,1828.654634981949
Kyren Wilson,England,2023-01-04,1918.579682197629
Kyren Wilson,England,2023-01-04,1972.1534243795786
Kyren Wilson,England,2023-01-11,1923.6422901352541
Kyren Wilson,England,2023-01-18,1894.863014225259
Kyren Wilson,England,2023-01-19,1866.0527300192045
Kyren Wilson,England,2023-01-26,1843.2031574122984
Kyren Wilson,England,2023-02-02,1876.043176452229
Kyren Wilson,England,2023-02-02,1918.7325338583973
Kyren Wilson,England,2023-02-03,1847.3680311346197
Kyren Wilson,England,2023-02-13,1867.1440919873653
Kyren Wilson,England,2023-02-15,1803.4772539537125
Kyren Wilson,England,2023-02-21,1881.5809241699887
Kyren Wilson,England,2023-02-24,1913.9679368623658
Kyren Wilson,England,2023-02-25,1927.3435740578416
Kyren Wilson,England,2023-03-01,1995.7678903085998
Kyren Wilson,England,2023-03-01,2020.685581076745
Kyren Wilson,England,2023-03-01,1981.4065945008094
Kyren Wilson,England,2023-03-02,2000.5589154319757
Kyren Wilson,England,2023-03-02,2026.4592691211897
Kyren Wilson,England,2023-03-02,2016.2961372875354
Kyren Wilson,England,2023-03-02,2059.6537887273266
Kyren Wilson,England,2023-03-17,2077.847708662508
Kyren Wilson,England,2023-03-20,2071.1929564499987
Kyren Wilson,England,2023-03-21,2123.5672368898227
Kyren Wilson,England,2023-03-21,2088.914935345299
Kyren Wilson,England,2023-03-28,2086.687903134961
Kyren Wilson,England,2023-03-31,2241.0641095974265
Kyren Wilson,England,2023-04-02,2260.6913335614
Kyren Wilson,England,2023-04-19,2355.746593305148
Kyren Wilson,England,2023-04-23,2046.3204694531273
Kyren Wilson,England,2023-06-29,2053.284059008639
Kyren Wilson,England,2023-06-29,2087.360903769587
Kyren Wilson,England,2023-06-29,2094.7765660062705
Kyren Wilson,England,2023-07-17,2100.9425154336295
Kyren Wilson,England,2023-07-17,2109.6799271601667
Kyren Wilson,England,2023-07-17,2070.4417877046535
Kyren Wilson,England,2023-08-22,2031.1192398684364
Kyren Wilson,England,2023-08-23,2017.1197796986073
Kyren Wilson,England,2023-08-24,2025.3716781449443
Kyren Wilson,England,2023-08-24,2036.3255771928068
Kyren Wilson,England,2023-08-25,2049.564988874912
Kyren Wilson,England,2023-09-01,2036.4371311519433
Kyren Wilson,England,2023-09-12,2121.756796612117
Kyren Wilson,England,2023-09-21,2124.406855001865
Kyren Wilson,England,2023-09-25,2169.8849622945963
Kyren Wilson,England,2023-09-27,2208.654832725548
Kyren Wilson,England,2023-09-28,2147.9554557267757
Kyren Wilson,England,2023-10-02,2120.008461012496
Kyren Wilson,England,2023-10-22,2119.302763768826
Kyren Wilson,England,2023-11-05,2123.765316224326
Kyren Wilson,England,2023-11-07,2105.762778724109
Kyren Wilson,England,2023-11-25,2061.308999519318
Kyren Wilson,England,2023-12-06,2065.3105497930824
Kyren Wilson,England,2023-12-08,2062.08345093501
Kyren Wilson,England,2023-12-09,2086.6168223151553
Kyren Wilson,England,2023-12-09,2065.7818690507734
Kyren Wilson,England,2023-12-11,2084.7800154872616
Kyren Wilson,England,2023-12-13,2180.675755622939
Kyren Wilson,England,2023-12-14,2188.0753740497025
Kyren Wilson,England,2023-12-14,2119.5824367581545
Kyren Wilson,England,2023-12-19,2133.833557692742
Kyren Wilson,England,2024-01-02,2185.638613563038
Kyren Wilson,England,2024-01-02,2170.040099468072
Kyren Wilson,England,2024-01-02,2231.9127363300445
Kyren Wilson,England,2024-01-02,2164.541839300728
Kyren Wilson,England,2024-01-03,2222.8625202209073
Kyren Wilson,England,2024-01-03,2253.737786227392
Kyren Wilson,England,2024-01-03,2172.3978626514327
Kyren Wilson,England,2024-01-04,2161.3937660637675
Kyren Wilson,England,2024-01-04,2184.847336304614
Kyren Wilson,England,2024-01-04,2250.7604273651095
Kyren Wilson,England,2024-01-05,2169.504268574887
Kyren Wilson,England,2024-01-05,2209.5116815222605
Kyren Wilson,England,2024-01-05,2155.6623062035183
Kyren Wilson,England,2024-01-05,2126.0284256664513
Kyren Wilson,England,2024-01-09,2188.2214731729387
Kyren Wilson,England,2024-01-23,2223.774303460553
Kyren Wilson,England,2024-01-31,2236.067788538589
Kyren Wilson,England,2024-02-01,2222.603489150111
Kyren Wilson,England,2024-02-01,2264.9920781872584
Kyren Wilson,England,2024-02-02,2255.471002410005
Kyren Wilson,England,2024-02-03,2217.8911981155657
Kyren Wilson,England,2024-02-05,2151.7331819046544
Kyren Wilson,England,2024-02-05,2181.759843721669
Kyren Wilson,England,2024-02-05,2220.518788602675
Kyren Wilson,England,2024-02-06,2265.7372869928886
Kyren Wilson,England,2024-02-06,2344.2020645643047
Kyren Wilson,England,2024-02-06,2277.002486536711
Kyren Wilson,England,2024-02-06,2224.753188704779
Kyren Wilson,England,2024-02-07,2212.041169355174
Kyren Wilson,England,2024-02-07,2225.4447955481146
Kyren Wilson,England,2024-02-07,2130.7484814993304
Kyren Wilson,England,2024-02-07,2073.609776050353
Kyren Wilson,England,2024-02-08,2157.993346697519
Kyren Wilson,England,2024-02-08,2174.7460472230937
Kyren Wilson,England,2024-02-08,2271.285860978711
Kyren Wilson,England,2024-02-08,2296.240973036288
Kyren Wilson,England,2024-02-09,2204.7362293410233
Kyren Wilson,England,2024-02-09,2268.873948280324
Kyren Wilson,England,2024-02-09,2328.2916419493695
Kyren Wilson,England,2024-02-10,2263.7828757753546
Kyren Wilson,England,2024-02-10,2242.798218240155
Kyren Wilson,England,2024-02-10,2256.8095483517454
Kyren Wilson,England,2024-02-12,2226.3228796048775
Kyren Wilson,England,2024-02-14,2147.59470371683
Kyren Wilson,England,2024-02-26,2191.4957356394675
Kyren Wilson,England,2024-02-26,2187.4697051177977
Kyren Wilson,England,2024-02-26,2238.8755329676433
Kyren Wilson,England,2024-02-27,2256.1042874007826
Kyren Wilson,England,2024-02-27,2192.6040420400163
Kyren Wilson,England,2024-02-27,2111.7635178438913
Kyren Wilson,England,2024-02-27,2127.059063312304
Kyren Wilson,England,2024-02-27,2185.3781758101845
Kyren Wilson,England,2024-03-12,2276.3996359134862
Kyren Wilson,England,2024-03-12,2261.664752700959
Kyren Wilson,England,2024-03-12,2225.962311501973
Kyren Wilson,England,2024-03-12,2152.6008027472158
Kyren Wilson,England,2024-03-13,2209.258916776788
Kyren Wilson,England,2024-03-13,2209.544264185085
Kyren Wilson,England,2024-03-18,2220.1863087856414
Kyren Wilson,England,2024-03-20,2232.3874119726997
Kyren Wilson,England,2024-03-21,2245.8343922966974
Kyren Wilson,England,2024-03-22,2272.5167474491323
Kyren Wilson,England,2024-04-24,2344.0792879071228
Kyren Wilson,England,2024-04-29,2480.5887696806717
Kyren Wilson,England,2024-05-01,2585.6733475760457
Kyren Wilson,England,2024-05-04,2661.710430285977
Kyren Wilson,England,2024-05-06,2778.275279482189
Kyren Wilson,England,2024-06-20,2804.8085702314224
Kyren Wilson,England,2024-06-20,2808.2759687995117
Kyren Wilson,England,2024-06-20,2760.749770770883
Kyren Wilson,England,2024-07-17,2568.800186893339
Kyren Wilson,England,2024-08-19,2529.6589333269126
Kyren Wilson,England,2024-08-20,2516.604985428688
Kyren Wilson,England,2024-08-21,2528.643181004534
Kyren Wilson,England,2024-08-22,2564.5814284443577
Kyren Wilson,England,2024-08-23,2554.935200054268
Kyren Wilson,England,2024-08-24,2637.3014838822137
Kyren Wilson,England,2024-08-25,2712.9242802144927
Kyren Wilson,England,2024-09-03,2723.804789946773
Kyren Wilson,England,2024-09-04,2653.588232161038
Kyren Wilson,England,2024-09-16,2647.289170777248
Kyren Wilson,England,2024-09-18,2666.0697215250857
Kyren Wilson,England,2024-09-19,2590.6477135793125
Kyren Wilson,England,2024-09-23,2609.4872576523544
Kyren Wilson,England,2024-09-25,2628.3228571917466
Kyren Wilson,England,2024-09-26,2647.204370063802
Kyren Wilson,England,2024-09-26,2596.0774725502
Kyren Wilson,England,2024-10-06,2656.9245015226425
Kyren Wilson,England,2024-10-07,2692.874497175245
Kyren Wilson,England,2024-10-08,2681.1332994711574
Kyren Wilson,England,2024-10-22,2674.8442108812105
Kyren Wilson,England,2024-10-23,2694.166605018857
Kyren Wilson,England,2024-10-24,2689.9948593993904
Kyren Wilson,England,2024-10-25,2725.622306462115
Kyren Wilson,England,2024-10-26,2715.0214121705535
Kyren Wilson,England,2024-10-27,2819.3135474416313
Kyren Wilson,England,2024-11-03,2772.3279087127526
Kyren Wilson,England,2024-11-04,2775.364279567562
Kyren Wilson,England,2024-11-05,2804.4856230024357
Kyren Wilson,England,2024-11-06,2884.521505013255
Kyren Wilson,England,2024-11-07,2846.881632028604
Kyren Wilson,England,2024-11-12,2890.815716240391
Kyren Wilson,England,2024-11-12,2899.714582105331
Kyren Wilson,England,2024-11-25,2902.746322635821
Kyren Wilson,England,2024-11-28,2916.667529037954
Kyren Wilson,England,2024-11-29,2945.096918103527
Kyren Wilson,England,2024-11-30,2813.7409548488044
Kyren Wilson,England,2024-12-10,2832.4448698100127
Kyren Wilson,England,2024-12-11,2753.069186812393
Kyren Wilson,England,2024-12-19,2701.919950710466
Kyren Wilson,England,2025-01-08,2680.2485827002047
Kyren Wilson,England,2025-01-08,2714.6737352352084
Kyren Wilson,England,2025-01-08,2700.737391542378
Kyren Wilson,England,2025-01-09,2713.563958516226
Kyren Wilson,England,2025-01-09,2698.7619448012947
Kyren Wilson,England,2025-01-09,2731.3757711204244
Kyren Wilson,England,2025-01-09,2740.068206131669
Kyren Wilson,England,2025-01-09,2728.0708219151993
Kyren Wilson,England,2025-01-15,2682.928771663624
Kyren Wilson,England,2025-01-17,2695.239542774203
Kyren Wilson,England,2025-01-18,2863.987367390576
Kyren Wilson,England,2025-01-19,2770.515066567944
Kyren Wilson,England,2025-01-27,2806.3887971668587
Kyren Wilson,England,2025-01-29,2818.148409308951
Kyren Wilson,England,2025-01-30,2848.3735057420313
Kyren Wilson,England,2025-01-31,2809.8144499252385
Kyren Wilson,England,2025-02-01,2860.786991401271
Kyren Wilson,England,2025-02-02,2926.4851367693677
Kyren Wilson,England,2025-02-04,2933.7648852878146
Kyren Wilson,England,2025-02-04,2920.768005261438
Kyren Wilson,England,2025-02-04,2845.1344303520696
Kyren Wilson,England,2025-02-05,2852.418203040487
Kyren Wilson,England,2025-02-05,2809.7871030416272
Kyren Wilson,England,2025-02-05,2773.3623134108066
Kyren Wilson,England,2025-02-05,2862.2747451817972
Kyren Wilson,England,2025-02-05,2804.3853504433528
Kyren Wilson,England,2025-02-11,2823.1456413937967
Kyren Wilson,England,2025-02-12,2798.405560138709
Kyren Wilson,England,2025-02-23,2834.259726625974
Kyren Wilson,England,2025-02-24,2846.979514615909
Kyren Wilson,England,2025-02-25,2834.67676510748
Kyren Wilson,England,2025-03-04,2887.6556659449425
Kyren Wilson,England,2025-03-06,2890.233936038825
Kyren Wilson,England,2025-03-17,2930.694843864674
Kyren Wilson,England,2025-03-19,2937.864716978624
Kyren Wilson,England,2025-03-21,3037.078343920243
Kyren Wilson,England,2025-03-23,3219.178345881515
Kyren Wilson,England,2025-04-03,3095.3376041509796
Kyren Wilson,England,2025-04-19,3092.9027636038336
Kyren Wilson,England,2025-06-24,3076.8428868115384
Kyren Wilson,England,2025-07-29,3178.7126569267048
Kyren Wilson,England,2025-07-31,3283.703599227637
Kyren Wilson,England,2025-08-02,3457.815482592035
Kyren Wilson,England,2025-08-03,3547.0013649093185
Kyren Wilson,England,2025-08-12,3555.9415043371996
Kyren Wilson,England,2025-08-13,3606.725088291718
Kyren Wilson,England,2025-08-14,3583.921821705595
Kyren Wilson,England,2025-08-25,3471.4979519460776
Kyren Wilson,England,2025-09-15,3441.0746547354142
Kyren Wilson,England,2025-09-22,3459.0117042615902
Kyren Wilson,England,2025-09-23,3428.700461009708
Kyren Wilson,England,2025-09-30,3454.4285818708267
Kyren Wilson,England,2025-10-07,3463.3686814547536
Kyren Wilson,England,2025-10-09,3472.3315576269893
Kyren Wilson,England,2025-10-10,3324.9128719213395
Kyren Wilson,England,2025-10-21,3317.3354695485705
Kyren Wilson,England,2025-10-22,3334.507809181751
Kyren Wilson,England,2025-10-23,3351.7243735486404
Kyren Wilson,England,2025-10-24,3288.8937819067046
Kyren Wilson,England,2025-11-03,3289.6219549192506
Kyren Wilson,England,2025-11-04,3242.8405401251894
Kyren Wilson,England,2025-11-11,3324.543453851369
Kyren Wilson,England,2025-11-11,3354.7592423187693
Kyren Wilson,England,2025-11-20,3245.315559361703
Kyren Wilson,England,2025-12-02,3206.4054001602244
Kyren Wilson,England,2025-12-16,3198.566073848411
Kyren Wilson,England,2025-12-17,3191.7164415581574
Kyren Wilson,England,2025-12-18,3088.590663053468
Kyren Wilson,England,2026-01-08,3131.834473253391
Kyren Wilson,England,2026-01-08,3171.175119486666
Kyren Wilson,England,2026-01-08,3159.56503946949
Kyren Wilson,England,2026-01-09,3161.1720458852137
Kyren Wilson,England,2026-01-09,3195.9513323198516
Kyren Wilson,England,2026-01-09,3103.10436018757
Kyren Wilson,England,2026-01-09,3039.0827660375508
Kyren Wilson,England,2026-01-13,3078.009111384317
Kyren Wilson,England,2026-01-16,3161.5705332108387
Kyren Wilson,England,2026-01-17,3280.633372726382
Kyren Wilson,England,2026-01-18,3331.533045327183
Kyren Wilson,England,2026-01-26,3340.481051051827
Kyren Wilson,England,2026-01-27,3349.5551171290494
Kyren Wilson,England,2026-01-29,3370.222626962852
Kyren Wilson,England,2026-01-30,3277.484423029103
Kyren Wilson,England,2026-02-03,3225.504669163902
Kyren Wilson,England,2026-02-11,3209.445288811531
Kyren Wilson,England,2026-02-24,3226.6673377722313
Kyren Wilson,England,2026-02-25,3163.724357228116
Kreishh Gurbaxani,India,2024-06-26,1500.0
Kreishh Gurbaxani,India,2024-06-26,1455.8330336031186
Kreishh Gurbaxani,India,2024-06-26,1415.9785029020622
Kreishh Gurbaxani,India,2024-06-26,1429.2193748532973
Kreishh Gurbaxani,India,2024-07-26,1424.2280729385038
Kreishh Gurbaxani,India,2024-07-28,1474.8267939721225
Kreishh Gurbaxani,India,2024-08-03,1420.38716424336
Kreishh Gurbaxani,India,2024-08-30,1375.6978043418117
Kreishh Gurbaxani,India,2024-09-12,1392.2858212275041
Kreishh Gurbaxani,India,2024-09-28,1420.0834239580056
Kreishh Gurbaxani,India,2024-09-29,1422.1936809602107
Kreishh Gurbaxani,India,2024-09-30,1462.2505334509524
Kreishh Gurbaxani,India,2024-10-29,1408.9406618955948
Kreishh Gurbaxani,India,2024-11-17,1426.2328322082467
Kreishh Gurbaxani,India,2024-11-18,1400.4758801138564
Kreishh Gurbaxani,India,2024-12-05,1419.0460961528142
Kreishh Gurbaxani,India,2024-12-06,1440.4272466127102
Kreishh Gurbaxani,India,2024-12-07,1454.3267406947368
Kreishh Gurbaxani,India,2024-12-07,1445.600523381899
Kreishh Gurbaxani,India,2024-12-16,1502.0170779040518
Kreishh Gurbaxani,India,2024-12-20,1420.22891065938
Kreishh Gurbaxani,India,2025-02-04,1442.9463742385947
Kreishh Gurbaxani,India,2025-04-08,1402.854533021495
Kreishh Gurbaxani,India,2025-06-23,1409.4034984692
Kreishh Gurbaxani,India,2025-06-26,1373.3115079776924
Kreishh Gurbaxani,India,2025-07-03,1378.2468799984813
Kreishh Gurbaxani,India,2025-07-03,1375.485025490153
Kreishh Gurbaxani,India,2025-07-03,1370.9682735796366
Kreishh Gurbaxani,India,2025-08-08,1313.8749227162045
Kreishh Gurbaxani,India,2025-09-01,1390.6010246552082
Kreishh Gurbaxani,India,2025-09-04,1343.353004131119
Kreishh Gurbaxani,India,2025-09-12,1320.6199725577258
Kreishh Gurbaxani,India,2025-10-01,1480.5575337074358
Kreishh Gurbaxani,India,2025-10-16,1417.2105315908434
Kreishh Gurbaxani,India,2025-11-23,1392.112837073365
Kreishh Gurbaxani,India,2025-12-11,1390.6666732381393
Kreishh Gurbaxani,India,2026-01-05,1426.677141850289
Kreishh Gurbaxani,India,2026-01-09,1384.6607454093862
Kreishh Gurbaxani,India,2026-02-11,1380.9246282672655
Liang Wenbo,China,2022-08-11,1500.0
Liang Wenbo,China,2022-08-11,1476.248195698823
Liang Wenbo,China,2022-10-10,1541.3434882048687
Liang Wenbo,China,2022-10-16,1512.5278941700897
Haydon Pinhey,England,2022-07-06,1500.0
Haydon Pinhey,England,2022-07-06,1511.9887923333063
Haydon Pinhey,England,2022-07-06,1479.686014435719
Haydon Pinhey,England,2022-07-06,1464.7003618623953
Haydon Pinhey,England,2022-07-17,1520.5417620203036
Haydon Pinhey,England,2022-08-16,1459.4576517658843
Haydon Pinhey,England,2023-01-26,1465.9635019027066
Haydon Pinhey,England,2023-01-27,1448.0371231708332
Haydon Pinhey,England,2023-03-17,1551.8497870329763
Haydon Pinhey,England,2023-03-19,1567.434428071829
Haydon Pinhey,England,2023-03-20,1529.009167086265
Haydon Pinhey,England,2023-04-03,1478.1813141281493
Haydon Pinhey,England,2023-04-06,1347.0145194369227
Haydon Pinhey,England,2023-07-08,1291.3879888429283
Haydon Pinhey,England,2023-07-08,1306.50643228699
Haydon Pinhey,England,2023-07-08,1288.5674516764916
Haydon Pinhey,England,2023-07-27,1338.8248503930272
Haydon Pinhey,England,2023-10-23,1301.3245240541464
Haydon Pinhey,England,2023-11-18,1327.6227429673236
Haydon Pinhey,England,2023-12-07,1313.0741639696819
Haydon Pinhey,England,2023-12-20,1332.8706552613537
Haydon Pinhey,England,2024-01-23,1314.8939760689407
Haydon Pinhey,England,2024-01-25,1285.6308300934809
Haydon Pinhey,England,2024-01-30,1307.0312267913196
Haydon Pinhey,England,2024-04-09,1412.3097403322206
Haydon Pinhey,England,2024-04-12,1316.9720696046945
Haydon Pinhey,England,2024-06-12,1303.7887728796306
Haydon Pinhey,England,2024-06-12,1281.8711174861705
Haydon Pinhey,England,2024-06-12,1291.836150843416
Haydon Pinhey,England,2024-07-27,1295.8983965688067
Haydon Pinhey,England,2024-07-30,1295.582974875586
Haydon Pinhey,England,2024-08-01,1269.488497254346
Haydon Pinhey,England,2024-08-30,1326.8028219313164
Haydon Pinhey,England,2024-08-31,1415.6946764168215
Haydon Pinhey,England,2024-09-01,1440.0673547183792
Haydon Pinhey,England,2024-09-12,1489.7018272518912
Haydon Pinhey,England,2024-09-28,1593.7872630897884
Haydon Pinhey,England,2024-09-30,1677.9841186333613
Haydon Pinhey,England,2024-10-28,1740.5410929036593
Haydon Pinhey,England,2024-11-03,1783.9952338179053
Haydon Pinhey,England,2024-11-17,1710.3366914286432
Haydon Pinhey,England,2024-12-04,1714.0565247988736
Haydon Pinhey,England,2024-12-06,1715.531687925259
Haydon Pinhey,England,2024-12-07,1705.8459549510458
Haydon Pinhey,England,2024-12-16,1825.1826740953684
Haydon Pinhey,England,2024-12-17,1721.0325707781199
Haydon Pinhey,England,2024-12-20,1657.8507370255709
Haydon Pinhey,England,2025-02-04,1733.0667702598716
Haydon Pinhey,England,2025-02-05,1771.8078365812212
Haydon Pinhey,England,2025-02-10,1814.3031304085735
Haydon Pinhey,England,2025-04-09,1596.8007628676319
Haydon Pinhey,England,2025-06-22,1672.8900852074844
Haydon Pinhey,England,2025-07-14,1627.8800426726223
Haydon Pinhey,England,2025-07-14,1697.5919483873456
Haydon Pinhey,England,2025-07-14,1726.6324327773889
Haydon Pinhey,England,2025-07-18,1783.6030776738753
Haydon Pinhey,England,2025-07-18,1746.9020612442991
Haydon Pinhey,England,2025-07-18,1766.419100058187
Haydon Pinhey,England,2025-08-09,1701.7365629926808
Haydon Pinhey,England,2025-08-25,1700.9645243879281
Haydon Pinhey,England,2025-09-01,1671.5766297294097
Haydon Pinhey,England,2025-09-04,1608.1352123876477
Haydon Pinhey,England,2025-09-12,1652.0713525828348
Haydon Pinhey,England,2025-09-14,1679.553312541579
Haydon Pinhey,England,2025-09-22,1700.4568275221359
Haydon Pinhey,England,2025-10-02,1671.6399388455002
Haydon Pinhey,England,2025-10-14,1642.0070597019876
Haydon Pinhey,England,2025-10-15,1673.5892659271824
Haydon Pinhey,England,2025-11-24,1740.2837172125314
Haydon Pinhey,England,2025-12-10,1726.091285469987
Haydon Pinhey,England,2026-01-06,1737.8004496917756
Haydon Pinhey,England,2026-01-09,1758.2760168549323
Haydon Pinhey,England,2026-02-12,1878.021597037778
Alex Taubman,Wales,2023-07-07,1500.0
Alex Taubman,Wales,2023-07-07,1458.0141329347266
Alex Taubman,Wales,2023-07-07,1417.0098712936076
Alex Taubman,Wales,2023-07-07,1363.1641316989035
Alex Taubman,Wales,2023-12-07,1350.0364023626755
Hamza Ilyas,Pakistan,2024-04-08,1500.0
Hamza Ilyas,Pakistan,2024-04-08,1276.958820255677
Simon Blackwell,England,2024-06-12,1500.0
Simon Blackwell,England,2024-06-12,1486.6643757357544
Simon Blackwell,England,2024-06-12,1493.8023921683018
Simon Blackwell,England,2024-06-12,1462.3879546609874
Simon Blackwell,England,2024-07-25,1486.817091224033
Simon Blackwell,England,2024-07-28,1484.2556557807466
Simon Blackwell,England,2024-08-03,1466.275450247488
Simon Blackwell,England,2024-08-30,1437.8611972208662
Simon Blackwell,England,2024-08-31,1428.0142431395925
Simon Blackwell,England,2024-09-12,1404.9847341915304
Simon Blackwell,England,2024-09-24,1351.4905944095726
Simon Blackwell,England,2024-09-28,1426.8509761402233
Simon Blackwell,England,2024-09-29,1420.7040091684098
Simon Blackwell,England,2024-10-01,1599.9557133503836
Simon Blackwell,England,2024-10-28,1529.0546555395283
Simon Blackwell,England,2024-11-03,1565.9238507889056
Simon Blackwell,England,2024-11-16,1575.374417591163
Simon Blackwell,England,2024-12-05,1572.4818229112805
Simon Blackwell,England,2024-12-16,1510.7351614511717
Simon Blackwell,England,2024-12-21,1501.1559319386085
Simon Blackwell,England,2025-02-05,1486.3887744639069
Simon Blackwell,England,2025-04-09,1519.195350967585
Simon Blackwell,England,2025-04-12,1497.501920425874
Simon Blackwell,England,2025-07-11,1511.0550991096236
Simon Blackwell,England,2025-07-11,1540.4047141775527
Simon Blackwell,England,2025-07-11,1529.5307256175681
Simon Blackwell,England,2025-11-23,1558.0178884265222
Simon Blackwell,England,2025-11-24,1586.3689053476833
Simon Blackwell,England,2025-12-11,1591.282842716307
Simon Blackwell,England,2025-12-12,1588.3971067498983
Anthony McGill,Scotland,2022-07-23,1500.0
Anthony McGill,Scotland,2022-07-23,1554.2652155461012
Anthony McGill,Scotland,2022-08-16,1524.8559299729593
Anthony McGill,Scotland,2022-08-27,1507.617310680318
Anthony McGill,Scotland,2022-09-26,1532.816833558981
Anthony McGill,Scotland,2022-09-27,1463.8306167685535
Anthony McGill,Scotland,2022-10-12,1483.5827672703008
Anthony McGill,Scotland,2022-10-18,1522.7928171320032
Anthony McGill,Scotland,2022-10-20,1624.4748194117335
Anthony McGill,Scotland,2022-10-20,1645.5636064907394
Anthony McGill,Scotland,2022-10-21,1731.599165184541
Anthony McGill,Scotland,2022-10-22,1718.9085568889154
Anthony McGill,Scotland,2022-10-28,1756.852852954547
Anthony McGill,Scotland,2022-11-07,1642.2063145198774
Anthony McGill,Scotland,2022-11-21,1657.249590103721
Anthony McGill,Scotland,2022-11-22,1672.0392433310024
Anthony McGill,Scotland,2022-11-29,1644.8878366906827
Anthony McGill,Scotland,2022-11-30,1659.3556599388735
Anthony McGill,Scotland,2022-12-01,1673.149205647842
Anthony McGill,Scotland,2022-12-13,1686.3952818687405
Anthony McGill,Scotland,2022-12-15,1647.9314531413515
Anthony McGill,Scotland,2023-01-11,1620.9554727257457
Anthony McGill,Scotland,2023-01-18,1671.3956018681067
Anthony McGill,Scotland,2023-01-19,1771.9218214025304
Anthony McGill,Scotland,2023-01-20,1839.1775242087242
Anthony McGill,Scotland,2023-02-02,1713.014137867869
Anthony McGill,Scotland,2023-02-09,1732.8440396356852
Anthony McGill,Scotland,2023-02-09,1807.7806924308973
Anthony McGill,Scotland,2023-02-09,1873.9361797576835
Anthony McGill,Scotland,2023-02-09,1827.803771350187
Anthony McGill,Scotland,2023-02-10,1795.1628191455027
Anthony McGill,Scotland,2023-02-10,1811.822345661559
Anthony McGill,Scotland,2023-02-14,1877.117427190504
Anthony McGill,Scotland,2023-02-16,1855.545473974697
Anthony McGill,Scotland,2023-03-16,1899.0907879333301
Anthony McGill,Scotland,2023-03-20,1799.2169905025476
Anthony McGill,Scotland,2023-04-08,1823.2964398176964
Anthony McGill,Scotland,2023-04-11,1855.5540729026454
Anthony McGill,Scotland,2023-04-19,2029.5140270193879
Anthony McGill,Scotland,2023-04-24,2042.6121472724578
Anthony McGill,Scotland,2023-04-26,2020.5195631864917
Anthony McGill,Scotland,2023-07-26,1909.3920112217265
Anthony McGill,Scotland,2023-09-03,1906.988836766925
Anthony McGill,Scotland,2023-09-07,1875.4846977108211
Anthony McGill,Scotland,2023-09-19,1857.81674412761
Anthony McGill,Scotland,2023-09-25,1804.9499965376194
Anthony McGill,Scotland,2023-10-04,1730.313010176179
Anthony McGill,Scotland,2023-10-22,1750.389737615932
Anthony McGill,Scotland,2023-10-24,1723.5135889279
Anthony McGill,Scotland,2023-10-26,1638.0910740249572
Anthony McGill,Scotland,2023-10-30,1612.4131862798797
Anthony McGill,Scotland,2023-11-06,1708.1999164982713
Anthony McGill,Scotland,2023-11-07,1858.6688187870561
Anthony McGill,Scotland,2023-11-08,1894.5640297214718
Anthony McGill,Scotland,2023-11-21,1886.2036800015755
Anthony McGill,Scotland,2023-11-22,1919.0753720711548
Anthony McGill,Scotland,2023-11-28,1931.8708707771902
Anthony McGill,Scotland,2023-12-11,1913.5088763482518
Anthony McGill,Scotland,2023-12-13,1943.0365812132136
Anthony McGill,Scotland,2023-12-14,1842.4882695818665
Anthony McGill,Scotland,2024-01-24,1717.5025104065753
Anthony McGill,Scotland,2024-01-25,1764.0768048965579
Anthony McGill,Scotland,2024-02-13,1803.0837332939216
Anthony McGill,Scotland,2024-02-14,1870.6822405832124
Anthony McGill,Scotland,2024-02-15,1936.7472669906088
Anthony McGill,Scotland,2024-02-16,1875.9535002460884
Anthony McGill,Scotland,2024-04-13,1736.7702452067451
Anthony McGill,Scotland,2024-07-27,1764.9106869361572
Anthony McGill,Scotland,2024-07-28,1760.3051222340303
Anthony McGill,Scotland,2024-08-03,1687.626479190104
Anthony McGill,Scotland,2024-08-20,1710.5907393158445
Anthony McGill,Scotland,2024-09-01,1637.9026515077862
Anthony McGill,Scotland,2024-09-17,1729.3552000157017
Anthony McGill,Scotland,2024-09-18,1765.635184119451
Anthony McGill,Scotland,2024-09-29,1763.246701311601
Anthony McGill,Scotland,2024-09-30,1834.420187467746
Anthony McGill,Scotland,2024-10-07,1897.8377821720544
Anthony McGill,Scotland,2024-10-08,1954.2299613740593
Anthony McGill,Scotland,2024-10-21,1977.6893562570315
Anthony McGill,Scotland,2024-10-23,2077.9077795986213
Anthony McGill,Scotland,2024-10-29,2097.8385964775484
Anthony McGill,Scotland,2024-11-04,1944.1262065881344
Anthony McGill,Scotland,2024-11-19,2011.7417583878555
Anthony McGill,Scotland,2024-12-04,2010.875941869597
Anthony McGill,Scotland,2024-12-06,1991.292079186688
Anthony McGill,Scotland,2024-12-09,1927.8981555994244
Anthony McGill,Scotland,2024-12-17,1989.1011195335257
Anthony McGill,Scotland,2024-12-21,1949.9639985303315
Anthony McGill,Scotland,2025-01-28,2033.749147086416
Anthony McGill,Scotland,2025-01-29,2153.9514105054623
Anthony McGill,Scotland,2025-01-30,2218.5467102654275
Anthony McGill,Scotland,2025-01-31,2307.210750189405
Anthony McGill,Scotland,2025-02-05,2302.478257807156
Anthony McGill,Scotland,2025-02-24,2162.869842557504
Anthony McGill,Scotland,2025-04-12,2037.0510510425522
Anthony McGill,Scotland,2025-06-24,1925.2247921298874
Anthony McGill,Scotland,2025-06-28,1950.7822076534437
Anthony McGill,Scotland,2025-08-09,1948.6323441128206
Anthony McGill,Scotland,2025-08-10,2083.9340691424436
Anthony McGill,Scotland,2025-08-11,2020.9570034677645
Anthony McGill,Scotland,2025-09-01,2034.9704720709083
Anthony McGill,Scotland,2025-09-07,2043.8553918445743
Anthony McGill,Scotland,2025-09-14,2070.8341664149652
Anthony McGill,Scotland,2025-09-16,2044.9732222205657
Anthony McGill,Scotland,2025-09-23,2152.2100889436497
Anthony McGill,Scotland,2025-09-24,2216.1822139838973
Anthony McGill,Scotland,2025-09-25,2350.353011634779
Anthony McGill,Scotland,2025-09-26,2457.453346782334
Anthony McGill,Scotland,2025-09-27,2643.343568204025
Anthony McGill,Scotland,2025-09-28,2822.27798537041
Anthony McGill,Scotland,2025-09-30,2773.006103068267
Anthony McGill,Scotland,2025-10-15,2816.1785374109318
Anthony McGill,Scotland,2025-10-19,2812.7428662020034
Anthony McGill,Scotland,2025-11-04,2868.0951880800994
Anthony McGill,Scotland,2025-11-05,2792.5370829195776
Anthony McGill,Scotland,2025-11-25,2629.038773753043
Anthony McGill,Scotland,2025-12-11,2628.2163386440297
Anthony McGill,Scotland,2025-12-16,2657.8530550795554
Anthony McGill,Scotland,2025-12-17,2551.565432605687
Anthony McGill,Scotland,2026-01-06,2535.6257815791137
Anthony McGill,Scotland,2026-01-08,2564.428164788734
Anthony McGill,Scotland,2026-01-10,2556.7163129897012
Anthony McGill,Scotland,2026-01-27,2557.972607504076
Anthony McGill,Scotland,2026-02-03,2639.2582469386402
Anthony McGill,Scotland,2026-02-10,2673.1992215494893
Anthony McGill,Scotland,2026-02-23,2752.420082349815
Anthony McGill,Scotland,2026-02-25,2718.814845989847
Jamie Jones,Wales,2022-07-04,1500.0
Jamie Jones,Wales,2022-07-04,1512.992528222204
Jamie Jones,Wales,2022-07-04,1578.693605743503
Jamie Jones,Wales,2022-07-04,1580.7976123781555
Jamie Jones,Wales,2022-07-22,1619.5978669174783
Jamie Jones,Wales,2022-07-26,1685.8899491284064
Jamie Jones,Wales,2022-07-26,1669.4561343398495
Jamie Jones,Wales,2022-07-26,1619.6566203610953
Jamie Jones,Wales,2022-08-12,1607.2685780896277
Jamie Jones,Wales,2022-08-17,1634.5238335439144
Jamie Jones,Wales,2022-08-18,1652.8200350047243
Jamie Jones,Wales,2022-08-19,1677.8531568195565
Jamie Jones,Wales,2022-08-19,1579.6415200939384
Jamie Jones,Wales,2022-08-23,1493.733491403
Jamie Jones,Wales,2022-09-27,1545.5534662667237
Jamie Jones,Wales,2022-09-28,1572.871298707987
Jamie Jones,Wales,2022-09-29,1605.9149901416733
Jamie Jones,Wales,2022-09-30,1571.4378895009706
Jamie Jones,Wales,2022-10-14,1593.5376769526833
Jamie Jones,Wales,2022-10-29,1595.2109079994402
Jamie Jones,Wales,2022-11-08,1581.2118559019352
Jamie Jones,Wales,2022-11-22,1553.2012669931637
Jamie Jones,Wales,2022-11-30,1611.5437343392111
Jamie Jones,Wales,2022-12-01,1628.8205135327019
Jamie Jones,Wales,2022-12-01,1651.2131516971474
Jamie Jones,Wales,2022-12-12,1704.4550288914825
Jamie Jones,Wales,2022-12-14,1782.7768542623496
Jamie Jones,Wales,2022-12-15,1728.164619953098
Jamie Jones,Wales,2022-12-21,1749.0264909197535
Jamie Jones,Wales,2022-12-21,1677.1348729285196
Jamie Jones,Wales,2022-12-21,1626.3188642713937
Jamie Jones,Wales,2022-12-21,1567.2744940707546
Jamie Jones,Wales,2022-12-22,1604.6409267131914
Jamie Jones,Wales,2022-12-22,1660.1495199995095
Jamie Jones,Wales,2023-01-03,1656.878512159765
Jamie Jones,Wales,2023-01-03,1644.2219002530455
Jamie Jones,Wales,2023-01-03,1662.1875376120017
Jamie Jones,Wales,2023-01-04,1593.733437632076
Jamie Jones,Wales,2023-01-04,1708.1930195034668
Jamie Jones,Wales,2023-01-04,1740.171216051917
Jamie Jones,Wales,2023-01-11,1664.539752639366
Jamie Jones,Wales,2023-01-17,1643.4908962409577
Jamie Jones,Wales,2023-01-25,1641.9942786031424
Jamie Jones,Wales,2023-01-27,1625.1021688205356
Jamie Jones,Wales,2023-03-17,1629.3634959695773
Jamie Jones,Wales,2023-03-19,1631.9596444585743
Jamie Jones,Wales,2023-03-20,1575.355547012001
Jamie Jones,Wales,2023-04-10,1585.2562440145573
Jamie Jones,Wales,2023-07-05,1550.0417880939697
Jamie Jones,Wales,2023-07-05,1544.5433017822356
Jamie Jones,Wales,2023-07-05,1577.1316217078702
Jamie Jones,Wales,2023-07-25,1677.0406706906942
Jamie Jones,Wales,2023-08-19,1662.8647476606686
Jamie Jones,Wales,2023-08-22,1627.3998458719936
Jamie Jones,Wales,2023-09-03,1620.803494777687
Jamie Jones,Wales,2023-09-08,1646.9251114224126
Jamie Jones,Wales,2023-09-21,1744.573746784159
Jamie Jones,Wales,2023-09-26,1646.3285260543146
Jamie Jones,Wales,2023-10-04,1599.7123840977404
Jamie Jones,Wales,2023-10-09,1602.4289125097046
Jamie Jones,Wales,2023-10-11,1613.0304885176004
Jamie Jones,Wales,2023-10-19,1600.1035614340408
Jamie Jones,Wales,2023-11-05,1592.2961523964432
Jamie Jones,Wales,2023-11-21,1612.5657901242882
Jamie Jones,Wales,2023-11-22,1599.630150292349
Jamie Jones,Wales,2023-11-27,1723.9381102920697
Jamie Jones,Wales,2023-11-29,1692.1083256973807
Jamie Jones,Wales,2023-12-07,1669.5798201751015
Jamie Jones,Wales,2023-12-11,1791.7010509533088
Jamie Jones,Wales,2023-12-13,1756.7961477077276
Jamie Jones,Wales,2023-12-18,1720.0549545628114
Jamie Jones,Wales,2024-01-15,1772.4549472913684
Jamie Jones,Wales,2024-01-22,1734.3444300396754
Jamie Jones,Wales,2024-02-12,1788.588797335641
Jamie Jones,Wales,2024-03-18,1811.3901146745222
Jamie Jones,Wales,2024-04-15,1795.5998563461148
Jamie Jones,Wales,2024-04-17,2087.23151845478
Jamie Jones,Wales,2024-04-25,2115.549396745012
Jamie Jones,Wales,2024-06-15,2077.8941360319595
Jamie Jones,Wales,2024-06-15,2065.1806584599153
Jamie Jones,Wales,2024-06-15,2073.7900125370134
Jamie Jones,Wales,2024-06-28,1991.1414109150703
Jamie Jones,Wales,2024-06-28,1974.9026189092176
Jamie Jones,Wales,2024-06-28,1933.492356133583
Jamie Jones,Wales,2024-07-25,1920.2364806204941
Jamie Jones,Wales,2024-07-28,1861.2598665815292
Jamie Jones,Wales,2024-08-02,1866.3253941250343
Jamie Jones,Wales,2024-08-20,1923.0117252118098
Jamie Jones,Wales,2024-09-01,1897.7932030900647
Jamie Jones,Wales,2024-09-14,1893.05985221077
Jamie Jones,Wales,2024-09-17,1905.4259837803954
Jamie Jones,Wales,2024-09-18,1829.7868179687
Jamie Jones,Wales,2024-09-29,1815.5674334947669
Jamie Jones,Wales,2024-10-30,1871.5199774180269
Jamie Jones,Wales,2024-11-17,1801.6714519940679
Jamie Jones,Wales,2024-12-05,1836.0506180587486
Jamie Jones,Wales,2024-12-06,1847.2550890241312
Jamie Jones,Wales,2024-12-07,1844.023678642069
Jamie Jones,Wales,2024-12-09,1836.7921538725643
Jamie Jones,Wales,2024-12-19,1700.836051044786
Jamie Jones,Wales,2024-12-21,1712.2184432788063
Jamie Jones,Wales,2025-02-05,1748.9345798907043
Jamie Jones,Wales,2025-02-10,1876.7346335740767
Jamie Jones,Wales,2025-02-12,1985.6838632588353
Jamie Jones,Wales,2025-02-13,1976.6185872831893
Jamie Jones,Wales,2025-02-24,2030.0977038636938
Jamie Jones,Wales,2025-04-11,1992.3863107327707
Jamie Jones,Wales,2025-04-14,2177.3740789482954
Jamie Jones,Wales,2025-04-16,2092.258808846731
Jamie Jones,Wales,2025-06-22,2077.0373639157215
Jamie Jones,Wales,2025-06-25,2082.5237419634173
Jamie Jones,Wales,2025-06-30,2040.8557508053855
Jamie Jones,Wales,2025-06-30,2042.4636927273068
Jamie Jones,Wales,2025-06-30,2004.1912992482992
Jamie Jones,Wales,2025-08-09,1997.6244640469806
Jamie Jones,Wales,2025-08-10,2059.5851811502457
Jamie Jones,Wales,2025-08-11,1974.770261183705
Jamie Jones,Wales,2025-08-24,2112.4882003162766
Jamie Jones,Wales,2025-09-02,2097.2787841189383
Jamie Jones,Wales,2025-09-06,2075.3580795127623
Jamie Jones,Wales,2025-09-14,2089.2422781079945
Jamie Jones,Wales,2025-09-16,2107.1910318630867
Jamie Jones,Wales,2025-10-02,2083.9137012848864
Jamie Jones,Wales,2025-10-15,2020.7009403518853
Jamie Jones,Wales,2025-11-24,2116.549502198606
Jamie Jones,Wales,2025-11-25,2111.4761409690755
Jamie Jones,Wales,2025-12-11,2088.866241760853
Jamie Jones,Wales,2026-01-07,2127.1390246608635
Jamie Jones,Wales,2026-01-10,2052.1543660172006
Jamie Jones,Wales,2026-01-27,2067.158759503567
Jamie Jones,Wales,2026-02-10,1991.8276026805208
Zhou Yuelong,China,2022-07-12,1500.0
Zhou Yuelong,China,2022-07-12,1512.992528222204
Zhou Yuelong,China,2022-07-13,1525.0139184331113
Zhou Yuelong,China,2022-07-13,1610.139368641051
Zhou Yuelong,China,2022-07-22,1640.8476581686589
Zhou Yuelong,China,2022-08-12,1672.4103294407155
Zhou Yuelong,China,2022-08-16,1720.944059637855
Zhou Yuelong,China,2022-08-18,1702.2059754324919
Zhou Yuelong,China,2022-08-19,1564.3571776878239
Zhou Yuelong,China,2022-09-27,1517.7611230238488
Zhou Yuelong,China,2022-10-13,1527.9566226530821
Zhou Yuelong,China,2022-10-17,1522.552215738421
Zhou Yuelong,China,2022-10-19,1562.1785284713922
Zhou Yuelong,China,2022-10-20,1603.5482434699916
Zhou Yuelong,China,2022-10-20,1624.5465257120572
Zhou Yuelong,China,2022-10-21,1674.5272259624842
Zhou Yuelong,China,2022-10-22,1780.927994145483
Zhou Yuelong,China,2022-10-23,1710.2787756392968
Zhou Yuelong,China,2022-10-30,1665.4027688425435
Zhou Yuelong,China,2022-11-08,1750.2749979705234
Zhou Yuelong,China,2022-11-09,1813.3463226466883
Zhou Yuelong,China,2022-11-14,1865.0331312560245
Zhou Yuelong,China,2022-11-16,1764.6547510808375
Zhou Yuelong,China,2022-11-23,1657.1203805243324
Zhou Yuelong,China,2022-11-29,1725.2674076316616
Zhou Yuelong,China,2022-11-30,1799.88540335423
Zhou Yuelong,China,2022-12-01,1785.8828842596204
Zhou Yuelong,China,2023-01-13,1673.3007855758094
Zhou Yuelong,China,2023-01-16,1730.2129107298645
Zhou Yuelong,China,2023-01-18,1732.8430399714077
Zhou Yuelong,China,2023-01-26,1759.0786859350035
Zhou Yuelong,China,2023-01-27,1761.3310901404748
Zhou Yuelong,China,2023-01-28,1769.0216124775354
Zhou Yuelong,China,2023-01-28,1746.1446689284433
Zhou Yuelong,China,2023-02-09,1793.5012541242108
Zhou Yuelong,China,2023-02-09,1875.6307521068309
Zhou Yuelong,China,2023-02-09,1952.8535816130693
Zhou Yuelong,China,2023-02-09,1871.2983732898708
Zhou Yuelong,China,2023-02-10,1907.454704377844
Zhou Yuelong,China,2023-02-10,1844.413131036775
Zhou Yuelong,China,2023-02-11,1855.8042618496959
Zhou Yuelong,China,2023-02-11,1844.0946174052083
Zhou Yuelong,China,2023-02-21,1786.1569138221607
Zhou Yuelong,China,2023-02-27,1879.9623808219412
Zhou Yuelong,China,2023-02-27,1894.5343124177314
Zhou Yuelong,China,2023-02-27,1844.430757740168
Zhou Yuelong,China,2023-02-28,1860.4125972196207
Zhou Yuelong,China,2023-02-28,1804.211226617233
Zhou Yuelong,China,2023-02-28,1777.129877177335
Zhou Yuelong,China,2023-03-17,1805.331716979034
Zhou Yuelong,China,2023-03-19,1835.3827042156192
Zhou Yuelong,China,2023-03-20,1826.7736629839455
Zhou Yuelong,China,2023-04-10,1850.273592823196
Zhou Yuelong,China,2023-04-12,1651.7840187639556
Zhou Yuelong,China,2023-07-05,1703.8188123778878
Zhou Yuelong,China,2023-07-05,1727.1052563122819
Zhou Yuelong,China,2023-07-05,1636.9280704956288
Zhou Yuelong,China,2023-07-19,1645.5701903129054
Zhou Yuelong,China,2023-07-19,1649.4330631984951
Zhou Yuelong,China,2023-07-19,1599.246512493715
Zhou Yuelong,China,2023-07-26,1668.804672971358
Zhou Yuelong,China,2023-08-15,1642.8825874124298
Zhou Yuelong,China,2023-08-22,1654.9915490708763
Zhou Yuelong,China,2023-08-23,1698.9060792811345
Zhou Yuelong,China,2023-09-06,1688.3234302914327
Zhou Yuelong,China,2023-09-11,1721.4160612681762
Zhou Yuelong,China,2023-10-04,1700.524579488655
Zhou Yuelong,China,2023-10-05,1746.4247698147415
Zhou Yuelong,China,2023-10-05,1829.7574510979382
Zhou Yuelong,China,2023-10-06,1891.8485412270027
Zhou Yuelong,China,2023-10-09,1952.5543922711383
Zhou Yuelong,China,2023-10-10,2018.276401741581
Zhou Yuelong,China,2023-10-11,1982.2777212995832
Zhou Yuelong,China,2023-10-20,1954.4194364105306
Zhou Yuelong,China,2023-10-30,2000.7682833755446
Zhou Yuelong,China,2023-11-05,1982.6753461529572
Zhou Yuelong,China,2023-11-06,2036.8307054836157
Zhou Yuelong,China,2023-11-07,1901.7383845432842
Zhou Yuelong,China,2023-11-21,1909.7306991036105
Zhou Yuelong,China,2023-11-23,1910.908016697583
Zhou Yuelong,China,2023-11-28,2003.0631084727715
Zhou Yuelong,China,2023-11-30,2077.3321316385855
Zhou Yuelong,China,2023-12-01,2146.4975226803444
Zhou Yuelong,China,2023-12-06,2141.989227332853
Zhou Yuelong,China,2023-12-08,2138.9798277130226
Zhou Yuelong,China,2023-12-09,2114.2868695049106
Zhou Yuelong,China,2023-12-14,2108.9707102313814
Zhou Yuelong,China,2023-12-14,2131.538561030897
Zhou Yuelong,China,2023-12-15,2179.719387742436
Zhou Yuelong,China,2023-12-16,2185.0193363241933
Zhou Yuelong,China,2023-12-21,2205.5317155260814
Zhou Yuelong,China,2024-01-16,2230.256400073062
Zhou Yuelong,China,2024-01-18,2323.7189806658594
Zhou Yuelong,China,2024-01-22,2309.2767544851417
Zhou Yuelong,China,2024-01-26,2181.3165318798824
Zhou Yuelong,China,2024-01-30,2242.2495283924027
Zhou Yuelong,China,2024-01-31,2227.701780356718
Zhou Yuelong,China,2024-02-20,2264.9121066563775
Zhou Yuelong,China,2024-03-19,2154.571072167844
Zhou Yuelong,China,2024-04-14,2150.684816589977
Zhou Yuelong,China,2024-04-16,1962.3913329321654
Zhou Yuelong,China,2024-06-26,1906.2429020209597
Zhou Yuelong,China,2024-06-26,1886.0363524067823
Zhou Yuelong,China,2024-06-26,1827.364149200234
Zhou Yuelong,China,2024-07-15,1968.8731821308775
Zhou Yuelong,China,2024-07-17,2137.377025565954
Zhou Yuelong,China,2024-07-18,2121.2722651140193
Zhou Yuelong,China,2024-07-27,2107.20150653836
Zhou Yuelong,China,2024-07-30,1980.10839641202
Zhou Yuelong,China,2024-08-01,2035.3539206230673
Zhou Yuelong,China,2024-08-20,1980.7001256800047
Zhou Yuelong,China,2024-09-01,1995.0155692681096
Zhou Yuelong,China,2024-09-02,1965.0527038915607
Zhou Yuelong,China,2024-09-17,1864.116986745371
Zhou Yuelong,China,2024-09-24,1785.7134896480607
Zhou Yuelong,China,2024-10-01,1848.0643092556393
Zhou Yuelong,China,2024-10-20,1870.1073209559827
Zhou Yuelong,China,2024-10-22,1919.428830025802
Zhou Yuelong,China,2024-11-19,1984.0119901882545
Zhou Yuelong,China,2024-11-21,1979.7397591070576
Zhou Yuelong,China,2024-12-04,1980.4604971683823
Zhou Yuelong,China,2024-12-06,2012.755422386368
Zhou Yuelong,China,2024-12-07,1989.2768895531105
Zhou Yuelong,China,2024-12-10,2094.9192956747456
Zhou Yuelong,China,2024-12-11,2062.758006237659
Zhou Yuelong,China,2024-12-21,2065.5549208099787
Zhou Yuelong,China,2025-01-24,2059.4655127444257
Zhou Yuelong,China,2025-01-24,2085.9381719076346
Zhou Yuelong,China,2025-01-25,2127.8686407168716
Zhou Yuelong,China,2025-01-25,2247.8989896617363
Zhou Yuelong,China,2025-01-25,2229.2384189333566
Zhou Yuelong,China,2025-01-27,2223.81827907556
Zhou Yuelong,China,2025-01-29,2284.2477213535713
Zhou Yuelong,China,2025-02-10,2240.9600694818228
Zhou Yuelong,China,2025-02-23,2276.863214990161
Zhou Yuelong,China,2025-02-25,2459.483833952817
Zhou Yuelong,China,2025-02-26,2488.2704705714737
Zhou Yuelong,China,2025-04-12,2461.760042086536
Zhou Yuelong,China,2025-04-15,2480.546909821905
Zhou Yuelong,China,2025-04-23,2539.9770876379835
Zhou Yuelong,China,2025-06-22,2573.923223087495
Zhou Yuelong,China,2025-06-27,2545.83265370541
Zhou Yuelong,China,2025-07-14,2551.002957487929
Zhou Yuelong,China,2025-07-14,2488.480801846659
Zhou Yuelong,China,2025-07-14,2422.7879398163486
Zhou Yuelong,China,2025-08-10,2420.5925368957437
Zhou Yuelong,China,2025-08-11,2357.3994304872863
Zhou Yuelong,China,2025-08-24,2375.2603280826916
Zhou Yuelong,China,2025-08-26,2325.2137788762684
Zhou Yuelong,China,2025-09-02,2389.55420041704
Zhou Yuelong,China,2025-09-15,2377.2194087367075
Zhou Yuelong,China,2025-09-17,2533.137551509981
Zhou Yuelong,China,2025-09-18,2642.1312190118047
Zhou Yuelong,China,2025-09-19,2749.631573521561
Zhou Yuelong,China,2025-09-20,2871.035355266967
Zhou Yuelong,China,2025-09-21,2858.502934449037
Zhou Yuelong,China,2025-10-07,2892.730817968186
Zhou Yuelong,China,2025-10-09,2899.562840711796
Zhou Yuelong,China,2025-10-20,2892.1039281883423
Zhou Yuelong,China,2025-10-22,2884.5238452909966
Zhou Yuelong,China,2025-10-24,2870.3538407034935
Zhou Yuelong,China,2025-10-25,2748.8078905884795
Zhou Yuelong,China,2025-11-02,2724.622062899938
Zhou Yuelong,China,2025-11-03,2677.7940827357324
Zhou Yuelong,China,2025-11-25,2660.103727813708
Zhou Yuelong,China,2025-11-26,2661.380861677849
Zhou Yuelong,China,2025-12-02,2781.991310803963
Zhou Yuelong,China,2025-12-03,2816.2347132460345
Zhou Yuelong,China,2025-12-10,2809.2461295135245
Zhou Yuelong,China,2025-12-12,2803.6220947497964
Zhou Yuelong,China,2025-12-13,2776.020935319267
Zhou Yuelong,China,2025-12-16,2768.947231586267
Zhou Yuelong,China,2025-12-17,2835.2559431547324
Zhou Yuelong,China,2025-12-18,2869.299326388037
Zhou Yuelong,China,2025-12-19,2840.926128754254
Zhou Yuelong,China,2026-01-08,2877.3275957944074
Zhou Yuelong,China,2026-01-28,2933.6837974563587
Zhou Yuelong,China,2026-02-03,2936.1770099313985
Zhou Yuelong,China,2026-02-05,3015.182629458147
Zhou Yuelong,China,2026-02-06,3030.7827908837526
Zhou Yuelong,China,2026-02-07,3113.876305596613
Zhou Yuelong,China,2026-02-11,3122.921472041085
Zhou Yuelong,China,2026-02-18,3017.964251675479
Zhou Yuelong,China,2026-02-24,3035.140277683217
Zhou Yuelong,China,2026-02-25,3111.0732757779756
Zhou Yuelong,China,2026-02-26,3106.8852627512383
Zhou Yuelong,China,2026-02-27,3036.82813274748
Omar Alajlani,Saudi Arabia,2024-03-04,1500.0
Omar Alajlani,Saudi Arabia,2024-03-04,1488.2779556324608
Omar Alajlani,Saudi Arabia,2024-08-30,1400.453901287076
Omar Alajlani,Saudi Arabia,2025-08-08,1330.7803131749547
Yao Pengcheng,China,2025-06-22,1500.0
Yao Pengcheng,China,2025-06-22,1489.6052523547874
Yao Pengcheng,China,2025-06-27,1470.6368827988358
Yao Pengcheng,China,2025-06-30,1522.4084477337856
Yao Pengcheng,China,2025-06-30,1538.988348372241
Yao Pengcheng,China,2025-06-30,1531.0889778888825
Yao Pengcheng,China,2025-07-22,1521.1020874815133
Yao Pengcheng,China,2025-07-22,1563.5419198516402
Yao Pengcheng,China,2025-07-22,1522.7158131658894
Yao Pengcheng,China,2025-08-09,1535.6259224477383
Yao Pengcheng,China,2025-09-01,1687.7529308804947
Yao Pengcheng,China,2025-09-04,1683.4447196892597
Yao Pengcheng,China,2025-09-06,1759.8481557684772
Yao Pengcheng,China,2025-09-12,1831.3088879562947
Yao Pengcheng,China,2025-09-14,1843.659866285074
Yao Pengcheng,China,2025-10-01,1860.190557936646
Yao Pengcheng,China,2025-10-08,1879.4409107679016
Yao Pengcheng,China,2025-10-14,1943.8186593356554
Yao Pengcheng,China,2025-10-15,1950.5493807758655
Yao Pengcheng,China,2025-11-23,1953.0445683578216
Yao Pengcheng,China,2025-11-24,1938.6003064265383
Yao Pengcheng,China,2025-12-10,1913.6738782272794
Yao Pengcheng,China,2026-01-05,1885.6638487096452
Yao Pengcheng,China,2026-01-09,1861.033153859536
Yao Pengcheng,China,2026-02-10,1944.1656758417655
Huang Jiahao,China,2024-06-24,1500.0
Huang Jiahao,China,2024-06-24,1492.1461040902382
Huang Jiahao,China,2024-06-24,1471.280275894069
Huang Jiahao,China,2024-06-24,1472.4299806213362
Huang Jiahao,China,2024-07-27,1401.8636020636202
Huang Jiahao,China,2024-07-28,1379.7314226126696
Huang Jiahao,China,2024-08-02,1403.205500136497
Huang Jiahao,China,2024-08-30,1373.10102766049
Huang Jiahao,China,2024-08-31,1343.526239426413
Huang Jiahao,China,2024-09-13,1267.913669739504
Huang Jiahao,China,2024-09-28,1344.3776002321672
Huang Jiahao,China,2024-10-02,1287.4838304662496
Huang Jiahao,China,2024-10-28,1341.2698641919624
Huang Jiahao,China,2024-10-29,1357.9753228041882
Huang Jiahao,China,2024-11-16,1321.7430340797962
Huang Jiahao,China,2024-12-04,1333.9060693848157
Huang Jiahao,China,2024-12-06,1350.0415498994987
Huang Jiahao,China,2024-12-07,1397.6479376967552
Huang Jiahao,China,2024-12-07,1413.7450910754299
Huang Jiahao,China,2024-12-07,1405.6612539934672
Huang Jiahao,China,2024-12-16,1402.9734031920784
Huang Jiahao,China,2024-12-21,1372.0985547713833
Huang Jiahao,China,2025-04-07,1333.7744731384696
Huang Jiahao,China,2025-04-10,1449.290776154868
Huang Jiahao,China,2025-06-22,1495.1060376732282
Huang Jiahao,China,2025-06-27,1549.6706373487257
Huang Jiahao,China,2025-07-07,1568.0321255039878
Huang Jiahao,China,2025-07-07,1580.8736806356062
Huang Jiahao,China,2025-07-07,1515.6302206789983
Huang Jiahao,China,2025-08-08,1540.9838002502727
Huang Jiahao,China,2025-08-09,1587.224289117331
Huang Jiahao,China,2025-08-10,1594.8663629153295
Huang Jiahao,China,2025-09-02,1711.5536544717825
Huang Jiahao,China,2025-09-05,1722.4259654765526
Huang Jiahao,China,2025-09-07,1709.1358532474298
Huang Jiahao,China,2025-09-11,1757.4473663363513
Huang Jiahao,China,2025-09-13,1718.4743338825429
Huang Jiahao,China,2025-10-01,1828.9690679018404
Huang Jiahao,China,2025-10-07,1839.3512412960372
Huang Jiahao,China,2025-10-14,1811.33384342327
Huang Jiahao,China,2025-10-15,1764.279721184107
Huang Jiahao,China,2025-11-03,1926.5904733079083
Huang Jiahao,China,2025-11-22,1904.8321003856545
Huang Jiahao,China,2025-11-23,1880.141619553345
Huang Jiahao,China,2025-12-11,1856.97754684398
Huang Jiahao,China,2026-01-05,1821.138399732583
Huang Jiahao,China,2026-01-07,1804.7408062471216
Huang Jiahao,China,2026-01-09,1846.7127383000575
Huang Jiahao,China,2026-01-10,1861.8959383649858
Huang Jiahao,China,2026-02-11,1888.787594114268
Connor Benzey,England,2024-06-11,1500.0
Connor Benzey,England,2024-06-11,1544.1575168592935
Connor Benzey,England,2024-06-11,1545.423741528249
Connor Benzey,England,2024-06-11,1555.33913698266
Connor Benzey,England,2025-06-24,1551.9135782614958
Connor Benzey,England,2025-06-27,1546.109395304746
Connor Benzey,England,2025-07-10,1538.0480559709185
Connor Benzey,England,2025-07-10,1541.1313594250441
Connor Benzey,England,2025-07-10,1560.860686511951
Connor Benzey,England,2025-08-08,1602.1904134347212
Connor Benzey,England,2025-08-09,1521.817715594783
Connor Benzey,England,2025-09-02,1509.2566917269853
Connor Benzey,England,2025-09-04,1409.890801448706
Connor Benzey,England,2025-09-11,1392.8027948278473
Connor Benzey,England,2025-10-01,1423.3965624288558
Connor Benzey,England,2025-10-16,1395.243046464103
Connor Benzey,England,2025-11-22,1353.7248256064413
Connor Benzey,England,2025-11-23,1345.2489545502392
Connor Benzey,England,2025-12-11,1358.6287638562183
Connor Benzey,England,2025-12-12,1354.0307913749232
Connor Benzey,England,2026-01-06,1332.169195869479
Connor Benzey,England,2026-01-09,1298.8681556385693
Connor Benzey,England,2026-02-12,1416.25403333681
Haris Tahir,Pakistan,2024-07-28,1500.0
Haris Tahir,Pakistan,2024-07-28,1591.1180738196292
Haris Tahir,Pakistan,2024-08-03,1568.326209000015
Haris Tahir,Pakistan,2024-08-19,1603.5473834643797
Haris Tahir,Pakistan,2024-08-30,1557.3381543153687
Haris Tahir,Pakistan,2024-09-13,1529.8251521277805
Haris Tahir,Pakistan,2024-09-24,1545.390723271989
Haris Tahir,Pakistan,2024-09-25,1602.1995027103942
Haris Tahir,Pakistan,2024-09-28,1628.3303769271545
Haris Tahir,Pakistan,2024-09-29,1622.585122977116
Haris Tahir,Pakistan,2024-09-30,1604.5877393583544
Haris Tahir,Pakistan,2024-10-06,1622.8595680539809
Haris Tahir,Pakistan,2024-10-29,1612.1588488381615
Haris Tahir,Pakistan,2024-10-30,1548.9109335926205
Haris Tahir,Pakistan,2024-11-16,1528.9030197322272
Haris Tahir,Pakistan,2024-11-17,1597.034554924495
Haris Tahir,Pakistan,2024-12-04,1586.540091835429
Haris Tahir,Pakistan,2024-12-16,1580.8738379546562
Haris Tahir,Pakistan,2024-12-20,1567.200770086543
Haris Tahir,Pakistan,2025-02-04,1573.3976927046442
Haris Tahir,Pakistan,2025-04-07,1537.0465413700229
Haris Tahir,Pakistan,2025-04-10,1466.3150914274208
Haris Tahir,Pakistan,2025-06-25,1535.2631393029237
Haris Tahir,Pakistan,2025-07-14,1550.3779887067324
Haris Tahir,Pakistan,2025-07-14,1571.0942705135794
Haris Tahir,Pakistan,2025-07-14,1569.272409728251
Haris Tahir,Pakistan,2025-08-09,1470.569361311127
Haris Tahir,Pakistan,2025-08-24,1452.2106080962537
Haris Tahir,Pakistan,2025-09-04,1486.2037496747596
Haris Tahir,Pakistan,2025-09-06,1521.4025898445198
Haris Tahir,Pakistan,2025-09-11,1556.8768525932437
Haris Tahir,Pakistan,2025-09-13,1634.2002395980896
Haris Tahir,Pakistan,2025-09-23,1657.175008746071
Haris Tahir,Pakistan,2025-10-01,1706.5797864016486
Haris Tahir,Pakistan,2025-10-07,1728.3428421426001
Haris Tahir,Pakistan,2025-10-14,1682.6869085274577
Haris Tahir,Pakistan,2025-10-19,1670.634407616748
Haris Tahir,Pakistan,2025-11-23,1656.5990452455403
Haris Tahir,Pakistan,2025-11-24,1719.1038087075187
Haris Tahir,Pakistan,2025-12-11,1715.4689980326548
Haris Tahir,Pakistan,2026-01-06,1676.3842655813078
Haris Tahir,Pakistan,2026-01-09,1677.4026085681771
Haris Tahir,Pakistan,2026-01-10,1736.057588185606
Haris Tahir,Pakistan,2026-02-11,1703.9209526562654
Abdullah Alotayyani,Saudi Arabia,2024-08-30,1500.0
Abdullah Alotayyani,Saudi Arabia,2024-08-30,1439.7838912860918
Abdullah Alotayyani,Saudi Arabia,2025-08-09,1409.7866378566082
Umut Dikme,Germany,2023-11-18,1500.0
Umut Dikme,Germany,2023-11-18,1315.8171283533713
Umut Dikme,Germany,2024-06-18,1301.1822509118858
Umut Dikme,Germany,2024-06-18,1307.2448563154494
Umut Dikme,Germany,2024-06-18,1338.0938340299213
Umut Dikme,Germany,2025-06-26,1379.9125688412776
Umut Dikme,Germany,2025-07-01,1398.1111259487855
Umut Dikme,Germany,2025-07-01,1474.8365694784006
Umut Dikme,Germany,2025-07-01,1508.4170087646621
Umut Dikme,Germany,2025-08-08,1484.3459792379197
Umut Dikme,Germany,2025-08-09,1472.2181977294986
Umut Dikme,Germany,2025-08-24,1513.3585074795449
Umut Dikme,Germany,2025-09-02,1498.1107895760358
Umut Dikme,Germany,2025-09-05,1533.4922558942114
Umut Dikme,Germany,2025-09-12,1569.0202845862339
Umut Dikme,Germany,2025-09-23,1639.364896461163
Umut Dikme,Germany,2025-09-30,1684.4325388639154
Umut Dikme,Germany,2025-10-14,1629.2044258571682
Umut Dikme,Germany,2025-11-22,1674.597963051898
Umut Dikme,Germany,2025-12-10,1669.1708442562253
Umut Dikme,Germany,2026-01-06,1678.7443740840777
Umut Dikme,Germany,2026-01-09,1708.6628449202049
Umut Dikme,Germany,2026-02-10,1678.8683321844956
Ali Al Obaidly,Qatar,2024-03-04,1500.0
Ali Al Obaidly,Qatar,2024-03-04,1485.803334604334
Ali Al Obaidly,Qatar,2024-08-30,1412.444811392334
Yulu Bai,China,2023-09-12,1500.0
Yulu Bai,China,2023-09-12,1451.5611550999533
Yulu Bai,China,2023-10-09,1447.2419534757348
Yulu Bai,China,2023-11-05,1294.9376892063558
Yulu Bai,China,2024-04-08,1231.700029725144
Yulu Bai,China,2024-07-26,1235.1642237003914
Yulu Bai,China,2024-07-30,1251.7903116181392
Yulu Bai,China,2024-08-03,1236.0071148915476
Yulu Bai,China,2024-08-30,1221.276499338509
Yulu Bai,China,2024-09-12,1150.093507668103
Yulu Bai,China,2024-09-29,1111.2511011625575
Yulu Bai,China,2024-10-02,1153.2609051558115
Yulu Bai,China,2024-10-29,1159.4886974371777
Yulu Bai,China,2024-11-12,1204.1905676400618
Yulu Bai,China,2024-11-16,1276.2467111855033
Yulu Bai,China,2024-11-17,1403.0181272274097
Yulu Bai,China,2024-11-19,1482.34348479727
Yulu Bai,China,2024-11-20,1490.9758692433575
Yulu Bai,China,2024-12-05,1506.5944007719727
Yulu Bai,China,2024-12-06,1503.137788200109
Yulu Bai,China,2024-12-16,1516.3631297140444
Yulu Bai,China,2024-12-17,1530.0481409614886
Yulu Bai,China,2024-12-21,1477.0451253476092
Yulu Bai,China,2025-04-09,1290.1762154534902
Yulu Bai,China,2025-06-23,1330.660599056528
Yulu Bai,China,2025-06-27,1417.7402411384585
Yulu Bai,China,2025-07-07,1480.0227082322451
Yulu Bai,China,2025-07-07,1495.1436197893881
Yulu Bai,China,2025-07-07,1482.8054577456041
Yulu Bai,China,2025-09-03,1546.2719570228855
Yulu Bai,China,2025-09-04,1563.9190247388444
Yulu Bai,China,2025-09-12,1637.502591435907
Yulu Bai,China,2025-09-14,1643.4789108094308
Yulu Bai,China,2025-09-23,1719.3286656029381
Yulu Bai,China,2025-10-16,1724.4090436315064
Yulu Bai,China,2025-10-17,1683.9179006266365
Yulu Bai,China,2025-11-02,1618.650483497823
Yulu Bai,China,2025-11-10,1640.1270160500976
Yulu Bai,China,2025-11-22,1627.2174708275777
Yulu Bai,China,2025-11-23,1660.5514668670971
Yulu Bai,China,2025-12-11,1665.1708830412958
Yulu Bai,China,2025-12-12,1644.3924025232936
Yulu Bai,China,2026-01-06,1666.5696255884702
Yulu Bai,China,2026-01-09,1671.0815648415053
Yulu Bai,China,2026-02-12,1713.6199853503679
Andrew Pagett,Wales,2022-07-11,1500.0
Andrew Pagett,Wales,2022-07-11,1442.7966173946586
Andrew Pagett,Wales,2022-07-11,1481.793570052692
Andrew Pagett,Wales,2022-07-11,1448.757528568167
Andrew Pagett,Wales,2022-07-24,1457.1246076263647
Andrew Pagett,Wales,2022-08-14,1477.2316293791353
Andrew Pagett,Wales,2022-08-24,1400.6908149429903
Andrew Pagett,Wales,2022-11-06,1298.5520757299676
Andrew Pagett,Wales,2022-11-25,1246.549568921267
Andrew Pagett,Wales,2022-11-28,1198.7958785766327
Andrew Pagett,Wales,2022-12-12,1175.5028479722152
Andrew Pagett,Wales,2023-01-11,1151.3050545681185
Andrew Pagett,Wales,2023-01-25,1138.8177472572409
Andrew Pagett,Wales,2023-03-18,1231.8745268886773
Andrew Pagett,Wales,2023-03-20,1220.5797227768116
Andrew Pagett,Wales,2023-04-05,1378.9858174551487
Andrew Pagett,Wales,2023-04-07,1331.5515708693229
Andrew Pagett,Wales,2023-04-10,1373.3622230026888
Andrew Pagett,Wales,2023-07-12,1345.1476888770692
Andrew Pagett,Wales,2023-07-12,1339.0907966735235
Andrew Pagett,Wales,2023-07-12,1289.6376638069648
Andrew Pagett,Wales,2023-07-26,1224.4702191286913
Andrew Pagett,Wales,2023-08-16,1261.6529662146688
Andrew Pagett,Wales,2023-09-05,1296.3436496165418
Andrew Pagett,Wales,2023-09-18,1278.9975834663912
Andrew Pagett,Wales,2023-10-02,1273.2226941856857
Andrew Pagett,Wales,2023-10-17,1266.9695462337527
Andrew Pagett,Wales,2023-10-31,1269.4212574359367
Andrew Pagett,Wales,2023-11-18,1158.4337676383218
Andrew Pagett,Wales,2023-12-06,1145.6320165707066
Andrew Pagett,Wales,2023-12-22,1155.7494414166642
Andrew Pagett,Wales,2024-01-24,1093.8837942728783
Andrew Pagett,Wales,2024-01-25,1099.6555132013766
Andrew Pagett,Wales,2024-01-30,1255.2798566855295
Andrew Pagett,Wales,2024-01-31,1280.3811368089614
Andrew Pagett,Wales,2024-02-14,1319.4642921291431
Andrew Pagett,Wales,2024-04-08,1317.6989152434692
Andrew Pagett,Wales,2024-04-11,1285.4412067501914
Andrew Pagett,Wales,2024-06-27,1324.0449369981084
Andrew Pagett,Wales,2024-06-27,1349.4702665224893
Andrew Pagett,Wales,2024-06-27,1417.869738057338
Andrew Pagett,Wales,2024-07-27,1464.223146089286
Andrew Pagett,Wales,2024-07-30,1546.8350202020295
Andrew Pagett,Wales,2024-08-01,1560.463988017871
Andrew Pagett,Wales,2024-08-30,1558.8343065194638
Andrew Pagett,Wales,2024-08-31,1590.7136775682568
Andrew Pagett,Wales,2024-09-01,1669.559693825153
Andrew Pagett,Wales,2024-09-12,1672.925472725467
Andrew Pagett,Wales,2024-09-14,1718.0614568587587
Andrew Pagett,Wales,2024-09-16,1718.944077437681
Andrew Pagett,Wales,2024-09-28,1635.064401915238
Andrew Pagett,Wales,2024-10-07,1616.6910378655439
Andrew Pagett,Wales,2024-10-28,1630.6868714226657
Andrew Pagett,Wales,2024-10-29,1615.312564237323
Andrew Pagett,Wales,2024-11-03,1689.7446590283284
Andrew Pagett,Wales,2024-11-16,1576.2712602117451
Andrew Pagett,Wales,2024-12-04,1567.7195811615845
Andrew Pagett,Wales,2025-02-05,1538.6612135279613
Andrew Pagett,Wales,2025-02-06,1557.8271956050532
Andrew Pagett,Wales,2025-04-08,1406.0724163626194
Andrew Pagett,Wales,2025-07-16,1450.4635550116732
Andrew Pagett,Wales,2025-07-16,1427.2611607839542
Andrew Pagett,Wales,2025-07-16,1449.0899457770763
Jake Crofts,England,2022-11-05,1500.0
Jake Crofts,England,2022-11-05,1385.0212264224535
Callum Beresford,England,2022-11-06,1500.0
Callum Beresford,England,2022-11-06,1511.398916570057
Callum Beresford,England,2022-11-07,1366.8898713088267
Callum Beresford,England,2022-12-12,1351.8878294169822
Callum Beresford,England,2022-12-13,1272.9643412237579
Callum Beresford,England,2023-01-26,1284.3049070811028
Callum Beresford,England,2023-01-27,1272.1898912378283
Fergal Quinn (II),Northern Ireland,2023-06-27,1500.0
Fergal Quinn (II),Northern Ireland,2023-06-27,1523.1382159992502
Fergal Quinn (II),Northern Ireland,2023-06-27,1489.4991186407021
Fergal Quinn (II),Northern Ireland,2023-06-27,1417.124164580983
Fergal Quinn (II),Northern Ireland,2024-06-11,1413.7073910881738
Fergal Quinn (II),Northern Ireland,2024-06-11,1384.8034642003354
Fergal Quinn (II),Northern Ireland,2024-06-11,1386.1411056341967
Fergal Quinn (II),Northern Ireland,2025-04-08,1389.0522141879055
Fergal Quinn (II),Northern Ireland,2025-06-23,1361.0947072222189
Fergal Quinn (II),Northern Ireland,2025-06-26,1395.5724318425334
Fergal Quinn (II),Northern Ireland,2025-07-01,1438.5363493184645
Fergal Quinn (II),Northern Ireland,2025-07-01,1437.3264887178507
Fergal Quinn (II),Northern Ireland,2025-07-01,1380.1627934922822
Fergal Quinn (II),Northern Ireland,2025-08-09,1397.0177116992897
Fergal Quinn (II),Northern Ireland,2025-08-09,1416.8214989999221
Fergal Quinn (II),Northern Ireland,2025-09-01,1399.9278541049612
Fergal Quinn (II),Northern Ireland,2025-09-05,1431.2431923922263
Fergal Quinn (II),Northern Ireland,2025-09-07,1488.936803827489
Fergal Quinn (II),Northern Ireland,2025-09-12,1465.1026318125269
Fergal Quinn (II),Northern Ireland,2025-10-01,1477.2878229716566
Fergal Quinn (II),Northern Ireland,2025-10-16,1511.3530100454389
Fergal Quinn (II),Northern Ireland,2025-11-22,1489.565314614744
Fergal Quinn (II),Northern Ireland,2025-12-10,1483.597137813135
Fergal Quinn (II),Northern Ireland,2026-01-05,1465.068589529272
Fergal Quinn (II),Northern Ireland,2026-01-09,1530.8707555240217
Fergal Quinn (II),Northern Ireland,2026-02-11,1559.5195500578188
Cody Turner,New Zealand,2025-11-22,1500.0
Cody Turner,New Zealand,2025-11-22,1432.8953770994044
Noppon Saengkham,Thailand,2022-06-29,1500.0
Noppon Saengkham,Thailand,2022-06-29,1536.9887923333063
Noppon Saengkham,Thailand,2022-06-29,1546.2322006431184
Noppon Saengkham,Thailand,2022-06-29,1506.8072004279525
Noppon Saengkham,Thailand,2022-08-14,1598.3877458351678
Noppon Saengkham,Thailand,2022-08-16,1562.8481801265975
Noppon Saengkham,Thailand,2022-08-26,1588.5674915446798
Noppon Saengkham,Thailand,2022-09-28,1606.614316486262
Noppon Saengkham,Thailand,2022-09-29,1665.0346626133464
Noppon Saengkham,Thailand,2022-09-29,1694.7325538168595
Noppon Saengkham,Thailand,2022-09-30,1731.7777706980462
Noppon Saengkham,Thailand,2022-10-01,1617.181071306823
Noppon Saengkham,Thailand,2022-10-12,1669.5184106080746
Noppon Saengkham,Thailand,2022-10-18,1599.7394316669825
Noppon Saengkham,Thailand,2022-11-07,1594.5773205913224
Noppon Saengkham,Thailand,2022-11-09,1503.7644675547176
Noppon Saengkham,Thailand,2022-11-21,1407.3780102370195
Noppon Saengkham,Thailand,2022-11-29,1352.6483989365745
Noppon Saengkham,Thailand,2022-12-12,1404.9444426499438
Noppon Saengkham,Thailand,2023-01-17,1527.1208274243781
Noppon Saengkham,Thailand,2023-01-18,1607.3363010839867
Noppon Saengkham,Thailand,2023-01-19,1735.3680718392889
Noppon Saengkham,Thailand,2023-01-20,1621.5602736264045
Noppon Saengkham,Thailand,2023-01-26,1648.0136318500865
Noppon Saengkham,Thailand,2023-01-27,1653.7483989786601
Noppon Saengkham,Thailand,2023-01-28,1656.0091536274913
Noppon Saengkham,Thailand,2023-01-28,1639.033850141761
Noppon Saengkham,Thailand,2023-02-07,1611.8429948890987
Noppon Saengkham,Thailand,2023-02-07,1620.7067287704333
Noppon Saengkham,Thailand,2023-02-07,1643.9767616780146
Noppon Saengkham,Thailand,2023-02-08,1730.274732175992
Noppon Saengkham,Thailand,2023-02-08,1800.80723715694
Noppon Saengkham,Thailand,2023-02-08,1726.7726074580225
Noppon Saengkham,Thailand,2023-02-14,1704.7186242437242
Noppon Saengkham,Thailand,2023-03-16,1676.3738949169856
Noppon Saengkham,Thailand,2023-03-20,1720.5145911840755
Noppon Saengkham,Thailand,2023-03-21,1766.163536175322
Noppon Saengkham,Thailand,2023-03-21,1752.297537624207
Noppon Saengkham,Thailand,2023-04-08,1708.348119650725
Noppon Saengkham,Thailand,2023-04-11,1793.9781754901
Noppon Saengkham,Thailand,2023-04-19,1777.1835717352308
Noppon Saengkham,Thailand,2023-07-10,1758.1870637222507
Noppon Saengkham,Thailand,2023-07-10,1737.6794693716881
Noppon Saengkham,Thailand,2023-07-10,1722.3536056905882
Noppon Saengkham,Thailand,2023-07-18,1745.3712625801877
Noppon Saengkham,Thailand,2023-07-18,1752.2754109511075
Noppon Saengkham,Thailand,2023-07-18,1780.750135607225
Noppon Saengkham,Thailand,2023-07-21,1792.0719166163922
Noppon Saengkham,Thailand,2023-07-21,1780.2549955241288
Noppon Saengkham,Thailand,2023-07-21,1815.9089863110794
Noppon Saengkham,Thailand,2023-07-25,1830.9994625504446
Noppon Saengkham,Thailand,2023-08-18,1828.332690215587
Noppon Saengkham,Thailand,2023-08-23,1853.8512891436862
Noppon Saengkham,Thailand,2023-08-24,1890.7240971403921
Noppon Saengkham,Thailand,2023-08-25,1872.5530398287947
Noppon Saengkham,Thailand,2023-08-25,1838.0087522409344
Noppon Saengkham,Thailand,2023-09-01,1853.663648423969
Noppon Saengkham,Thailand,2023-09-08,1806.1094624559191
Noppon Saengkham,Thailand,2023-09-20,1858.7664024530952
Noppon Saengkham,Thailand,2023-09-26,1780.8281741502906
Noppon Saengkham,Thailand,2023-10-11,1745.486424810498
Noppon Saengkham,Thailand,2023-10-19,1789.3611440129448
Noppon Saengkham,Thailand,2023-10-25,1786.5312594931847
Noppon Saengkham,Thailand,2023-10-26,1857.9567772078178
Noppon Saengkham,Thailand,2023-10-26,1946.5420843944194
Noppon Saengkham,Thailand,2023-10-30,1990.0010962268675
Noppon Saengkham,Thailand,2023-11-06,1968.874968921625
Noppon Saengkham,Thailand,2023-11-20,1947.6201707353134
Noppon Saengkham,Thailand,2023-11-22,1904.0722199448167
Noppon Saengkham,Thailand,2023-11-25,2025.5110575584547
Noppon Saengkham,Thailand,2023-12-07,2020.121045453723
Noppon Saengkham,Thailand,2023-12-08,1996.933332049578
Noppon Saengkham,Thailand,2023-12-12,2017.3577426228785
Noppon Saengkham,Thailand,2023-12-13,2076.8768703118485
Noppon Saengkham,Thailand,2023-12-14,2169.981685155758
Noppon Saengkham,Thailand,2023-12-15,2206.1993411494796
Noppon Saengkham,Thailand,2023-12-16,2285.0758249795213
Noppon Saengkham,Thailand,2023-12-17,2188.780510779147
Noppon Saengkham,Thailand,2023-12-22,2077.5025537700153
Noppon Saengkham,Thailand,2024-01-02,2064.464268343667
Noppon Saengkham,Thailand,2024-01-02,2058.9183688688154
Noppon Saengkham,Thailand,2024-01-02,2047.1769002199076
Noppon Saengkham,Thailand,2024-01-03,2090.9706823274114
Noppon Saengkham,Thailand,2024-01-03,2086.687632081593
Noppon Saengkham,Thailand,2024-01-03,2105.1226174148237
Noppon Saengkham,Thailand,2024-01-17,2155.2535002100926
Noppon Saengkham,Thailand,2024-01-18,2153.6178079609717
Noppon Saengkham,Thailand,2024-01-23,2164.150249764009
Noppon Saengkham,Thailand,2024-01-26,2157.601190330005
Noppon Saengkham,Thailand,2024-02-14,2080.284981935624
Noppon Saengkham,Thailand,2024-02-21,2134.709141039183
Noppon Saengkham,Thailand,2024-03-19,2095.132810128672
Noppon Saengkham,Thailand,2024-04-15,2091.7775396476527
Noppon Saengkham,Thailand,2024-04-17,2141.7331538960207
Noppon Saengkham,Thailand,2024-07-27,2102.8217782049137
Noppon Saengkham,Thailand,2024-07-29,2183.7735095520375
Noppon Saengkham,Thailand,2024-07-31,2229.2942831348287
Noppon Saengkham,Thailand,2024-08-20,2192.403134905829
Noppon Saengkham,Thailand,2024-09-01,2237.008209697658
Noppon Saengkham,Thailand,2024-09-02,2219.39332916462
Noppon Saengkham,Thailand,2024-09-16,2094.3050062153843
Noppon Saengkham,Thailand,2024-09-24,2017.3116856045967
Noppon Saengkham,Thailand,2024-10-07,2003.8413948221862
Noppon Saengkham,Thailand,2024-10-08,2064.0436193487567
Noppon Saengkham,Thailand,2024-10-22,2108.041712020047
Noppon Saengkham,Thailand,2024-10-23,2097.0186605315353
Noppon Saengkham,Thailand,2024-11-03,2129.8591033875546
Noppon Saengkham,Thailand,2024-11-04,2167.6354706328502
Noppon Saengkham,Thailand,2024-11-05,2249.4744191932823
Noppon Saengkham,Thailand,2024-11-19,2161.9393781649824
Noppon Saengkham,Thailand,2024-12-04,2166.267755327974
Noppon Saengkham,Thailand,2024-12-06,2169.0621744790938
Noppon Saengkham,Thailand,2024-12-07,2168.9897579485205
Noppon Saengkham,Thailand,2024-12-07,2139.932133457783
Noppon Saengkham,Thailand,2024-12-10,2117.4017477919065
Noppon Saengkham,Thailand,2024-12-11,2235.8523359266896
Noppon Saengkham,Thailand,2024-12-12,2298.2498100091902
Noppon Saengkham,Thailand,2024-12-13,2337.4031400703884
Noppon Saengkham,Thailand,2024-12-21,2373.5067007572084
Noppon Saengkham,Thailand,2025-01-22,2430.4864844967196
Noppon Saengkham,Thailand,2025-01-22,2440.29326694599
Noppon Saengkham,Thailand,2025-01-22,2384.796904735163
Noppon Saengkham,Thailand,2025-01-23,2435.678875240816
Noppon Saengkham,Thailand,2025-01-23,2453.5291687259532
Noppon Saengkham,Thailand,2025-01-23,2428.250253042227
Noppon Saengkham,Thailand,2025-01-23,2461.099591348592
Noppon Saengkham,Thailand,2025-01-24,2475.674522803747
Noppon Saengkham,Thailand,2025-01-24,2552.7677089230424
Noppon Saengkham,Thailand,2025-01-24,2519.55279596834
Noppon Saengkham,Thailand,2025-01-25,2502.4881257645447
Noppon Saengkham,Thailand,2025-01-25,2444.532574842413
Noppon Saengkham,Thailand,2025-01-25,2400.390841591325
Noppon Saengkham,Thailand,2025-01-28,2416.265966973919
Noppon Saengkham,Thailand,2025-02-11,2413.4235933463046
Noppon Saengkham,Thailand,2025-02-12,2397.7751892598226
Noppon Saengkham,Thailand,2025-02-23,2338.665619954673
Noppon Saengkham,Thailand,2025-04-13,2263.146255881146
Noppon Saengkham,Thailand,2025-06-22,2247.2944939903937
Noppon Saengkham,Thailand,2025-06-27,2215.286020202286
Noppon Saengkham,Thailand,2025-07-11,2185.878072788714
Noppon Saengkham,Thailand,2025-07-11,2187.9468989738953
Noppon Saengkham,Thailand,2025-07-11,2168.6159959690112
Noppon Saengkham,Thailand,2025-08-10,2147.747248303583
Noppon Saengkham,Thailand,2025-08-11,2068.731189021026
Noppon Saengkham,Thailand,2025-08-24,2019.1038176344957
Noppon Saengkham,Thailand,2025-09-01,2014.7659972999686
Noppon Saengkham,Thailand,2025-09-13,1940.5834381163081
Noppon Saengkham,Thailand,2025-09-23,1989.1040337138468
Noppon Saengkham,Thailand,2025-09-24,2020.215672517817
Noppon Saengkham,Thailand,2025-10-01,2020.9559209341182
Noppon Saengkham,Thailand,2025-10-07,1983.4861690532189
Noppon Saengkham,Thailand,2025-10-09,1888.0377283523007
Noppon Saengkham,Thailand,2025-10-19,1857.4776848835234
Noppon Saengkham,Thailand,2025-11-03,2028.239038571612
Noppon Saengkham,Thailand,2025-11-04,2116.1221658085683
Noppon Saengkham,Thailand,2025-11-25,2119.0906754646458
Noppon Saengkham,Thailand,2025-11-27,2058.5549100145486
Noppon Saengkham,Thailand,2025-12-11,2072.629390374461
Noppon Saengkham,Thailand,2025-12-12,2069.0153823771666
Noppon Saengkham,Thailand,2025-12-13,2088.4045613291064
Noppon Saengkham,Thailand,2025-12-13,2104.9045685202705
Noppon Saengkham,Thailand,2025-12-13,2114.519619358571
Noppon Saengkham,Thailand,2025-12-13,2095.8879042895173
Noppon Saengkham,Thailand,2025-12-15,2150.4438222616127
Noppon Saengkham,Thailand,2025-12-17,2262.7353265375527
Noppon Saengkham,Thailand,2025-12-18,2259.1463513729445
Noppon Saengkham,Thailand,2026-01-04,2232.036359001154
Noppon Saengkham,Thailand,2026-01-04,2310.817970885111
Noppon Saengkham,Thailand,2026-01-04,2364.898736064958
Noppon Saengkham,Thailand,2026-01-04,2392.2402888264655
Noppon Saengkham,Thailand,2026-01-05,2424.463617408901
Noppon Saengkham,Thailand,2026-01-05,2457.8727226262345
Noppon Saengkham,Thailand,2026-01-05,2410.4487728595686
Noppon Saengkham,Thailand,2026-01-07,2455.67057477141
Noppon Saengkham,Thailand,2026-01-08,2420.356513976887
Noppon Saengkham,Thailand,2026-01-10,2293.3292562207557
Noppon Saengkham,Thailand,2026-02-11,2259.527998960861
Filips Kalniņš,Latvia,2023-04-04,1500.0
Filips Kalniņš,Latvia,2023-04-04,1183.2163808550374
Filips Kalniņš,Latvia,2023-11-18,1184.9514232220329
Ahmed Aly Elsayed,United States,2023-07-07,1500.0
Ahmed Aly Elsayed,United States,2023-07-07,1447.7136020668474
Ahmed Aly Elsayed,United States,2023-07-07,1379.4002035591357
Ahmed Aly Elsayed,United States,2023-07-07,1336.4523330113766
Ahmed Aly Elsayed,United States,2023-07-27,1289.8641549252595
Ahmed Aly Elsayed,United States,2023-09-02,1311.5770981802275
Ahmed Aly Elsayed,United States,2023-09-07,1222.6188907859166
Ahmed Aly Elsayed,United States,2023-09-25,1241.6779128364556
Ahmed Aly Elsayed,United States,2023-10-22,1158.7907227069768
Ahmed Aly Elsayed,United States,2023-11-01,1105.0066194006342
Ahmed Aly Elsayed,United States,2023-11-18,1038.967753900814
Ahmed Aly Elsayed,United States,2023-12-07,1036.463737863083
Ahmed Aly Elsayed,United States,2023-12-22,1005.7120527985708
Ahmed Aly Elsayed,United States,2024-01-23,1026.2475190545392
Ahmed Aly Elsayed,United States,2024-02-12,1045.2920052060067
Ahmed Aly Elsayed,United States,2024-04-09,807.8247442493914
Ahmed Aly Elsayed,United States,2024-06-21,791.5258368825088
Ahmed Aly Elsayed,United States,2024-06-21,777.6537933265638
Ahmed Aly Elsayed,United States,2024-06-21,776.6947218438919
Ahmed Aly Elsayed,United States,2024-07-25,797.2743369748537
Ahmed Aly Elsayed,United States,2024-07-29,793.5964699274524
Ahmed Aly Elsayed,United States,2024-08-01,789.351483585691
Ahmed Aly Elsayed,United States,2024-08-30,762.0258875120586
Ahmed Aly Elsayed,United States,2024-09-12,752.8124359849494
Ahmed Aly Elsayed,United States,2024-09-28,745.4805578607
Ahmed Aly Elsayed,United States,2024-09-30,860.7812367805922
Ahmed Aly Elsayed,United States,2024-10-28,924.0488413118203
Ahmed Aly Elsayed,United States,2024-11-16,946.1446591286865
Ahmed Aly Elsayed,United States,2024-12-04,943.6943646800576
Ahmed Aly Elsayed,United States,2024-12-16,938.0521837941852
Ahmed Aly Elsayed,United States,2024-12-20,953.1128114117668
Ahmed Aly Elsayed,United States,2025-02-04,941.9448071858441
Ahmed Aly Elsayed,United States,2025-04-08,949.9189588008513
Musaad Almisfir,Saudi Arabia,2025-08-08,1500.0
Musaad Almisfir,Saudi Arabia,2025-08-08,1448.7210645681168
Xiao Guodong,China,2022-07-05,1500.0
Xiao Guodong,China,2022-07-05,1511.9887923333063
Xiao Guodong,China,2022-07-05,1570.4281214636371
Xiao Guodong,China,2022-07-05,1628.1102034034607
Xiao Guodong,China,2022-07-16,1710.5009367034177
Xiao Guodong,China,2022-07-26,1685.2414038555671
Xiao Guodong,China,2022-07-26,1719.7111685481907
Xiao Guodong,China,2022-07-26,1741.0003920280412
Xiao Guodong,China,2022-07-29,1731.6838388507954
Xiao Guodong,China,2022-07-29,1760.0915530151435
Xiao Guodong,China,2022-07-29,1821.2262031206114
Xiao Guodong,China,2022-07-29,1778.4406695950217
Xiao Guodong,China,2022-08-14,1752.9789747002533
Xiao Guodong,China,2022-08-18,1677.1476787831302
Xiao Guodong,China,2022-09-27,1685.4779579464255
Xiao Guodong,China,2022-09-28,1653.7575809320829
Xiao Guodong,China,2022-10-13,1691.0658932135984
Xiao Guodong,China,2022-10-16,1694.8200798454495
Xiao Guodong,China,2022-10-17,1717.7268284540578
Xiao Guodong,China,2022-10-19,1731.8181861147
Xiao Guodong,China,2022-10-20,1651.6778147317034
Xiao Guodong,China,2022-10-29,1605.8875057952253
Xiao Guodong,China,2022-11-08,1659.6311863240887
Xiao Guodong,China,2022-11-10,1680.7010446689171
Xiao Guodong,China,2022-11-15,1716.748636292379
Xiao Guodong,China,2022-11-23,1711.0175550353072
Xiao Guodong,China,2022-11-24,1757.2855282837068
Xiao Guodong,China,2022-11-30,1790.9513205540868
Xiao Guodong,China,2022-12-01,1803.6124877810557
Xiao Guodong,China,2022-12-01,1785.739597705008
Xiao Guodong,China,2023-01-13,1664.7457515715168
Xiao Guodong,China,2023-01-16,1713.964827854293
Xiao Guodong,China,2023-01-19,1762.1255485239353
Xiao Guodong,China,2023-01-20,1782.0056798524467
Xiao Guodong,China,2023-01-26,1803.8347665937454
Xiao Guodong,China,2023-01-27,1783.756547967857
Xiao Guodong,China,2023-02-02,1829.4526921586046
Xiao Guodong,China,2023-02-02,1824.581571150231
Xiao Guodong,China,2023-02-03,1809.5953664273702
Xiao Guodong,China,2023-02-07,1826.8515180312265
Xiao Guodong,China,2023-02-07,1892.4302851815928
Xiao Guodong,China,2023-02-07,1913.3494207470924
Xiao Guodong,China,2023-02-07,1895.8265144320542
Xiao Guodong,China,2023-02-08,1838.0650953214708
Xiao Guodong,China,2023-02-08,1896.7817003550604
Xiao Guodong,China,2023-02-08,1828.881466651485
Xiao Guodong,China,2023-02-09,1814.8033581446102
Xiao Guodong,China,2023-02-09,1778.4925223104815
Xiao Guodong,China,2023-02-09,1822.548615020601
Xiao Guodong,China,2023-02-09,1832.863384324726
Xiao Guodong,China,2023-02-10,1845.086605486907
Xiao Guodong,China,2023-02-10,1908.332579996392
Xiao Guodong,China,2023-02-11,1935.2274125928275
Xiao Guodong,China,2023-02-27,1956.0182652841308
Xiao Guodong,China,2023-02-27,1890.0708187746748
Xiao Guodong,China,2023-02-27,1914.0440356446393
Xiao Guodong,China,2023-02-27,1957.4579644801604
Xiao Guodong,China,2023-02-28,1969.1474428783154
Xiao Guodong,China,2023-02-28,1905.7536779686666
Xiao Guodong,China,2023-02-28,1925.2552656219236
Xiao Guodong,China,2023-02-28,1953.5667991553198
Xiao Guodong,China,2023-03-01,1928.2628832656305
Xiao Guodong,China,2023-03-01,1878.2320184546475
Xiao Guodong,China,2023-03-01,1936.7601938546484
Xiao Guodong,China,2023-03-02,1925.1483964422036
Xiao Guodong,China,2023-03-02,1915.3545139624066
Xiao Guodong,China,2023-03-02,1911.2294449153578
Xiao Guodong,China,2023-03-19,1896.8154368388741
Xiao Guodong,China,2023-04-08,1698.3469183135044
Xiao Guodong,China,2023-07-03,1718.7732484463763
Xiao Guodong,China,2023-07-03,1763.3290413083298
Xiao Guodong,China,2023-07-03,1778.3574342194486
Xiao Guodong,China,2023-07-19,1777.960481201482
Xiao Guodong,China,2023-07-19,1806.0739153104307
Xiao Guodong,China,2023-07-19,1775.9636982290965
Xiao Guodong,China,2023-07-21,1756.670315339231
Xiao Guodong,China,2023-07-21,1791.6379550148058
Xiao Guodong,China,2023-07-21,1785.9822412185003
Xiao Guodong,China,2023-07-25,1803.0355351577311
Xiao Guodong,China,2023-08-19,1778.1448209967928
Xiao Guodong,China,2023-08-23,1782.663675687192
Xiao Guodong,China,2023-08-24,1759.3675871637374
Xiao Guodong,China,2023-09-04,1773.7748528593868
Xiao Guodong,China,2023-09-08,1750.4481172237702
Xiao Guodong,China,2023-09-20,1776.1697517757473
Xiao Guodong,China,2023-09-26,1760.100651865905
Xiao Guodong,China,2023-09-28,1770.498539993235
Xiao Guodong,China,2023-09-28,1768.9693452936572
Xiao Guodong,China,2023-09-29,1793.7897734574046
Xiao Guodong,China,2023-09-30,1762.1420295183818
Xiao Guodong,China,2023-10-04,1834.0114978005647
Xiao Guodong,China,2023-10-09,1873.4901034576421
Xiao Guodong,China,2023-10-11,1894.3733234695005
Xiao Guodong,China,2023-10-12,1911.0921109236258
Xiao Guodong,China,2023-10-19,1868.341288388591
Xiao Guodong,China,2023-10-30,1790.399990226335
Xiao Guodong,China,2023-11-06,1778.9989425624726
Xiao Guodong,China,2023-11-07,1805.925386828958
Xiao Guodong,China,2023-11-21,1698.9914232359208
Xiao Guodong,China,2023-12-06,1678.2597910943505
Xiao Guodong,China,2023-12-19,1746.2445717330193
Xiao Guodong,China,2024-01-17,1720.8979735052915
Xiao Guodong,China,2024-01-23,1613.6847321380526
Xiao Guodong,China,2024-01-26,1618.7459425521877
Xiao Guodong,China,2024-01-31,1637.868907135316
Xiao Guodong,China,2024-02-05,1612.3278129626085
Xiao Guodong,China,2024-02-05,1619.5008159450767
Xiao Guodong,China,2024-02-05,1726.7245710455363
Xiao Guodong,China,2024-02-05,1829.1743853555142
Xiao Guodong,China,2024-02-06,1877.4280505999066
Xiao Guodong,China,2024-02-06,1908.0070231058185
Xiao Guodong,China,2024-02-07,1916.2132969244672
Xiao Guodong,China,2024-02-07,1966.0123210070085
Xiao Guodong,China,2024-02-07,2001.0945642671993
Xiao Guodong,China,2024-02-08,1993.436390896604
Xiao Guodong,China,2024-02-08,1954.6503683107312
Xiao Guodong,China,2024-02-08,1992.2618474070407
Xiao Guodong,China,2024-02-13,2035.050524382057
Xiao Guodong,China,2024-04-15,2058.241950582763
Xiao Guodong,China,2024-04-17,2009.1587373648092
Xiao Guodong,China,2024-07-25,2046.2836821469325
Xiao Guodong,China,2024-07-30,2032.3162475362112
Xiao Guodong,China,2024-08-02,2026.9038601615198
Xiao Guodong,China,2024-08-20,2042.582442014526
Xiao Guodong,China,2024-08-21,2061.5618993377375
Xiao Guodong,China,2024-09-01,2064.449791870966
Xiao Guodong,China,2024-09-02,2080.6683714310698
Xiao Guodong,China,2024-09-03,2180.599960971212
Xiao Guodong,China,2024-09-04,2199.5684463231214
Xiao Guodong,China,2024-09-05,2216.099348226792
Xiao Guodong,China,2024-09-16,2210.0629864700595
Xiao Guodong,China,2024-09-17,2157.0547716180945
Xiao Guodong,China,2024-09-24,2133.0335354541476
Xiao Guodong,China,2024-09-30,2161.1794203915783
Xiao Guodong,China,2024-10-07,2173.5192121349987
Xiao Guodong,China,2024-10-08,2251.121076847287
Xiao Guodong,China,2024-10-09,2242.021710052299
Xiao Guodong,China,2024-10-10,2406.0111679363504
Xiao Guodong,China,2024-10-11,2443.804313865936
Xiao Guodong,China,2024-10-12,2576.0270273723168
Xiao Guodong,China,2024-10-21,2524.4825020857224
Xiao Guodong,China,2024-11-03,2552.8079185119354
Xiao Guodong,China,2024-11-05,2610.9332730496917
Xiao Guodong,China,2024-11-06,2683.257267382445
Xiao Guodong,China,2024-11-07,2712.6619472215916
Xiao Guodong,China,2024-11-08,2710.7823474840307
Xiao Guodong,China,2024-11-14,2781.879251100895
Xiao Guodong,China,2024-11-14,2818.916255629937
Xiao Guodong,China,2024-11-15,2852.0213258144263
Xiao Guodong,China,2024-11-17,2752.2103870904625
Xiao Guodong,China,2024-11-23,2683.6733572767544
Xiao Guodong,China,2024-12-04,2677.818850238529
Xiao Guodong,China,2024-12-06,2649.0705895072742
Xiao Guodong,China,2024-12-09,2626.1564294578607
Xiao Guodong,China,2024-12-11,2610.068785790296
Xiao Guodong,China,2024-12-12,2683.3161006319983
Xiao Guodong,China,2024-12-13,2698.4347480872316
Xiao Guodong,China,2024-12-14,2647.4278070857704
Xiao Guodong,China,2024-12-22,2658.3490708069376
Xiao Guodong,China,2025-01-24,2589.2942978815395
Xiao Guodong,China,2025-01-24,2624.4218122349885
Xiao Guodong,China,2025-01-24,2653.743029542192
Xiao Guodong,China,2025-01-24,2677.3878487487186
Xiao Guodong,China,2025-01-25,2699.105400580128
Xiao Guodong,China,2025-01-25,2763.1967783086084
Xiao Guodong,China,2025-01-25,2757.2942497303843
Xiao Guodong,China,2025-01-28,2818.441623012894
Xiao Guodong,China,2025-01-29,2783.0893036681464
Xiao Guodong,China,2025-01-30,2772.254729364745
Xiao Guodong,China,2025-01-31,2834.2763624898193
Xiao Guodong,China,2025-02-01,2754.4888951515786
Xiao Guodong,China,2025-02-04,2761.2135999979237
Xiao Guodong,China,2025-02-04,2753.126245432017
Xiao Guodong,China,2025-02-04,2794.8159205062993
Xiao Guodong,China,2025-02-04,2837.1199437642085
Xiao Guodong,China,2025-02-05,2747.5944850648843
Xiao Guodong,China,2025-02-05,2785.475098087057
Xiao Guodong,China,2025-02-24,2747.168617552235
Xiao Guodong,China,2025-03-05,2816.330789018545
Xiao Guodong,China,2025-03-06,2864.8349318617693
Xiao Guodong,China,2025-03-07,2806.47121731499
Xiao Guodong,China,2025-03-19,2823.043290347974
Xiao Guodong,China,2025-03-21,2854.8795816046672
Xiao Guodong,China,2025-04-01,2814.146255375733
Xiao Guodong,China,2025-04-03,2704.768103312089
Xiao Guodong,China,2025-04-20,2719.6701851780495
Xiao Guodong,China,2025-04-26,2975.790650770569
Xiao Guodong,China,2025-07-29,2982.45559225276
Xiao Guodong,China,2025-07-30,3128.9482359128797
Xiao Guodong,China,2025-07-31,3133.8775964777733
Xiao Guodong,China,2025-08-24,3142.8176942159853
Xiao Guodong,China,2025-08-25,3201.7607221788594
Xiao Guodong,China,2025-08-26,3185.702632316017
Xiao Guodong,China,2025-08-27,3169.791621670108
Xiao Guodong,China,2025-08-28,3205.693946691667
Xiao Guodong,China,2025-08-29,3238.9321922676354
Xiao Guodong,China,2025-08-30,3210.5492853167916
Xiao Guodong,China,2025-09-16,3227.7056255625703
Xiao Guodong,China,2025-09-17,3196.6228947806194
Xiao Guodong,China,2025-09-22,3188.7753772666238
Xiao Guodong,China,2025-09-23,3230.927604580754
Xiao Guodong,China,2025-09-25,3198.331475553044
Xiao Guodong,China,2025-09-25,3117.967029143129
Xiao Guodong,China,2025-11-02,3093.6951465328234
Xiao Guodong,China,2025-11-03,2925.4962530561884
Xiao Guodong,China,2025-11-13,2984.298275959352
Xiao Guodong,China,2025-11-30,2889.9319942026564
Xiao Guodong,China,2025-12-16,2884.470022149131
Xiao Guodong,China,2025-12-17,2826.8032510115695
Xiao Guodong,China,2026-01-06,2747.7155871656273
Xiao Guodong,China,2026-01-06,2769.69666247935
Xiao Guodong,China,2026-01-06,2806.177234332013
Xiao Guodong,China,2026-01-06,2804.733374244399
Xiao Guodong,China,2026-01-07,2780.3982634812096
Xiao Guodong,China,2026-01-07,2823.23547052603
Xiao Guodong,China,2026-01-07,2822.77790200485
Xiao Guodong,China,2026-01-08,2754.677893085966
Xiao Guodong,China,2026-01-08,2768.897373462567
Xiao Guodong,China,2026-01-08,2838.3846654004565
Xiao Guodong,China,2026-01-09,2823.5378044564645
Xiao Guodong,China,2026-01-09,2872.0762711753982
Xiao Guodong,China,2026-01-09,2931.363071280988
Xiao Guodong,China,2026-01-09,2983.9043427829984
Xiao Guodong,China,2026-01-11,3205.1447087460233
Xiao Guodong,China,2026-01-16,3081.709980129378
Xiao Guodong,China,2026-01-19,3141.6311910230506
Xiao Guodong,China,2026-01-19,3107.8905209256795
Xiao Guodong,China,2026-01-19,3136.7807584780794
Xiao Guodong,China,2026-01-19,3189.962363739876
Xiao Guodong,China,2026-01-20,3213.4628862171385
Xiao Guodong,China,2026-01-20,3244.0068095882916
Xiao Guodong,China,2026-01-20,3198.5838338740596
Xiao Guodong,China,2026-01-21,3170.0073207632545
Xiao Guodong,China,2026-01-21,3152.188544145903
Xiao Guodong,China,2026-01-21,3108.650696467813
Xiao Guodong,China,2026-01-21,3193.803268840695
Xiao Guodong,China,2026-01-22,3267.7435793463874
Xiao Guodong,China,2026-01-22,3185.38499426329
Xiao Guodong,China,2026-01-27,3194.3272043357015
Xiao Guodong,China,2026-01-28,3244.4640126720165
Xiao Guodong,China,2026-01-29,3241.6694472791733
Xiao Guodong,China,2026-01-30,3250.8256852576483
Xiao Guodong,China,2026-02-03,3303.2406588072417
Xiao Guodong,China,2026-02-05,3333.0926214269984
Xiao Guodong,China,2026-02-06,3396.085921381897
Xiao Guodong,China,2026-02-07,3365.5177811805247
Xiao Guodong,China,2026-02-17,3221.7035258099304
Xiao Guodong,China,2026-02-24,3238.960181209576
Xiao Guodong,China,2026-02-25,3220.057481611896
Joe O'Connor,England,2022-07-20,1500.0
Joe O'Connor,England,2022-07-20,1535.8891321517583
Joe O'Connor,England,2022-07-20,1522.8333578359134
Joe O'Connor,England,2022-07-20,1527.0382257356064
Joe O'Connor,England,2022-07-23,1451.8000334558017
Joe O'Connor,England,2022-08-11,1515.9712972982877
Joe O'Connor,England,2022-09-27,1523.0535987060957
Joe O'Connor,England,2022-09-28,1546.144684562187
Joe O'Connor,England,2022-10-12,1553.1089247032287
Joe O'Connor,England,2022-10-16,1466.2235433342762
Joe O'Connor,England,2022-10-25,1473.9465823493458
Joe O'Connor,England,2022-11-07,1496.9997562987055
Joe O'Connor,England,2022-11-08,1498.2387653550986
Joe O'Connor,England,2022-11-25,1503.8911348262939
Joe O'Connor,England,2022-11-26,1531.862207008637
Joe O'Connor,England,2022-11-29,1599.6937291613513
Joe O'Connor,England,2022-12-01,1683.838937555374
Joe O'Connor,England,2022-12-01,1759.4617789613512
Joe O'Connor,England,2022-12-02,1787.9510852360113
Joe O'Connor,England,2022-12-03,1855.2609395104732
Joe O'Connor,England,2022-12-04,1722.1361622136465
Joe O'Connor,England,2022-12-13,1731.069440541892
Joe O'Connor,England,2023-01-11,1728.512560227584
Joe O'Connor,England,2023-01-17,1753.126293492004
Joe O'Connor,England,2023-01-19,1725.810836153398
Joe O'Connor,England,2023-01-25,1702.4476598821389
Joe O'Connor,England,2023-02-02,1624.4018487600838
Joe O'Connor,England,2023-02-14,1640.5921873077598
Joe O'Connor,England,2023-02-15,1667.7469289889757
Joe O'Connor,England,2023-02-16,1683.8136021622288
Joe O'Connor,England,2023-02-18,1684.2916989566604
Joe O'Connor,England,2023-02-20,1766.266563565753
Joe O'Connor,England,2023-02-23,1833.343574236653
Joe O'Connor,England,2023-02-24,1879.9563382822816
Joe O'Connor,England,2023-03-16,1924.1171011937245
Joe O'Connor,England,2023-03-19,1874.1725867532896
Joe O'Connor,England,2023-04-10,1823.502490433545
Joe O'Connor,England,2023-06-28,1800.3578042236006
Joe O'Connor,England,2023-06-28,1836.826370156745
Joe O'Connor,England,2023-06-28,1801.748880448044
Joe O'Connor,England,2023-07-29,1837.340865095897
Joe O'Connor,England,2023-08-22,1863.6773969210622
Joe O'Connor,England,2023-09-01,1850.262432927701
Joe O'Connor,England,2023-09-08,1844.2412692181013
Joe O'Connor,England,2023-09-22,1872.0265313011912
Joe O'Connor,England,2023-09-25,1904.1055671241927
Joe O'Connor,England,2023-10-04,1841.3608490488668
Joe O'Connor,England,2023-10-09,1738.162317415308
Joe O'Connor,England,2023-10-17,1715.0678855080378
Joe O'Connor,England,2023-11-01,1709.6167470771613
Joe O'Connor,England,2023-11-05,1710.4792918848668
Joe O'Connor,England,2023-11-21,1775.6257703110705
Joe O'Connor,England,2023-11-23,1887.8920180184919
Joe O'Connor,England,2023-11-28,1910.2202892884684
Joe O'Connor,England,2023-12-06,1906.7317480486888
Joe O'Connor,England,2023-12-08,1913.6942499489444
Joe O'Connor,England,2023-12-09,1892.8792310490185
Joe O'Connor,England,2023-12-13,1901.1245307448319
Joe O'Connor,England,2023-12-14,1877.2845738443752
Joe O'Connor,England,2023-12-20,1840.2339478007816
Joe O'Connor,England,2024-01-22,1835.5121007674882
Joe O'Connor,England,2024-01-27,1891.3231802773178
Joe O'Connor,England,2024-01-29,1911.3203005137698
Joe O'Connor,England,2024-01-31,1898.759410088112
Joe O'Connor,England,2024-02-14,1828.9875709670741
Joe O'Connor,England,2024-02-26,1804.114289993046
Joe O'Connor,England,2024-02-26,1883.5658524826601
Joe O'Connor,England,2024-02-26,1919.1462546959833
Joe O'Connor,England,2024-02-26,1907.7289020136623
Joe O'Connor,England,2024-02-27,1993.378485201512
Joe O'Connor,England,2024-02-27,1940.191128490821
Joe O'Connor,England,2024-02-28,2024.756238581674
Joe O'Connor,England,2024-02-28,2078.749924895223
Joe O'Connor,England,2024-02-28,2074.8523664238314
Joe O'Connor,England,2024-02-29,2193.422098534596
Joe O'Connor,England,2024-02-29,2184.240257323563
Joe O'Connor,England,2024-02-29,2186.3196884430236
Joe O'Connor,England,2024-02-29,2194.9392562092703
Joe O'Connor,England,2024-02-29,2227.8458671505564
Joe O'Connor,England,2024-03-12,2196.9782101805927
Joe O'Connor,England,2024-03-12,2209.9658071839085
Joe O'Connor,England,2024-03-12,2156.7167958940936
Joe O'Connor,England,2024-03-13,2188.589811726346
Joe O'Connor,England,2024-03-13,2216.508086427948
Joe O'Connor,England,2024-03-13,2269.5371749915867
Joe O'Connor,England,2024-03-13,2339.2787569524753
Joe O'Connor,England,2024-03-13,2321.842920703844
Joe O'Connor,England,2024-04-15,2342.9100391123948
Joe O'Connor,England,2024-04-17,2340.820014254072
Joe O'Connor,England,2024-04-22,2488.612904123898
Joe O'Connor,England,2024-04-29,2285.8757102282752
Joe O'Connor,England,2024-06-13,2243.6169069157922
Joe O'Connor,England,2024-06-13,2250.519314526567
Joe O'Connor,England,2024-06-13,2229.699554015794
Joe O'Connor,England,2024-07-02,2261.5815231194383
Joe O'Connor,England,2024-07-02,2174.449640081444
Joe O'Connor,England,2024-07-02,2161.2115284410743
Joe O'Connor,England,2024-07-26,2147.7638854123884
Joe O'Connor,England,2024-07-29,2085.346334466894
Joe O'Connor,England,2024-08-02,2035.9335138279957
Joe O'Connor,England,2024-08-19,2020.5081799922605
Joe O'Connor,England,2024-09-01,2022.958890951797
Joe O'Connor,England,2024-09-02,1939.0513616155667
Joe O'Connor,England,2024-09-16,1924.918122535398
Joe O'Connor,England,2024-09-18,1895.333057670499
Joe O'Connor,England,2024-10-01,1876.3610372138987
Joe O'Connor,England,2024-10-21,1891.2208933344175
Joe O'Connor,England,2024-11-04,2030.1149795686053
Joe O'Connor,England,2024-11-05,2155.4182320504824
Joe O'Connor,England,2024-11-19,2105.6913154645863
Joe O'Connor,England,2024-12-04,2107.6430024234114
Joe O'Connor,England,2024-12-06,2080.970678002005
Joe O'Connor,England,2024-12-09,2124.6821345778653
Joe O'Connor,England,2024-12-11,2156.6633591361087
Joe O'Connor,England,2024-12-19,2167.510908640419
Joe O'Connor,England,2024-12-20,2161.4600910420336
Joe O'Connor,England,2025-01-10,2219.7363804806223
Joe O'Connor,England,2025-01-10,2300.4352687934042
Joe O'Connor,England,2025-01-10,2333.7109114372192
Joe O'Connor,England,2025-01-10,2357.1839386097136
Joe O'Connor,England,2025-01-11,2350.334113590857
Joe O'Connor,England,2025-01-11,2287.089970872754
Joe O'Connor,England,2025-01-11,2313.4236726861222
Joe O'Connor,England,2025-01-20,2374.354297618095
Joe O'Connor,England,2025-01-20,2376.7342225304515
Joe O'Connor,England,2025-01-20,2385.45241097646
Joe O'Connor,England,2025-01-20,2396.0820845725207
Joe O'Connor,England,2025-01-21,2470.9899803293324
Joe O'Connor,England,2025-01-21,2459.0891073386088
Joe O'Connor,England,2025-01-21,2508.789843191475
Joe O'Connor,England,2025-01-22,2510.5809356328677
Joe O'Connor,England,2025-01-22,2562.8903366429595
Joe O'Connor,England,2025-01-22,2609.997297121172
Joe O'Connor,England,2025-01-22,2618.190386440078
Joe O'Connor,England,2025-01-23,2680.301770918238
Joe O'Connor,England,2025-01-23,2727.568805595792
Joe O'Connor,England,2025-01-23,2764.5071362221374
Joe O'Connor,England,2025-01-23,2715.0395775639313
Joe O'Connor,England,2025-01-24,2632.4211405195415
Joe O'Connor,England,2025-01-24,2636.2780447931086
Joe O'Connor,England,2025-01-24,2609.552358260444
Joe O'Connor,England,2025-01-25,2517.941268796165
Joe O'Connor,England,2025-01-25,2529.3916204525544
Joe O'Connor,England,2025-01-27,2545.3253153779738
Joe O'Connor,England,2025-01-29,2498.8582134011244
Joe O'Connor,England,2025-02-05,2467.5355466491374
Joe O'Connor,England,2025-02-11,2438.559616726116
Joe O'Connor,England,2025-02-12,2563.4967730612684
Joe O'Connor,England,2025-02-13,2634.720120421168
Joe O'Connor,England,2025-02-14,2551.4517795251722
Joe O'Connor,England,2025-02-24,2587.8704255291714
Joe O'Connor,England,2025-02-25,2721.694801856343
Joe O'Connor,England,2025-02-26,2734.364824683196
Joe O'Connor,England,2025-02-27,2856.5962753958497
Joe O'Connor,England,2025-02-28,2863.3913541189218
Joe O'Connor,England,2025-03-01,2770.9044000172003
Joe O'Connor,England,2025-04-14,2792.595013320958
Joe O'Connor,England,2025-04-16,2789.917977142921
Joe O'Connor,England,2025-04-21,2991.0733760224484
Joe O'Connor,England,2025-06-22,3025.137127840689
Joe O'Connor,England,2025-06-27,2992.4916409651064
Joe O'Connor,England,2025-07-16,3008.0782395849546
Joe O'Connor,England,2025-07-16,2983.661464679173
Joe O'Connor,England,2025-07-16,3009.101676852328
Joe O'Connor,England,2025-07-18,2990.471202491245
Joe O'Connor,England,2025-07-18,2991.1785048666993
Joe O'Connor,England,2025-07-18,2991.6029627886746
Joe O'Connor,England,2025-07-23,2946.163333754505
Joe O'Connor,England,2025-07-23,2925.4258106724133
Joe O'Connor,England,2025-07-23,2906.9495474340474
Joe O'Connor,England,2025-07-23,2891.9329390705248
Joe O'Connor,England,2025-08-10,2934.1676516762445
Joe O'Connor,England,2025-08-11,2943.1089650846784
Joe O'Connor,England,2025-08-12,2804.835710706091
Joe O'Connor,England,2025-08-24,2792.1191723868988
Joe O'Connor,England,2025-08-26,2767.57124842955
Joe O'Connor,England,2025-09-01,2776.5242222615257
Joe O'Connor,England,2025-09-16,2680.0747590293468
Joe O'Connor,England,2025-09-24,2697.3693749478166
Joe O'Connor,England,2025-09-25,2758.598932537164
Joe O'Connor,England,2025-10-01,2615.420867538277
Joe O'Connor,England,2025-10-08,2494.6148187042645
Joe O'Connor,England,2025-10-20,2494.9471648460517
Joe O'Connor,England,2025-11-25,2471.580558143847
Joe O'Connor,England,2025-11-26,2502.3569783274243
Joe O'Connor,England,2025-12-10,2476.870945884652
Joe O'Connor,England,2025-12-15,2563.117487006338
Joe O'Connor,England,2025-12-17,2657.77069049368
Joe O'Connor,England,2025-12-18,2690.950557440863
Joe O'Connor,England,2025-12-19,2672.1973490341734
Joe O'Connor,England,2026-01-02,2666.283583061748
Joe O'Connor,England,2026-01-02,2654.689217256145
Joe O'Connor,England,2026-01-02,2643.054857747246
Joe O'Connor,England,2026-01-02,2667.87686721227
Joe O'Connor,England,2026-01-03,2706.798509575865
Joe O'Connor,England,2026-01-03,2651.866629964414
Joe O'Connor,England,2026-01-03,2627.7957506476628
Joe O'Connor,England,2026-01-04,2614.132781735814
Joe O'Connor,England,2026-01-04,2606.3995255051445
Joe O'Connor,England,2026-01-04,2595.0311478709687
Joe O'Connor,England,2026-01-04,2615.6222213745145
Joe O'Connor,England,2026-01-05,2647.1297545009033
Joe O'Connor,England,2026-01-05,2678.4508706463735
Joe O'Connor,England,2026-01-05,2652.1541453901473
Joe O'Connor,England,2026-01-06,2648.3979595858273
Joe O'Connor,England,2026-01-06,2719.132048951856
Joe O'Connor,England,2026-01-06,2744.6684426329084
Joe O'Connor,England,2026-01-07,2740.622827247312
Joe O'Connor,England,2026-01-07,2765.455060111084
Joe O'Connor,England,2026-01-07,2711.89536110234
Joe O'Connor,England,2026-01-07,2739.00912517644
Joe O'Connor,England,2026-01-07,2750.4418936986403
Joe O'Connor,England,2026-01-08,2713.4598978279278
Joe O'Connor,England,2026-02-04,2732.0657628882996
Joe O'Connor,England,2026-02-12,2668.4966371772007
Joe O'Connor,England,2026-02-23,2697.4143090704097
Joe O'Connor,England,2026-02-25,2752.3679006063953
Chang Bingyu,China,2022-07-13,1500.0
Chang Bingyu,China,2022-07-13,1441.886790445363
Chang Bingyu,China,2022-07-13,1479.6406077889453
Chang Bingyu,China,2022-07-13,1518.2306264206002
Chang Bingyu,China,2022-07-16,1530.5232852645495
Chang Bingyu,China,2022-07-27,1484.5336004867995
Chang Bingyu,China,2022-07-27,1477.3183868036797
Chang Bingyu,China,2022-07-27,1442.5533018516467
Chang Bingyu,China,2022-08-14,1539.792691071687
Chang Bingyu,China,2022-09-28,1471.4610531654807
Chang Bingyu,China,2022-10-12,1500.1615519103752
Chang Bingyu,China,2022-10-16,1463.4909733928187
Chang Bingyu,China,2022-10-26,1501.8191301904021
Chang Bingyu,China,2022-11-07,1373.956763506487
Chang Bingyu,China,2022-11-24,1334.324539193877
Chang Bingyu,China,2025-06-23,1486.5543574385729
Chang Bingyu,China,2025-06-26,1555.2393883882958
Chang Bingyu,China,2025-07-03,1587.3665913995756
Chang Bingyu,China,2025-07-03,1597.5477723624485
Chang Bingyu,China,2025-07-03,1638.0730456916453
Chang Bingyu,China,2025-08-08,1733.5874164244767
Chang Bingyu,China,2025-08-09,1865.5742541389031
Chang Bingyu,China,2025-08-10,1961.356806610392
Chang Bingyu,China,2025-08-11,2105.5900764271973
Chang Bingyu,China,2025-08-12,2223.5174119183735
Chang Bingyu,China,2025-08-13,2332.4520664111346
Chang Bingyu,China,2025-08-24,2368.9058751690573
Chang Bingyu,China,2025-08-26,2254.1516564059943
Chang Bingyu,China,2025-09-02,2341.0199178548237
Chang Bingyu,China,2025-09-05,2397.9973149151465
Chang Bingyu,China,2025-09-07,2420.5789260668853
Chang Bingyu,China,2025-09-12,2462.7761029785033
Chang Bingyu,China,2025-09-14,2433.555662014671
Chang Bingyu,China,2025-09-23,2439.7928240894485
Chang Bingyu,China,2025-09-24,2435.7450354708644
Chang Bingyu,China,2025-09-25,2418.0419035634254
Chang Bingyu,China,2025-10-01,2355.8707976423884
Chang Bingyu,China,2025-10-16,2399.3147576071665
Chang Bingyu,China,2025-10-17,2434.7398718729687
Chang Bingyu,China,2025-10-20,2514.2966006263327
Chang Bingyu,China,2025-11-23,2526.4179704767826
Chang Bingyu,China,2025-11-24,2604.25034055167
Chang Bingyu,China,2025-12-02,2395.78810568253
Chang Bingyu,China,2025-12-11,2402.28565379186
Chang Bingyu,China,2025-12-12,2387.689132100531
Chang Bingyu,China,2025-12-15,2467.1975477895544
Chang Bingyu,China,2025-12-17,2562.36287938625
Chang Bingyu,China,2025-12-18,2681.2003501923336
Chang Bingyu,China,2025-12-19,2913.64730151982
Chang Bingyu,China,2025-12-20,2950.0805585081157
Chang Bingyu,China,2026-01-05,2934.0206823809644
Chang Bingyu,China,2026-01-07,2997.4799354511374
Chang Bingyu,China,2026-01-10,3039.6381116553025
Chang Bingyu,China,2026-02-03,3024.1787001961275
Chang Bingyu,China,2026-02-05,3104.1540544716063
Chang Bingyu,China,2026-02-10,3113.0941541821066
Chang Bingyu,China,2026-02-24,3232.275173635728
Chang Bingyu,China,2026-02-25,3200.8864557394368
Barry Hawkins,England,2022-07-06,1500.0
Barry Hawkins,England,2022-07-06,1440.0
Barry Hawkins,England,2022-07-06,1501.4804924732268
Barry Hawkins,England,2022-07-06,1558.296657373302
Barry Hawkins,England,2022-07-16,1619.8576053598051
Barry Hawkins,England,2022-08-17,1690.9418724435695
Barry Hawkins,England,2022-08-18,1713.6940221100135
Barry Hawkins,England,2022-08-19,1770.6174609655195
Barry Hawkins,England,2022-08-19,1823.9441390168079
Barry Hawkins,England,2022-08-20,1876.836083042362
Barry Hawkins,England,2022-08-21,1687.676876530812
Barry Hawkins,England,2022-09-26,1686.0225366337304
Barry Hawkins,England,2022-09-27,1797.8259705591772
Barry Hawkins,England,2022-09-28,1798.8948120914856
Barry Hawkins,England,2022-10-18,1799.8175172273707
Barry Hawkins,England,2022-10-19,1761.7968250216102
Barry Hawkins,England,2022-11-13,1706.7337690234237
Barry Hawkins,England,2022-11-25,1696.50222579955
Barry Hawkins,England,2022-11-26,1621.407728068536
Barry Hawkins,England,2022-11-28,1620.4926979607735
Barry Hawkins,England,2022-11-29,1695.7189919244154
Barry Hawkins,England,2022-11-30,1606.2140885397505
Barry Hawkins,England,2022-12-12,1660.9374487498162
Barry Hawkins,England,2022-12-14,1685.8403726410172
Barry Hawkins,England,2022-12-15,1735.9559590676351
Barry Hawkins,England,2022-12-15,1719.3206667661007
Barry Hawkins,England,2022-12-21,1674.6755850439806
Barry Hawkins,England,2022-12-21,1711.9673387736827
Barry Hawkins,England,2022-12-21,1681.5043117156533
Barry Hawkins,England,2022-12-21,1619.8168343680622
Barry Hawkins,England,2022-12-22,1621.9398481339906
Barry Hawkins,England,2022-12-22,1604.8578847750423
Barry Hawkins,England,2023-01-10,1702.5516888115726
Barry Hawkins,England,2023-01-13,1761.4194041150508
Barry Hawkins,England,2023-01-17,1693.5642557917154
Barry Hawkins,England,2023-01-25,1675.0110768083225
Barry Hawkins,England,2023-02-13,1723.0495180670098
Barry Hawkins,England,2023-02-15,1736.7196741898556
Barry Hawkins,England,2023-02-16,1735.5961085960196
Barry Hawkins,England,2023-03-16,1781.5378202896566
Barry Hawkins,England,2023-03-19,1667.0542903225694
Barry Hawkins,England,2023-04-09,1629.0990402123139
Barry Hawkins,England,2023-04-11,1653.9118371374177
Barry Hawkins,England,2023-07-12,1645.9120505026142
Barry Hawkins,England,2023-07-12,1653.6659545774053
Barry Hawkins,England,2023-07-12,1695.5796196267609
Barry Hawkins,England,2023-07-28,1708.5668866234973
Barry Hawkins,England,2023-08-23,1752.755496186532
Barry Hawkins,England,2023-08-24,1800.9341657618286
Barry Hawkins,England,2023-08-25,1953.578020781296
Barry Hawkins,England,2023-08-25,2017.1564354907698
Barry Hawkins,England,2023-08-26,2204.8548907324566
Barry Hawkins,England,2023-08-27,2222.248805608418
Barry Hawkins,England,2023-09-03,2257.983080103401
Barry Hawkins,England,2023-09-18,2235.6248727536968
Barry Hawkins,England,2023-09-25,2254.1919991182863
Barry Hawkins,England,2023-09-26,2276.6583099818185
Barry Hawkins,England,2023-09-28,2322.5611321547044
Barry Hawkins,England,2023-09-28,2267.977535136694
Barry Hawkins,England,2023-10-02,2236.788847641977
Barry Hawkins,England,2023-10-03,2183.4666746945977
Barry Hawkins,England,2023-10-10,2169.560319615885
Barry Hawkins,England,2023-10-11,2206.138391803203
Barry Hawkins,England,2023-10-12,2199.1352471587434
Barry Hawkins,England,2023-10-23,2219.759671835661
Barry Hawkins,England,2023-10-24,2213.3398761032217
Barry Hawkins,England,2023-10-26,2210.636507221924
Barry Hawkins,England,2023-10-26,2238.338694134383
Barry Hawkins,England,2023-10-27,2284.099332837292
Barry Hawkins,England,2023-10-28,2294.1718696838807
Barry Hawkins,England,2023-11-05,2321.9312517934954
Barry Hawkins,England,2023-11-07,2325.8999188347543
Barry Hawkins,England,2023-11-08,2330.2927457158316
Barry Hawkins,England,2023-11-09,2296.8020184255006
Barry Hawkins,England,2023-11-14,2359.194190231937
Barry Hawkins,England,2023-11-14,2362.378290891575
Barry Hawkins,England,2023-11-17,2339.9205511660934
Barry Hawkins,England,2023-11-27,2317.607057444785
Barry Hawkins,England,2023-11-29,2363.7335417375293
Barry Hawkins,England,2023-12-11,2360.29163078442
Barry Hawkins,England,2023-12-18,2395.8276267223137
Barry Hawkins,England,2024-01-09,2373.5802626659956
Barry Hawkins,England,2024-01-11,2400.8654812125433
Barry Hawkins,England,2024-01-16,2420.3811344343694
Barry Hawkins,England,2024-01-23,2430.9124679535316
Barry Hawkins,England,2024-01-31,2295.4250153512285
Barry Hawkins,England,2024-02-07,2246.961591931828
Barry Hawkins,England,2024-02-07,2202.1997416286285
Barry Hawkins,England,2024-02-07,2239.180968443661
Barry Hawkins,England,2024-02-07,2315.0291408117555
Barry Hawkins,England,2024-02-08,2268.6054819577885
Barry Hawkins,England,2024-02-08,2283.2530085644
Barry Hawkins,England,2024-02-08,2204.3071753642325
Barry Hawkins,England,2024-02-09,2238.239987354752
Barry Hawkins,England,2024-02-09,2297.4571815537806
Barry Hawkins,England,2024-02-09,2308.889734941717
Barry Hawkins,England,2024-02-09,2311.5311264999127
Barry Hawkins,England,2024-02-10,2322.881093095608
Barry Hawkins,England,2024-02-10,2347.876233131403
Barry Hawkins,England,2024-02-10,2285.4202444454013
Barry Hawkins,England,2024-02-12,2305.368092791941
Barry Hawkins,England,2024-02-13,2357.5085223824212
Barry Hawkins,England,2024-02-15,2263.8259497719846
Barry Hawkins,England,2024-02-21,2281.7767160125027
Barry Hawkins,England,2024-03-18,2292.3278885678274
Barry Hawkins,England,2024-03-20,2281.0745482350603
Barry Hawkins,England,2024-03-21,2308.4304081607315
Barry Hawkins,England,2024-03-22,2228.1178839092213
Barry Hawkins,England,2024-04-02,2226.315263457389
Barry Hawkins,England,2024-04-24,2174.572491195365
Barry Hawkins,England,2024-07-15,2109.2340198969778
Barry Hawkins,England,2024-07-26,2095.451189025126
Barry Hawkins,England,2024-07-28,2094.031755556538
Barry Hawkins,England,2024-08-21,2176.9525470577623
Barry Hawkins,England,2024-08-22,2258.9920715630315
Barry Hawkins,England,2024-08-23,2229.9368163052945
Barry Hawkins,England,2024-09-03,2132.828903281264
Barry Hawkins,England,2024-09-17,2163.0418555202486
Barry Hawkins,England,2024-09-18,2232.4075285455892
Barry Hawkins,England,2024-09-19,2287.2296654028924
Barry Hawkins,England,2024-09-20,2247.653715810825
Barry Hawkins,England,2024-09-23,2144.0510674135285
Barry Hawkins,England,2024-10-01,2097.0890247410775
Barry Hawkins,England,2024-10-06,2155.76518184253
Barry Hawkins,England,2024-10-08,2185.520779038573
Barry Hawkins,England,2024-10-09,2148.569484142007
Barry Hawkins,England,2024-10-21,2127.072541624146
Barry Hawkins,England,2024-10-23,2179.4600227196206
Barry Hawkins,England,2024-10-24,2166.4946770240126
Barry Hawkins,England,2024-11-04,2195.366474066996
Barry Hawkins,England,2024-11-05,2354.141343027908
Barry Hawkins,England,2024-11-06,2365.8555438859958
Barry Hawkins,England,2024-11-19,2369.1248687756665
Barry Hawkins,England,2024-11-20,2348.6474125019263
Barry Hawkins,England,2024-11-23,2487.2791994391987
Barry Hawkins,England,2024-11-27,2547.6107993627734
Barry Hawkins,England,2024-11-29,2616.2610446923545
Barry Hawkins,England,2024-11-30,2657.5023704008554
Barry Hawkins,England,2024-12-01,2770.480230970063
Barry Hawkins,England,2024-12-09,2839.225887658514
Barry Hawkins,England,2024-12-11,2863.092559951253
Barry Hawkins,England,2024-12-12,2811.6858045694903
Barry Hawkins,England,2024-12-20,2847.5432936170037
Barry Hawkins,England,2025-01-14,2744.648256971608
Barry Hawkins,England,2025-01-27,2755.5559401082114
Barry Hawkins,England,2025-01-29,2816.667854963247
Barry Hawkins,England,2025-01-31,2867.45641079326
Barry Hawkins,England,2025-02-01,2897.3201198189154
Barry Hawkins,England,2025-02-02,2914.845896492555
Barry Hawkins,England,2025-02-11,2811.0257777451707
Barry Hawkins,England,2025-02-24,2796.950806782184
Barry Hawkins,England,2025-02-25,2807.912541156339
Barry Hawkins,England,2025-02-26,2794.0051364415062
Barry Hawkins,England,2025-02-27,2810.4953771077066
Barry Hawkins,England,2025-03-05,2831.563913042642
Barry Hawkins,England,2025-03-06,2800.846557077282
Barry Hawkins,England,2025-03-18,2843.202078926199
Barry Hawkins,England,2025-03-31,3011.5362036603533
Barry Hawkins,England,2025-04-02,3232.010190770553
Barry Hawkins,England,2025-04-04,3246.090605106863
Barry Hawkins,England,2025-04-20,3218.619893703809
Barry Hawkins,England,2025-06-24,3252.560265668788
Barry Hawkins,England,2025-07-14,3156.614820329158
Barry Hawkins,England,2025-07-14,3157.044945297658
Barry Hawkins,England,2025-07-14,3133.688370523742
Barry Hawkins,England,2025-07-28,3161.6560135959808
Barry Hawkins,England,2025-07-30,3164.419751850833
Barry Hawkins,England,2025-08-12,3173.3608011143547
Barry Hawkins,England,2025-08-13,3225.3258403003
Barry Hawkins,England,2025-08-14,3202.40413273292
Barry Hawkins,England,2025-08-24,3186.3452500324893
Barry Hawkins,England,2025-08-26,3170.345582247267
Barry Hawkins,England,2025-08-27,3010.939761486187
Barry Hawkins,England,2025-09-03,3044.8798607246367
Barry Hawkins,England,2025-09-15,3012.242391173602
Barry Hawkins,England,2025-09-17,3029.940418993079
Barry Hawkins,England,2025-09-18,2977.315920988576
Barry Hawkins,England,2025-09-22,3019.9772261962044
Barry Hawkins,England,2025-09-23,3040.4226247755532
Barry Hawkins,England,2025-09-24,3035.457514286264
Barry Hawkins,England,2025-09-25,3005.0632118058193
Barry Hawkins,England,2025-10-08,3014.0358633823826
Barry Hawkins,England,2025-10-09,3048.755863893863
Barry Hawkins,England,2025-10-10,3098.5944902581846
Barry Hawkins,England,2025-10-20,3090.8773673258534
Barry Hawkins,England,2025-10-21,3084.9471700589347
Barry Hawkins,England,2025-11-02,3110.6753741485236
Barry Hawkins,England,2025-11-03,3111.403522144248
Barry Hawkins,England,2025-11-04,3113.699295479024
Barry Hawkins,England,2025-11-05,3242.9117590122864
Barry Hawkins,England,2025-11-06,3099.568315500395
Barry Hawkins,England,2025-12-02,3050.316598072695
Barry Hawkins,England,2025-12-04,3112.231070118071
Barry Hawkins,England,2025-12-05,3104.9419654875323
Barry Hawkins,England,2025-12-16,2978.1909507583073
Barry Hawkins,England,2026-01-13,2909.838436854109
Barry Hawkins,England,2026-01-26,2943.840907074331
Barry Hawkins,England,2026-01-28,2916.744973991069
Barry Hawkins,England,2026-02-03,2964.8333728455177
Barry Hawkins,England,2026-02-05,2966.618342005331
Barry Hawkins,England,2026-02-12,2925.562433961327
Barry Hawkins,England,2026-02-18,2844.195087226171
Barry Hawkins,England,2026-02-23,2837.7418493942396
Barry Hawkins,England,2026-02-25,2852.4860155496126
Barry Hawkins,England,2026-02-26,2912.1793620188973
Barry Hawkins,England,2026-02-27,2953.97325147958
Barry Hawkins,England,2026-02-28,3081.953022330377
Barry Hawkins,England,2026-03-01,3218.609280709087
Amir Sarkhosh,Iran,2024-04-09,1500.0
Amir Sarkhosh,Iran,2024-04-09,1422.2135578246393
Amir Sarkhosh,Iran,2024-07-25,1477.4540427442612
Amir Sarkhosh,Iran,2024-07-30,1431.0546649122623
Amir Sarkhosh,Iran,2024-08-01,1461.907614728671
Amir Sarkhosh,Iran,2024-08-19,1536.4432802768347
Amir Sarkhosh,Iran,2024-08-30,1517.153626521531
Amir Sarkhosh,Iran,2024-08-31,1542.313987555339
Amir Sarkhosh,Iran,2024-09-01,1541.4668272795664
Amir Sarkhosh,Iran,2024-09-12,1461.2530899578921
Amir Sarkhosh,Iran,2024-09-28,1542.6961839250619
Amir Sarkhosh,Iran,2024-09-29,1513.1856017198395
Amir Sarkhosh,Iran,2024-10-01,1616.1668250677703
Amir Sarkhosh,Iran,2024-10-28,1680.723023205854
Amir Sarkhosh,Iran,2024-10-29,1679.811065904472
Amir Sarkhosh,Iran,2024-11-03,1724.5653317659842
Amir Sarkhosh,Iran,2024-11-16,1702.8683473501576
Amir Sarkhosh,Iran,2024-11-18,1634.1712088746783
Amir Sarkhosh,Iran,2024-12-05,1624.8225328534302
Amir Sarkhosh,Iran,2024-12-18,1562.5782343904714
Amir Sarkhosh,Iran,2024-12-22,1668.3463679743911
Amir Sarkhosh,Iran,2025-02-04,1706.3190174605345
Amir Sarkhosh,Iran,2025-02-06,1686.2339421331592
Amir Sarkhosh,Iran,2025-02-24,1621.453056397374
Amir Sarkhosh,Iran,2025-04-07,1398.9858268868377
Amir Sarkhosh,Iran,2025-06-23,1461.997180340007
Amir Sarkhosh,Iran,2025-06-28,1437.3230541189025
Amir Sarkhosh,Iran,2025-07-07,1499.6573292858254
Amir Sarkhosh,Iran,2025-07-07,1513.7028903426567
Amir Sarkhosh,Iran,2025-07-07,1523.7765449575231
Amir Sarkhosh,Iran,2025-07-22,1563.3512750523612
Amir Sarkhosh,Iran,2025-07-22,1573.529233357962
Amir Sarkhosh,Iran,2025-07-22,1534.5488429114084
Amir Sarkhosh,Iran,2025-08-09,1507.5720801781044
Amir Sarkhosh,Iran,2025-08-10,1565.8898923343659
Amir Sarkhosh,Iran,2025-09-02,1651.112994802703
Amir Sarkhosh,Iran,2025-09-04,1669.8704731516757
Amir Sarkhosh,Iran,2025-09-11,1652.6860758562857
Amir Sarkhosh,Iran,2025-09-13,1747.1188094285146
Amir Sarkhosh,Iran,2025-09-15,1744.0404318456174
Amir Sarkhosh,Iran,2025-09-23,1728.2564814781158
Amir Sarkhosh,Iran,2025-10-01,1623.2686168821906
Amir Sarkhosh,Iran,2025-10-14,1617.6930744544939
Amir Sarkhosh,Iran,2025-10-15,1649.6400781686277
Amir Sarkhosh,Iran,2025-11-23,1589.5201530606982
Amir Sarkhosh,Iran,2025-12-10,1594.5207101446067
Amir Sarkhosh,Iran,2025-12-12,1626.6533450500897
Amir Sarkhosh,Iran,2025-12-13,1622.3661750115352
Amir Sarkhosh,Iran,2025-12-15,1687.2644077114853
Amir Sarkhosh,Iran,2026-01-05,1563.3033519669145
Amir Sarkhosh,Iran,2026-01-09,1542.2922432425353
Amir Sarkhosh,Iran,2026-01-10,1631.130929121848
Amir Sarkhosh,Iran,2026-02-10,1698.1186817692349
Amir Sarkhosh,Iran,2026-02-24,1689.3469384405867
Zhang Xiao,China,2025-10-07,1500.0
Zhang Xiao,China,2025-10-07,1495.272616847518
Li Hang,China,2022-07-11,1500.0
Li Hang,China,2022-07-11,1488.9962641111022
Li Hang,China,2022-07-11,1521.028850267211
Li Hang,China,2022-07-11,1605.1075835233478
Li Hang,China,2022-07-24,1654.875755555488
Li Hang,China,2022-08-09,1713.2314562854008
Li Hang,China,2022-09-28,1626.9212184664711
Li Hang,China,2022-10-17,1630.284712518298
Li Hang,China,2022-10-17,1644.9828233290382
Li Hang,China,2022-10-19,1665.7120249590607
Li Hang,China,2022-10-20,1573.297997790702
Li Hang,China,2022-10-30,1479.279077275142
Li Hang,China,2022-11-07,1487.8182326568726
Li Hang,China,2022-11-25,1453.950005065204
Li Hang,China,2022-11-26,1543.176351250476
Li Hang,China,2022-11-28,1506.5369076411018
Barry Pinches,England,2022-07-11,1500.0
Barry Pinches,England,2022-07-11,1490.7891456168627
Barry Pinches,England,2022-07-11,1475.1507080831298
Barry Pinches,England,2022-07-11,1465.1308347351853
Barry Pinches,England,2022-07-23,1494.8796285047522
Barry Pinches,England,2022-08-12,1463.242407151618
Barry Pinches,England,2022-08-17,1413.8961338929578
Barry Pinches,England,2022-08-26,1372.5126264634268
Barry Pinches,England,2022-10-12,1395.1409240985024
Barry Pinches,England,2022-10-30,1337.2474496888547
Barry Pinches,England,2022-11-05,1318.0246143748968
Barry Pinches,England,2022-11-24,1333.1047592541988
Barry Pinches,England,2022-11-26,1325.2418008654938
Barry Pinches,England,2023-01-13,1246.4949700372802
Barry Pinches,England,2023-01-25,1254.7273061641972
Barry Pinches,England,2023-01-27,1246.8950237244785
Barry Pinches,England,2023-03-16,1210.0431036277728
Barry Pinches,England,2023-04-04,1422.2330341457334
Barry Pinches,England,2023-04-07,1419.6173364746357
Barry Pinches,England,2023-04-10,1388.9155602590622
Barry Pinches,England,2023-06-30,1409.7085857209288
Barry Pinches,England,2023-06-30,1427.3084532015794
Barry Pinches,England,2023-06-30,1444.6003689139777
Barry Pinches,England,2023-07-17,1400.5106239122968
Barry Pinches,England,2023-07-17,1384.7830428562156
Barry Pinches,England,2023-07-17,1390.5729201002282
Barry Pinches,England,2023-07-29,1329.2540664454775
Barry Pinches,England,2023-10-18,1336.4715754431645
Barry Pinches,England,2023-10-25,1320.5286115222807
Barry Pinches,England,2023-12-06,1325.436334447433
Barry Pinches,England,2023-12-08,1309.332339209165
Barry Pinches,England,2024-01-23,1335.81758097221
Barry Pinches,England,2024-01-29,1358.834208677584
Barry Pinches,England,2024-02-12,1440.2405034353876
Barry Pinches,England,2024-02-13,1425.8450061234514
Barry Pinches,England,2024-06-17,1431.0358065741996
Barry Pinches,England,2024-06-17,1517.5263654454611
Barry Pinches,England,2024-06-17,1481.828341336255
Lee Walker,Wales,2022-10-31,1500.0
Lee Walker,Wales,2022-10-31,1415.764465036233
Anthony Hamilton,England,2022-06-29,1500.0
Anthony Hamilton,England,2022-06-29,1565.4900316518972
Anthony Hamilton,England,2022-06-29,1569.6656366488824
Anthony Hamilton,England,2022-06-29,1599.0811542786655
Anthony Hamilton,England,2022-07-16,1603.10969574135
Anthony Hamilton,England,2022-07-28,1614.8129812367492
Anthony Hamilton,England,2022-07-28,1603.370677976273
Anthony Hamilton,England,2022-07-28,1608.1171214745762
Anthony Hamilton,England,2022-08-12,1626.2213293011787
Anthony Hamilton,England,2022-08-17,1673.767976453639
Anthony Hamilton,England,2022-09-27,1677.570132375042
Anthony Hamilton,England,2022-09-28,1689.8137301238812
Anthony Hamilton,England,2022-09-29,1727.987497213824
Anthony Hamilton,England,2022-11-08,1736.1690920853996
Anthony Hamilton,England,2022-11-10,1696.0764362668567
Anthony Hamilton,England,2022-11-22,1607.2173246660598
Anthony Hamilton,England,2022-11-28,1586.1672768612655
Anthony Hamilton,England,2022-12-12,1541.709767190906
Anthony Hamilton,England,2023-01-12,1480.1294619041341
Anthony Hamilton,England,2023-01-25,1463.1719753001316
Anthony Hamilton,England,2023-03-18,1498.0954313596094
Anthony Hamilton,England,2023-03-20,1598.7441559925687
Anthony Hamilton,England,2023-03-21,1566.7852398511495
Anthony Hamilton,England,2023-04-10,1658.756480516502
Anthony Hamilton,England,2023-04-12,1421.9941948387086
Anthony Hamilton,England,2023-07-04,1410.9155059222724
Anthony Hamilton,England,2023-07-04,1406.1984800688717
Anthony Hamilton,England,2023-07-04,1448.89262235483
Anthony Hamilton,England,2023-07-17,1430.7580858892138
Anthony Hamilton,England,2023-07-17,1386.397619205791
Anthony Hamilton,England,2023-07-17,1435.369284359969
Anthony Hamilton,England,2023-07-28,1499.4879376235162
Anthony Hamilton,England,2023-08-16,1512.53440158865
Anthony Hamilton,England,2023-08-23,1569.667296048965
Anthony Hamilton,England,2023-08-24,1574.5012920404627
Anthony Hamilton,England,2023-09-26,1506.5548528661902
Anthony Hamilton,England,2023-10-02,1511.6417537742211
Anthony Hamilton,England,2023-10-09,1584.8077561003047
Anthony Hamilton,England,2023-10-10,1523.0747903685783
Anthony Hamilton,England,2023-10-18,1464.115334347163
Anthony Hamilton,England,2023-10-30,1427.4015005865194
Anthony Hamilton,England,2023-11-05,1502.1032360688823
Anthony Hamilton,England,2023-11-06,1444.813619021359
Anthony Hamilton,England,2023-11-21,1545.0021246574333
Anthony Hamilton,England,2023-11-22,1513.6277145283627
Anthony Hamilton,England,2023-12-07,1515.4030885607442
Anthony Hamilton,England,2023-12-08,1521.3482296172406
Anthony Hamilton,England,2023-12-09,1507.272697206232
Anthony Hamilton,England,2023-12-21,1432.0637217429723
Anthony Hamilton,England,2024-01-22,1356.4092828812866
Anthony Hamilton,England,2024-01-25,1362.551229723818
Anthony Hamilton,England,2024-02-14,1469.224210067133
Anthony Hamilton,England,2024-02-15,1485.168369157443
Anthony Hamilton,England,2024-04-11,1556.5884676580904
Anthony Hamilton,England,2024-04-14,1552.5020789467094
Anthony Hamilton,England,2024-06-21,1557.0356017623226
Anthony Hamilton,England,2024-06-21,1566.5689491062155
Anthony Hamilton,England,2024-06-21,1584.2756822775793
Anthony Hamilton,England,2024-07-26,1570.7357338563831
Anthony Hamilton,England,2024-07-29,1557.1305771975046
Anthony Hamilton,England,2024-08-02,1498.9285689777514
Anthony Hamilton,England,2024-08-31,1496.7279828519509
Anthony Hamilton,England,2024-09-01,1550.8410065743992
Anthony Hamilton,England,2024-09-02,1625.5368176972606
Anthony Hamilton,England,2024-09-14,1680.5415115901662
Anthony Hamilton,England,2024-09-17,1713.112562903074
Anthony Hamilton,England,2024-09-29,1740.5447158481006
Anthony Hamilton,England,2024-09-30,1704.9398690782202
Anthony Hamilton,England,2024-10-07,1759.1884678255976
Anthony Hamilton,England,2024-10-30,1688.5507707747884
Anthony Hamilton,England,2024-11-18,1595.3979883075751
Anthony Hamilton,England,2024-12-04,1593.4215543569644
Anthony Hamilton,England,2024-12-17,1584.8779888415838
Anthony Hamilton,England,2024-12-21,1683.0239425134923
Anthony Hamilton,England,2025-02-06,1728.8566028439375
Anthony Hamilton,England,2025-04-11,1720.7797807311647
Anthony Hamilton,England,2025-04-14,1805.4670208082498
Deng Haohui,China,2023-09-11,1500.0
Deng Haohui,China,2023-09-11,1482.4347522331861
Adeel Aqdus,Pakistan,2024-08-30,1500.0
Adeel Aqdus,Pakistan,2024-08-30,1460.1582239491795
Adeel Aqdus,Pakistan,2025-08-08,1379.4431683641735
Ben Mertens,Belgium,2022-07-17,1500.0
Ben Mertens,Belgium,2022-07-17,1428.5128548260852
Ben Mertens,Belgium,2022-07-19,1429.3589459957338
Ben Mertens,Belgium,2022-07-19,1468.2989591750209
Ben Mertens,Belgium,2022-07-19,1504.8070011040852
Ben Mertens,Belgium,2022-08-09,1543.1016664694178
Ben Mertens,Belgium,2022-08-26,1452.4246413886399
Ben Mertens,Belgium,2022-09-27,1485.2105415249027
Ben Mertens,Belgium,2022-10-14,1398.6996356566842
Ben Mertens,Belgium,2022-11-05,1416.243612200726
Ben Mertens,Belgium,2022-11-24,1378.1312933310494
Ben Mertens,Belgium,2022-12-12,1441.527400334877
Ben Mertens,Belgium,2023-01-13,1432.1978598210376
Ben Mertens,Belgium,2023-01-25,1441.1516105361422
Ben Mertens,Belgium,2023-01-27,1427.0120284809732
Ben Mertens,Belgium,2023-02-14,1453.3383221371073
Ben Mertens,Belgium,2023-02-15,1547.6754787472685
Ben Mertens,Belgium,2023-02-16,1501.0016182150416
Ben Mertens,Belgium,2023-03-16,1563.8069104796464
Ben Mertens,Belgium,2023-03-19,1482.558655024896
Ben Mertens,Belgium,2023-04-05,1429.8581117550154
Ben Mertens,Belgium,2023-04-08,1578.8288255817022
Ben Mertens,Belgium,2023-04-10,1475.212459065741
Ben Mertens,Belgium,2023-07-04,1464.5229676755303
Ben Mertens,Belgium,2023-07-04,1431.4308660175298
Ben Mertens,Belgium,2023-07-04,1443.9367814579823
Ben Mertens,Belgium,2023-07-27,1565.7481295029854
Ben Mertens,Belgium,2023-08-14,1599.2694472543656
Ben Mertens,Belgium,2023-08-23,1615.03233478424
Ben Mertens,Belgium,2023-08-24,1690.4950155714225
Ben Mertens,Belgium,2023-09-04,1837.3412760339754
Ben Mertens,Belgium,2023-09-07,1733.0419587132642
Ben Mertens,Belgium,2023-09-18,1657.4147105742293
Ben Mertens,Belgium,2023-09-26,1557.3265061660877
Ben Mertens,Belgium,2023-10-10,1537.353605648402
Ben Mertens,Belgium,2023-10-11,1527.7169131784262
Ben Mertens,Belgium,2023-10-22,1478.4506035212873
Ben Mertens,Belgium,2023-11-01,1555.2775040623467
Ben Mertens,Belgium,2023-11-19,1604.5055390331388
Ben Mertens,Belgium,2023-12-07,1583.825043525776
Ben Mertens,Belgium,2023-12-12,1506.1314905096517
Ben Mertens,Belgium,2023-12-18,1508.7932592958393
Ben Mertens,Belgium,2024-01-24,1536.1454355112458
Ben Mertens,Belgium,2024-01-25,1573.597108600019
Ben Mertens,Belgium,2024-01-31,1556.4300063150918
Ben Mertens,Belgium,2024-02-13,1584.680142110789
Ben Mertens,Belgium,2024-04-13,1584.8825830309938
Ben Mertens,Belgium,2024-04-15,1752.1255785597918
Ben Mertens,Belgium,2024-06-24,1675.2763670112688
Ben Mertens,Belgium,2024-06-24,1781.886734631309
Ben Mertens,Belgium,2024-06-24,1758.605587439957
Ben Mertens,Belgium,2024-07-25,1752.9432107049195
Ben Mertens,Belgium,2024-07-28,1760.0114486758102
Ben Mertens,Belgium,2024-08-03,1767.8065259361163
Ben Mertens,Belgium,2024-08-19,1764.5803244937254
Ben Mertens,Belgium,2024-08-30,1794.5817445897749
Ben Mertens,Belgium,2024-08-31,1860.3029041184184
Ben Mertens,Belgium,2024-09-01,1786.2754901027586
Ben Mertens,Belgium,2024-09-12,1694.3333410378839
Ben Mertens,Belgium,2024-09-25,1727.5796603490248
Ben Mertens,Belgium,2024-09-26,1727.5755984672646
Ben Mertens,Belgium,2024-09-28,1656.661795467383
Ben Mertens,Belgium,2024-09-30,1728.712010491237
Ben Mertens,Belgium,2024-10-28,1736.6066799590203
Ben Mertens,Belgium,2024-10-29,1733.8630719447053
Ben Mertens,Belgium,2024-11-04,1847.7486290669945
Ben Mertens,Belgium,2024-11-16,1760.3830428201013
Ben Mertens,Belgium,2024-12-05,1746.1318556086223
Ben Mertens,Belgium,2024-12-18,1734.485049514533
Ben Mertens,Belgium,2024-12-20,1741.9013776824468
Ben Mertens,Belgium,2025-02-05,1748.3778167679102
Ben Mertens,Belgium,2025-02-06,1861.5825795556923
Ben Mertens,Belgium,2025-02-11,1856.5541294372379
Ben Mertens,Belgium,2025-04-08,1779.556225460638
Ben Mertens,Belgium,2025-04-10,1711.4079418102572
Ben Mertens,Belgium,2025-06-22,1803.7102078315804
Ben Mertens,Belgium,2025-06-26,1811.1286836145046
Ben Mertens,Belgium,2025-07-10,1893.0096568752415
Ben Mertens,Belgium,2025-07-10,1906.0932653272814
Ben Mertens,Belgium,2025-07-10,1909.5517919358758
Ben Mertens,Belgium,2025-07-22,1826.1584254061872
Ben Mertens,Belgium,2025-07-22,1816.9133232092559
Ben Mertens,Belgium,2025-07-22,1836.3585867771537
Ben Mertens,Belgium,2025-07-23,1892.5296870655252
Ben Mertens,Belgium,2025-07-23,1961.568570094244
Ben Mertens,Belgium,2025-07-23,1935.7263256702881
Ben Mertens,Belgium,2025-08-09,1950.814176343204
Ben Mertens,Belgium,2025-08-10,1961.1291620272773
Ben Mertens,Belgium,2025-08-25,1962.9614305565854
Ben Mertens,Belgium,2025-09-01,1910.3969509824838
Ben Mertens,Belgium,2025-09-05,1802.651766169268
Ben Mertens,Belgium,2025-09-12,1833.0329292882177
Ben Mertens,Belgium,2025-09-14,1779.192841016753
Ben Mertens,Belgium,2025-09-24,1777.2596946624228
Ben Mertens,Belgium,2025-09-25,1760.9811785574823
Ben Mertens,Belgium,2025-09-25,1780.7940226837038
Ben Mertens,Belgium,2025-09-30,1955.0044093223323
Ben Mertens,Belgium,2025-10-15,1992.794909922465
Ben Mertens,Belgium,2025-11-03,2115.8783927791205
Ben Mertens,Belgium,2025-11-24,2189.8770287955854
Ben Mertens,Belgium,2025-12-10,2203.8293284915394
Ben Mertens,Belgium,2025-12-12,2203.2605158690567
Ben Mertens,Belgium,2025-12-13,2201.0074538659965
Ben Mertens,Belgium,2025-12-13,2196.65632136555
Ben Mertens,Belgium,2025-12-13,2178.82929004866
Ben Mertens,Belgium,2025-12-17,2202.7013201717496
Ben Mertens,Belgium,2026-01-06,2242.475948788217
Ben Mertens,Belgium,2026-01-07,2168.636416364793
Ben Mertens,Belgium,2026-01-10,2233.225750660847
Ben Mertens,Belgium,2026-02-23,2227.076060798631
Cheung Ka Wai,Hong Kong,2024-04-08,1500.0
Cheung Ka Wai,Hong Kong,2024-04-08,1434.803182429003
Cheung Ka Wai,Hong Kong,2024-06-10,1428.3989718656562
Cheung Ka Wai,Hong Kong,2024-06-10,1526.4087545276222
Cheung Ka Wai,Hong Kong,2024-06-10,1550.6312752062092
Cheung Ka Wai,Hong Kong,2024-07-25,1689.4220060659638
Cheung Ka Wai,Hong Kong,2024-07-28,1788.7184697371647
Cheung Ka Wai,Hong Kong,2024-08-03,1791.0732016159861
Cheung Ka Wai,Hong Kong,2024-08-30,1762.9325210441182
Cheung Ka Wai,Hong Kong,2024-08-31,1794.819631321164
Cheung Ka Wai,Hong Kong,2024-09-13,1825.4448838435292
Cheung Ka Wai,Hong Kong,2024-09-14,1918.4172833694086
Cheung Ka Wai,Hong Kong,2024-09-25,1912.1500019499472
Cheung Ka Wai,Hong Kong,2024-09-28,1836.2831274991267
Cheung Ka Wai,Hong Kong,2024-09-30,1822.1727841813606
Cheung Ka Wai,Hong Kong,2024-10-07,1786.1086016360885
Cheung Ka Wai,Hong Kong,2024-10-29,1812.9916653407683
Cheung Ka Wai,Hong Kong,2024-10-30,1769.6075805981077
Cheung Ka Wai,Hong Kong,2024-11-16,1802.8294077007706
Cheung Ka Wai,Hong Kong,2024-11-18,1797.3317441842055
Cheung Ka Wai,Hong Kong,2024-12-04,1776.3039245563402
Cheung Ka Wai,Hong Kong,2024-12-16,1829.0604069217786
Cheung Ka Wai,Hong Kong,2024-12-17,1802.3253992316
Cheung Ka Wai,Hong Kong,2024-12-20,1838.6656076577997
Cheung Ka Wai,Hong Kong,2025-01-27,1945.6023729500628
Cheung Ka Wai,Hong Kong,2025-02-04,1925.7032184523075
Cheung Ka Wai,Hong Kong,2025-04-08,1816.8965466096522
Cheung Ka Wai,Hong Kong,2025-06-24,1831.9247578199777
Cheung Ka Wai,Hong Kong,2025-06-25,1824.8029788915312
Cheung Ka Wai,Hong Kong,2025-07-04,1839.0249441250178
Cheung Ka Wai,Hong Kong,2025-07-04,1837.4042439572368
Cheung Ka Wai,Hong Kong,2025-07-04,1904.910300799882
Cheung Ka Wai,Hong Kong,2025-08-09,1807.2084827237215
Cheung Ka Wai,Hong Kong,2025-09-03,1869.3172613216968
Cheung Ka Wai,Hong Kong,2025-09-05,1862.0560062372786
Cheung Ka Wai,Hong Kong,2025-09-07,1923.7247811989275
Cheung Ka Wai,Hong Kong,2025-09-11,1872.3707782867243
Cheung Ka Wai,Hong Kong,2025-09-24,1956.1548302662861
Cheung Ka Wai,Hong Kong,2025-09-25,1946.2822077163432
Cheung Ka Wai,Hong Kong,2025-09-30,1960.8341110072195
Cheung Ka Wai,Hong Kong,2025-10-16,1981.0467926430815
Cheung Ka Wai,Hong Kong,2025-10-17,1927.6771259292761
Cheung Ka Wai,Hong Kong,2025-10-21,1914.5701921439056
Cheung Ka Wai,Hong Kong,2025-11-22,1960.701352823176
Cheung Ka Wai,Hong Kong,2025-11-24,1909.8024121409844
Cheung Ka Wai,Hong Kong,2025-12-11,1890.244478596371
Cheung Ka Wai,Hong Kong,2026-01-06,1953.6643325749544
Cheung Ka Wai,Hong Kong,2026-01-07,2087.3475547705402
Cheung Ka Wai,Hong Kong,2026-01-09,2113.0732663629724
Cheung Ka Wai,Hong Kong,2026-01-10,2145.767025369871
Cheung Ka Wai,Hong Kong,2026-01-27,2139.5130921175924
Cheung Ka Wai,Hong Kong,2026-02-10,2359.4987432202965
Ross Bulman,Ireland,2023-04-04,1500.0
Ross Bulman,Ireland,2023-04-04,1378.5770069829753
Halim Hussain,England,2025-07-05,1500.0
Halim Hussain,England,2025-07-05,1420.4444114715202
Halim Hussain,England,2025-07-05,1382.2283142667227
Halim Hussain,England,2025-07-05,1372.9756956898107
Halim Hussain,England,2025-12-11,1380.5472224489865
Halim Hussain,England,2025-12-12,1398.044608496886
Halim Hussain,England,2025-12-13,1406.4974242006876
Halim Hussain,England,2025-12-13,1402.6365762225448
Antoni Kowalski,Poland,2024-06-17,1500.0
Antoni Kowalski,Poland,2024-06-17,1476.599116881366
Antoni Kowalski,Poland,2024-06-17,1519.6562324759323
Antoni Kowalski,Poland,2024-06-17,1554.1199383175012
Antoni Kowalski,Poland,2024-07-27,1595.6608421508631
Antoni Kowalski,Poland,2024-08-02,1651.3023218701705
Antoni Kowalski,Poland,2024-08-30,1664.5121003351744
Antoni Kowalski,Poland,2024-08-31,1734.4460223381195
Antoni Kowalski,Poland,2024-09-01,1672.3810053306993
Antoni Kowalski,Poland,2024-09-12,1562.0909525481513
Antoni Kowalski,Poland,2024-09-25,1543.5289842123448
Antoni Kowalski,Poland,2024-09-28,1560.872314067244
Antoni Kowalski,Poland,2024-09-29,1489.0639408440059
Antoni Kowalski,Poland,2024-10-02,1462.8783261297942
Antoni Kowalski,Poland,2024-10-06,1480.2102440428985
Antoni Kowalski,Poland,2024-10-28,1529.5287970918735
Antoni Kowalski,Poland,2024-10-29,1571.0552884795093
Antoni Kowalski,Poland,2024-11-16,1585.840461646871
Antoni Kowalski,Poland,2024-11-18,1652.709938399023
Antoni Kowalski,Poland,2024-11-19,1593.1297376061048
Antoni Kowalski,Poland,2024-12-04,1610.8571806224643
Antoni Kowalski,Poland,2024-12-06,1612.349590709235
Antoni Kowalski,Poland,2024-12-07,1615.8789075466507
Antoni Kowalski,Poland,2024-12-07,1600.0214020847025
Antoni Kowalski,Poland,2024-12-10,1588.1491795479283
Antoni Kowalski,Poland,2024-12-18,1695.5584293262752
Antoni Kowalski,Poland,2024-12-19,1721.9854078497324
Antoni Kowalski,Poland,2024-12-21,1717.2703013891137
Antoni Kowalski,Poland,2025-01-27,1703.4486021412988
Antoni Kowalski,Poland,2025-02-04,1619.79506650682
Antoni Kowalski,Poland,2025-02-23,1711.1624855513176
Antoni Kowalski,Poland,2025-02-25,1714.5196488601982
Antoni Kowalski,Poland,2025-04-07,1661.2388128635469
Antoni Kowalski,Poland,2025-04-10,1646.290508166505
Antoni Kowalski,Poland,2025-06-23,1700.8868049492078
Antoni Kowalski,Poland,2025-06-26,1710.357290862031
Antoni Kowalski,Poland,2025-07-05,1702.832568976041
Antoni Kowalski,Poland,2025-07-05,1687.5686021046902
Antoni Kowalski,Poland,2025-07-05,1717.0045169644604
Antoni Kowalski,Poland,2025-08-09,1704.9320931668829
Antoni Kowalski,Poland,2025-08-10,1728.8043973686815
Antoni Kowalski,Poland,2025-09-02,1849.9343547513824
Antoni Kowalski,Poland,2025-09-04,1824.1538423867235
Antoni Kowalski,Poland,2025-09-06,1797.1753875188451
Antoni Kowalski,Poland,2025-09-11,1703.880119272273
Antoni Kowalski,Poland,2025-09-23,1785.2134707728935
Antoni Kowalski,Poland,2025-09-24,1758.7738115793836
Antoni Kowalski,Poland,2025-10-01,1674.9695128610706
Antoni Kowalski,Poland,2025-10-16,1656.0396292545408
Antoni Kowalski,Poland,2025-10-17,1706.9055374062834
Antoni Kowalski,Poland,2025-11-24,1665.2608520988424
Antoni Kowalski,Poland,2025-12-11,1647.0045488488504
Antoni Kowalski,Poland,2025-12-15,1692.390853113356
Antoni Kowalski,Poland,2026-01-05,1650.5796701153008
Antoni Kowalski,Poland,2026-01-06,1666.413944716878
Antoni Kowalski,Poland,2026-01-06,1703.889018667899
Antoni Kowalski,Poland,2026-01-06,1696.3171200432928
Antoni Kowalski,Poland,2026-01-06,1787.5189085536126
Antoni Kowalski,Poland,2026-01-07,1873.1192225897198
Antoni Kowalski,Poland,2026-01-07,1863.799114378087
Antoni Kowalski,Poland,2026-01-09,1858.1549555044699
Antoni Kowalski,Poland,2026-01-10,2008.3304334862844
Antoni Kowalski,Poland,2026-02-10,2100.4397714805305
Antoni Kowalski,Poland,2026-02-23,2148.1134464644047
Kayden Brierley,England,2024-06-25,1500.0
Kayden Brierley,England,2024-06-25,1496.3914236498301
Kayden Brierley,England,2024-06-25,1468.347110512147
Kayden Brierley,England,2024-06-25,1436.8325993259023
Kayden Brierley,England,2024-12-04,1426.411296484689
Kayden Brierley,England,2025-07-12,1402.3418913376904
Kayden Brierley,England,2025-07-12,1396.0597210722142
Kayden Brierley,England,2025-07-12,1366.640120025604
Kayden Brierley,England,2025-12-11,1377.932760966386
Kayden Brierley,England,2025-12-12,1365.875148073402
Mohamed Elkhayat,Egypt,2024-08-30,1500.0
Mohamed Elkhayat,Egypt,2024-08-30,1496.9450136001878
Mohamed Elkhayat,Egypt,2024-08-31,1493.5750295126984
Scott Donaldson,Scotland,2022-07-05,1500.0
Scott Donaldson,Scotland,2022-07-05,1463.9962641111022
Scott Donaldson,Scotland,2022-07-05,1453.225305122862
Scott Donaldson,Scotland,2022-07-05,1464.607418051681
Scott Donaldson,Scotland,2022-07-24,1469.4390523758873
Scott Donaldson,Scotland,2022-08-12,1418.992149768663
Scott Donaldson,Scotland,2022-08-18,1380.2944775292985
Scott Donaldson,Scotland,2022-08-25,1427.7767956229325
Scott Donaldson,Scotland,2022-10-12,1467.557929209011
Scott Donaldson,Scotland,2022-10-18,1382.9686832915509
Scott Donaldson,Scotland,2022-10-26,1399.5923118183248
Scott Donaldson,Scotland,2022-11-07,1418.8211796553815
Scott Donaldson,Scotland,2022-11-25,1451.695459081526
Scott Donaldson,Scotland,2022-11-26,1427.9377389154536
Scott Donaldson,Scotland,2022-11-29,1515.6076785405144
Scott Donaldson,Scotland,2022-11-30,1535.4962310798585
Scott Donaldson,Scotland,2022-12-13,1580.787950493389
Scott Donaldson,Scotland,2022-12-15,1548.4750465491416
Scott Donaldson,Scotland,2023-01-13,1518.6150571684377
Scott Donaldson,Scotland,2023-03-16,1551.6570964190855
Scott Donaldson,Scotland,2023-03-19,1608.202500736709
Scott Donaldson,Scotland,2023-03-21,1673.4588646002533
Scott Donaldson,Scotland,2023-03-21,1586.944432931324
Scott Donaldson,Scotland,2023-04-08,1542.7455611509633
Scott Donaldson,Scotland,2023-04-10,1595.4489808693777
Scott Donaldson,Scotland,2023-04-12,1382.1630575720967
Scott Donaldson,Scotland,2023-07-10,1354.1126225631183
Scott Donaldson,Scotland,2023-07-10,1350.437660732147
Scott Donaldson,Scotland,2023-07-10,1313.527644421142
Scott Donaldson,Scotland,2023-07-28,1392.979216597455
Scott Donaldson,Scotland,2023-08-15,1437.356048145181
Scott Donaldson,Scotland,2023-08-23,1352.5231199206244
Scott Donaldson,Scotland,2023-09-03,1399.432078966263
Scott Donaldson,Scotland,2023-09-07,1460.5077322456768
Scott Donaldson,Scotland,2023-09-23,1516.4689163512483
Scott Donaldson,Scotland,2023-09-26,1492.438932043618
Scott Donaldson,Scotland,2023-09-28,1572.4455714516698
Scott Donaldson,Scotland,2023-09-28,1523.1754888778914
Scott Donaldson,Scotland,2023-10-03,1546.9899619004416
Scott Donaldson,Scotland,2023-10-09,1616.4732427373801
Scott Donaldson,Scotland,2023-10-18,1522.2369564667804
Scott Donaldson,Scotland,2023-11-01,1529.7913383370449
Scott Donaldson,Scotland,2023-11-05,1625.0057840594063
Scott Donaldson,Scotland,2023-11-20,1653.2342564596195
Scott Donaldson,Scotland,2023-11-21,1706.1009918414668
Scott Donaldson,Scotland,2023-11-23,1681.7925922817387
Scott Donaldson,Scotland,2023-12-13,1639.1287965786719
Scott Donaldson,Scotland,2023-12-20,1802.0886324449762
Scott Donaldson,Scotland,2024-01-24,1749.9400259584022
Scott Donaldson,Scotland,2024-01-25,1722.6350678689798
Scott Donaldson,Scotland,2024-01-29,1655.3720238790493
Scott Donaldson,Scotland,2024-04-13,1653.5682826229652
Scott Donaldson,Scotland,2024-04-15,1726.6275377148634
Scott Donaldson,Scotland,2024-04-17,1818.193654447413
Scott Donaldson,Scotland,2024-06-20,1908.4793109181403
Scott Donaldson,Scotland,2024-06-20,1893.699898412766
Scott Donaldson,Scotland,2024-06-20,1871.934822307366
Scott Donaldson,Scotland,2024-06-29,1872.8141651286933
Scott Donaldson,Scotland,2024-06-29,1906.4682102246722
Scott Donaldson,Scotland,2024-06-29,1967.6122782258467
Scott Donaldson,Scotland,2024-07-03,2027.7714052699214
Scott Donaldson,Scotland,2024-07-03,2063.8256367484764
Scott Donaldson,Scotland,2024-07-03,2025.2618817253006
Scott Donaldson,Scotland,2024-07-29,1899.1104972628966
Scott Donaldson,Scotland,2024-08-03,1827.3791975663194
Scott Donaldson,Scotland,2024-09-01,1818.8567565245917
Scott Donaldson,Scotland,2024-09-02,1871.4647095845191
Scott Donaldson,Scotland,2024-09-03,1992.81376558282
Scott Donaldson,Scotland,2024-09-04,2028.5711658443429
Scott Donaldson,Scotland,2024-09-13,1956.354574829773
Scott Donaldson,Scotland,2024-09-29,1966.8841769747835
Scott Donaldson,Scotland,2024-09-30,1852.6355512022394
Scott Donaldson,Scotland,2024-10-20,1839.0127617717367
Scott Donaldson,Scotland,2024-10-29,1826.6278260339193
Scott Donaldson,Scotland,2024-11-19,1758.0552225671158
Scott Donaldson,Scotland,2024-12-09,1741.9310139421868
Scott Donaldson,Scotland,2024-12-19,1687.7041119581934
Scott Donaldson,Scotland,2025-02-06,1673.6271192336103
Scott Donaldson,Scotland,2025-02-11,1734.9399406846308
Scott Donaldson,Scotland,2025-02-23,1733.2570350479227
Scott Donaldson,Scotland,2025-02-24,1762.071341185338
Scott Donaldson,Scotland,2025-04-14,1882.8313466847985
Scott Donaldson,Scotland,2025-06-23,1950.967668369262
Scott Donaldson,Scotland,2025-06-25,1980.9949195208005
Scott Donaldson,Scotland,2025-07-01,1982.31539994311
Scott Donaldson,Scotland,2025-07-01,1940.0637566269775
Scott Donaldson,Scotland,2025-07-01,1973.8428332318308
Scott Donaldson,Scotland,2025-08-09,1955.038803595077
Scott Donaldson,Scotland,2025-08-25,1967.2987206727446
Scott Donaldson,Scotland,2025-08-26,1954.273549891555
Scott Donaldson,Scotland,2025-09-03,1973.4941573020471
Scott Donaldson,Scotland,2025-09-06,1985.3488396283267
Scott Donaldson,Scotland,2025-09-14,1993.990972404733
Scott Donaldson,Scotland,2025-09-16,2023.191720336152
Scott Donaldson,Scotland,2025-09-24,2077.054401273991
Scott Donaldson,Scotland,2025-10-01,2059.072618582108
Scott Donaldson,Scotland,2025-10-17,1985.2673420240512
Scott Donaldson,Scotland,2025-10-19,2073.366025083046
Scott Donaldson,Scotland,2025-11-03,2127.7208097331595
Scott Donaldson,Scotland,2025-11-04,2280.6738218016994
Scott Donaldson,Scotland,2025-11-05,2437.541010944086
Scott Donaldson,Scotland,2025-11-23,2438.525097968262
Scott Donaldson,Scotland,2025-11-25,2578.9598087147883
Scott Donaldson,Scotland,2025-11-26,2602.4995654720356
Scott Donaldson,Scotland,2025-12-01,2665.24638995644
Scott Donaldson,Scotland,2025-12-04,2786.854773323651
Scott Donaldson,Scotland,2026-01-07,2746.010239646713
Scott Donaldson,Scotland,2026-01-10,2689.3822529946174
Scott Donaldson,Scotland,2026-01-27,2801.329918620577
Scott Donaldson,Scotland,2026-01-28,2873.905957663398
Scott Donaldson,Scotland,2026-02-11,2834.0652095101755
Wang Yuchen,China,2024-07-29,1500.0
Wang Yuchen,China,2024-07-29,1555.944693855834
Wang Yuchen,China,2024-08-02,1523.4460998703007
Wang Yuchen,China,2024-08-19,1513.284020054264
Wang Yuchen,China,2024-08-30,1474.2536818967376
Wang Yuchen,China,2024-09-12,1524.5741746973815
Wang Yuchen,China,2024-09-14,1572.47065536652
Wang Yuchen,China,2024-09-28,1619.2285442576617
Wang Yuchen,China,2024-09-29,1628.148418159086
Wang Yuchen,China,2024-09-30,1724.4775359464231
Wang Yuchen,China,2024-10-21,1848.499145998862
Wang Yuchen,China,2024-10-23,1826.3581483689343
Wang Yuchen,China,2024-10-28,1800.3921361299529
Wang Yuchen,China,2024-10-29,1823.05636987225
Wang Yuchen,China,2024-11-16,1801.5150949201884
Wang Yuchen,China,2024-11-17,1859.4947185847136
Wang Yuchen,China,2024-11-19,1887.7723618007292
Wang Yuchen,China,2024-11-20,1928.0981808517784
Wang Yuchen,China,2024-12-04,1915.6713675470264
Wang Yuchen,China,2024-12-18,1908.258229348477
Wang Yuchen,China,2024-12-19,1860.6171735561488
Wang Yuchen,China,2024-12-21,1947.17331191707
Wang Yuchen,China,2025-02-04,1993.2306265603602
Wang Yuchen,China,2025-02-06,2001.8446471010357
Wang Yuchen,China,2025-02-10,1976.8976143341054
Wang Yuchen,China,2025-04-09,1923.9621502339435
Wang Yuchen,China,2025-04-14,2004.1240306623556
Wang Yuchen,China,2025-04-16,2019.5836866073753
Wang Yuchen,China,2025-06-24,2025.133742544728
Wang Yuchen,China,2025-06-25,2002.1736897797268
Wang Yuchen,China,2025-07-03,2032.7241705595884
Wang Yuchen,China,2025-07-03,2019.6569691991692
Wang Yuchen,China,2025-07-03,1979.4414188288326
Wang Yuchen,China,2025-08-09,1947.1756385349645
Wang Yuchen,China,2025-08-10,2006.4845559309254
Wang Yuchen,China,2025-08-24,1987.845507371486
Wang Yuchen,China,2025-09-03,2047.093491179408
Wang Yuchen,China,2025-09-05,1995.3156063120016
Wang Yuchen,China,2025-09-11,2016.8933162286417
Wang Yuchen,China,2025-09-13,2067.3699946337138
Wang Yuchen,China,2025-09-30,2047.8643232128543
Wang Yuchen,China,2025-10-07,2014.5913811718938
Wang Yuchen,China,2025-10-16,2006.8684275145733
Wang Yuchen,China,2025-10-17,2072.000252140422
Wang Yuchen,China,2025-11-02,2060.6832000331087
Wang Yuchen,China,2025-11-23,2069.0901371527843
Wang Yuchen,China,2025-12-11,2044.1248722751513
Wang Yuchen,China,2025-12-16,2156.428950421356
Wang Yuchen,China,2025-12-17,2131.9612347438447
Wang Yuchen,China,2026-01-06,2093.8398179885803
Wang Yuchen,China,2026-01-09,2061.048405486487
Wang Yuchen,China,2026-01-10,2096.130564322121
Wang Yuchen,China,2026-02-11,2045.1473268347347
Alfie Burden,England,2022-07-04,1500.0
Alfie Burden,England,2022-07-04,1491.7928815057608
Alfie Burden,England,2022-07-04,1484.4785853684946
Alfie Burden,England,2022-07-04,1467.046968816534
Alfie Burden,England,2022-07-24,1385.4219923868368
Alfie Burden,England,2022-08-11,1331.2953826466664
Alfie Burden,England,2022-08-25,1293.1454952922204
Alfie Burden,England,2022-10-14,1279.8460626018966
Alfie Burden,England,2022-10-29,1298.3761441935094
Alfie Burden,England,2022-11-05,1360.1847706282122
Alfie Burden,England,2022-11-06,1413.3350628073895
Alfie Burden,England,2022-11-07,1434.3211510641634
Alfie Burden,England,2022-11-23,1431.921196138236
Alfie Burden,England,2023-01-26,1436.9596395824808
Alfie Burden,England,2023-01-27,1422.8856059147001
Alfie Burden,England,2023-02-13,1419.809252806561
Alfie Burden,England,2023-03-18,1465.4386304932566
Alfie Burden,England,2023-04-04,1460.797996608551
Alfie Burden,England,2023-04-06,1486.6705689484343
Alfie Burden,England,2023-04-09,1390.0528030768342
Alfie Burden,England,2023-07-10,1336.8428626472885
Alfie Burden,England,2023-07-10,1425.1836957494293
Alfie Burden,England,2023-07-10,1438.6924072727484
Alfie Burden,England,2023-07-27,1419.2571343704485
Alfie Burden,England,2023-08-14,1375.9951498384771
Alfie Burden,England,2023-08-23,1393.193751481747
Alfie Burden,England,2023-09-01,1543.6329445457
Alfie Burden,England,2023-09-07,1521.0243245220563
Alfie Burden,England,2023-09-19,1541.1282327356637
Alfie Burden,England,2023-10-10,1533.4095152441523
Alfie Burden,England,2023-10-17,1542.8899663058332
Alfie Burden,England,2023-10-24,1533.2457407835252
Alfie Burden,England,2023-10-30,1553.4722715649143
Alfie Burden,England,2023-11-18,1444.4932940472283
Alfie Burden,England,2023-12-07,1454.1428079033271
Alfie Burden,England,2023-12-08,1448.5556220446958
Alfie Burden,England,2023-12-11,1430.3593989130495
Alfie Burden,England,2023-12-20,1396.9663977855066
Alfie Burden,England,2024-01-23,1490.6539555202298
Alfie Burden,England,2024-01-25,1500.8986042560855
Alfie Burden,England,2024-04-10,1471.9751462680852
Alfie Burden,England,2024-04-13,1620.9147896902493
Alfie Burden,England,2024-04-15,1550.8458593059058
Alfie Burden,England,2024-06-26,1524.3674359522934
Alfie Burden,England,2024-06-26,1513.2051322796706
Alfie Burden,England,2024-06-26,1553.0948331646932
Alfie Burden,England,2024-07-28,1569.1720152568603
Alfie Burden,England,2024-08-02,1571.1478721989304
Alfie Burden,England,2024-08-19,1705.3625483670792
Alfie Burden,England,2024-08-20,1737.1892017832772
Alfie Burden,England,2024-08-31,1712.3915140367758
Alfie Burden,England,2024-09-01,1691.223487208089
Alfie Burden,England,2024-09-12,1613.6398903251218
Alfie Burden,England,2024-09-24,1596.5913333187264
Alfie Burden,England,2024-09-28,1583.098732502355
Alfie Burden,England,2024-09-29,1627.4561796597716
Alfie Burden,England,2024-10-01,1663.873348417452
Alfie Burden,England,2024-10-28,1613.6836638015404
Alfie Burden,England,2024-11-17,1713.3850753351946
Alfie Burden,England,2024-11-19,1700.0297734832707
Alfie Burden,England,2024-12-05,1712.6075560309657
Alfie Burden,England,2024-12-06,1698.5899219717828
Alfie Burden,England,2024-12-18,1722.9951660023269
Alfie Burden,England,2024-12-19,1741.5476302287566
Alfie Burden,England,2024-12-20,1886.7019676502973
Alfie Burden,England,2025-01-27,1964.6521071084644
Alfie Burden,England,2025-02-04,1959.9699099885172
Alfie Burden,England,2025-02-06,1917.495741672555
Alfie Burden,England,2025-02-24,1908.987069535813
Alfie Burden,England,2025-04-12,1724.5763012555863
Alfie Burden,England,2025-07-01,1676.5787526327779
Alfie Burden,England,2025-07-01,1717.532713341594
Alfie Burden,England,2025-07-01,1834.7030935601217
Alfie Burden,England,2025-07-19,1873.9029323085567
Alfie Burden,England,2025-07-19,1869.3711487552707
Alfie Burden,England,2025-07-19,1896.4095445538717
Alfie Burden,England,2025-11-12,1892.5421118727236
Alfie Burden,England,2025-12-10,1908.69144349112
Alfie Burden,England,2025-12-12,1944.6587364404143
Alfie Burden,England,2025-12-13,1966.0686186430203
Alfie Burden,England,2025-12-13,1981.3002408298112
Alfie Burden,England,2025-12-13,1981.7275655836293
Alfie Burden,England,2025-12-13,2017.1473001740937
Alfie Burden,England,2025-12-13,2033.9004930531648
Ricky Walden,England,2022-07-05,1500.0
Ricky Walden,England,2022-07-05,1487.992528222204
Ricky Walden,England,2022-07-05,1525.884475709603
Ricky Walden,England,2022-07-05,1560.9455694296962
Ricky Walden,England,2022-07-24,1572.3595200762102
Ricky Walden,England,2022-07-28,1585.840973523626
Ricky Walden,England,2022-07-28,1575.1339238285473
Ricky Walden,England,2022-07-29,1588.7261848053895
Ricky Walden,England,2022-07-29,1602.9871312647902
Ricky Walden,England,2022-07-29,1622.3731797308903
Ricky Walden,England,2022-07-29,1607.2121610529873
Ricky Walden,England,2022-08-17,1620.5299262458173
Ricky Walden,England,2022-08-18,1502.127767307783
Ricky Walden,England,2022-09-26,1430.0991308128782
Ricky Walden,England,2022-10-12,1416.9081953242817
Ricky Walden,England,2022-10-16,1381.8328166331098
Ricky Walden,England,2022-10-28,1470.5114924668928
Ricky Walden,England,2022-11-08,1373.1828748480825
Ricky Walden,England,2022-11-25,1405.6043271488534
Ricky Walden,England,2022-11-26,1381.6763276252793
Ricky Walden,England,2022-11-29,1384.3837044300824
Ricky Walden,England,2022-12-01,1517.5244367712828
Ricky Walden,England,2022-12-01,1594.269838356235
Ricky Walden,England,2022-12-02,1524.6442869774105
Ricky Walden,England,2022-12-12,1529.6099911298684
Ricky Walden,England,2022-12-14,1592.5315358731764
Ricky Walden,England,2023-01-03,1635.9641994281048
Ricky Walden,England,2023-01-03,1708.513054825183
Ricky Walden,England,2023-01-03,1760.353921507341
Ricky Walden,England,2023-01-03,1761.884369851634
Ricky Walden,England,2023-01-04,1812.2631107001625
Ricky Walden,England,2023-01-04,1850.860867412651
Ricky Walden,England,2023-01-04,1831.251200820099
Ricky Walden,England,2023-01-05,1848.2736881328972
Ricky Walden,England,2023-01-05,1782.5821081407953
Ricky Walden,England,2023-01-05,1778.8400920505337
Ricky Walden,England,2023-01-06,1786.6308372941312
Ricky Walden,England,2023-01-06,1876.1469298859497
Ricky Walden,England,2023-01-06,1832.5457085522755
Ricky Walden,England,2023-01-12,1881.2352538132668
Ricky Walden,England,2023-01-17,1802.0996533985947
Ricky Walden,England,2023-01-26,1784.8609517574553
Ricky Walden,England,2023-02-03,1664.8027091709619
Ricky Walden,England,2023-02-15,1582.0649304195306
Ricky Walden,England,2023-03-16,1504.194771208998
Ricky Walden,England,2023-04-08,1572.501092042177
Ricky Walden,England,2023-04-11,1688.64233434937
Ricky Walden,England,2023-04-16,1783.3082714229545
Ricky Walden,England,2023-07-14,1752.6650575023882
Ricky Walden,England,2023-07-14,1709.4167507048428
Ricky Walden,England,2023-07-14,1686.3413135432804
Ricky Walden,England,2023-07-26,1663.8005202560887
Ricky Walden,England,2023-08-15,1575.2707155255316
Ricky Walden,England,2023-08-22,1664.1316623770053
Ricky Walden,England,2023-08-24,1706.867928001204
Ricky Walden,England,2023-08-24,1677.5488950875126
Ricky Walden,England,2023-09-05,1623.6081506280364
Ricky Walden,England,2023-09-08,1637.4919181213104
Ricky Walden,England,2023-09-23,1649.1265774976316
Ricky Walden,England,2023-10-02,1658.8154146831505
Ricky Walden,England,2023-10-04,1697.1214245741057
Ricky Walden,England,2023-10-05,1722.6563867363448
Ricky Walden,England,2023-10-22,1751.5911540197972
Ricky Walden,England,2023-10-24,1777.314730864734
Ricky Walden,England,2023-10-25,1824.9067031594675
Ricky Walden,England,2023-10-26,1824.3097978401258
Ricky Walden,England,2023-10-27,1809.2461328511877
Ricky Walden,England,2023-11-01,1811.4719110441883
Ricky Walden,England,2023-11-05,1827.7887423681707
Ricky Walden,England,2023-11-07,1868.7797432253044
Ricky Walden,England,2023-11-20,1919.369526849784
Ricky Walden,England,2023-11-22,1930.047852445327
Ricky Walden,England,2023-12-06,1907.6544365941863
Ricky Walden,England,2023-12-12,1960.1057705118897
Ricky Walden,England,2023-12-13,1993.041623451021
Ricky Walden,England,2023-12-18,1978.6577098546638
Ricky Walden,England,2024-01-17,2015.2957254463595
Ricky Walden,England,2024-01-22,2026.511240784375
Ricky Walden,England,2024-01-26,1996.5256311799376
Ricky Walden,England,2024-01-31,1937.2108897750375
Ricky Walden,England,2024-02-07,1943.9869348206346
Ricky Walden,England,2024-02-07,2010.8279892660496
Ricky Walden,England,2024-02-07,1941.2138626166984
Ricky Walden,England,2024-02-08,1956.1561570553345
Ricky Walden,England,2024-02-08,2028.268659567167
Ricky Walden,England,2024-02-08,1982.9363765381895
Ricky Walden,England,2024-02-09,1991.0145379210642
Ricky Walden,England,2024-02-09,1951.0933663060077
Ricky Walden,England,2024-02-09,1949.7831869501547
Ricky Walden,England,2024-02-10,1925.025404090778
Ricky Walden,England,2024-02-10,2014.6826702332785
Ricky Walden,England,2024-02-10,2025.6359250388773
Ricky Walden,England,2024-02-10,2109.2762764635704
Ricky Walden,England,2024-02-10,2135.829978350659
Ricky Walden,England,2024-02-13,2143.715847646139
Ricky Walden,England,2024-02-14,2176.550687836378
Ricky Walden,England,2024-02-15,2179.941841771648
Ricky Walden,England,2024-02-26,2231.0276623664486
Ricky Walden,England,2024-02-26,2143.456397271872
Ricky Walden,England,2024-02-26,2064.1777997670824
Ricky Walden,England,2024-02-27,2044.0808606936591
Ricky Walden,England,2024-02-27,2068.0799997158533
Ricky Walden,England,2024-02-27,2075.9250516036936
Ricky Walden,England,2024-03-18,2120.4530329789886
Ricky Walden,England,2024-03-20,2135.302707022579
Ricky Walden,England,2024-04-13,2081.4639038895907
Ricky Walden,England,2024-04-16,2078.006917770433
Ricky Walden,England,2024-04-21,2045.7011797320356
Ricky Walden,England,2024-06-18,2054.0818024821356
Ricky Walden,England,2024-06-18,2033.916715051217
Ricky Walden,England,2024-06-18,1988.520328116945
Ricky Walden,England,2024-07-26,1974.9337998145168
Ricky Walden,England,2024-07-28,1937.2956648231568
Ricky Walden,England,2024-08-01,1969.0694147851532
Ricky Walden,England,2024-08-20,1964.2612299649907
Ricky Walden,England,2024-08-21,1996.8502666377908
Ricky Walden,England,2024-09-01,1930.854292611666
Ricky Walden,England,2024-09-16,1924.6840220744634
Ricky Walden,England,2024-09-17,1967.610395285037
Ricky Walden,England,2024-09-25,1949.5180919866982
Ricky Walden,England,2024-09-26,1964.8229265264113
Ricky Walden,England,2024-10-02,1953.9445473771661
Ricky Walden,England,2024-10-21,1894.443096281847
Ricky Walden,England,2024-10-29,1890.0132857164292
Ricky Walden,England,2024-11-03,1850.773118312534
Ricky Walden,England,2024-11-19,1868.719694792566
Ricky Walden,England,2024-11-21,1828.4040451480284
Ricky Walden,England,2024-12-10,1896.2016830839157
Ricky Walden,England,2024-12-19,1916.8953333893774
Ricky Walden,England,2024-12-21,1904.0427576968486
Ricky Walden,England,2025-01-24,1985.016441270144
Ricky Walden,England,2025-01-24,2090.933384138881
Ricky Walden,England,2025-01-24,2190.874113659528
Ricky Walden,England,2025-01-24,2187.7916261808523
Ricky Walden,England,2025-01-25,2272.2357858632295
Ricky Walden,England,2025-01-25,2323.560188621787
Ricky Walden,England,2025-01-25,2328.0477935234335
Ricky Walden,England,2025-01-28,2338.0032820812335
Ricky Walden,England,2025-01-29,2325.0736974013125
Ricky Walden,England,2025-02-06,2349.347519417058
Ricky Walden,England,2025-02-11,2281.751690484657
Ricky Walden,England,2025-04-12,2204.549021404561
Ricky Walden,England,2025-04-15,2195.1503952657786
Ricky Walden,England,2025-06-22,2185.002218676299
Ricky Walden,England,2025-06-27,2216.9339016819376
Ricky Walden,England,2025-07-03,2256.838872100492
Ricky Walden,England,2025-07-03,2237.9425415417063
Ricky Walden,England,2025-07-03,2267.4877579660892
Ricky Walden,England,2025-07-21,2291.4322593041493
Ricky Walden,England,2025-07-21,2394.0757592957643
Ricky Walden,England,2025-07-21,2406.714229801047
Ricky Walden,England,2025-07-23,2442.590488444206
Ricky Walden,England,2025-07-23,2464.3236592082735
Ricky Walden,England,2025-07-23,2461.0769150466413
Ricky Walden,England,2025-08-10,2408.169401462016
Ricky Walden,England,2025-09-01,2428.9345774364224
Ricky Walden,England,2025-09-07,2425.3954397728544
Ricky Walden,England,2025-09-14,2442.8597878539144
Ricky Walden,England,2025-09-16,2510.8001076546107
Ricky Walden,England,2025-09-17,2609.7217639269124
Ricky Walden,England,2025-09-18,2592.6048687366592
Ricky Walden,England,2025-10-01,2568.950221615507
Ricky Walden,England,2025-10-07,2581.8350224983387
Ricky Walden,England,2025-10-17,2576.8196478358054
Ricky Walden,England,2025-11-02,2568.6109791179033
Ricky Walden,England,2025-11-25,2448.674847761072
Ricky Walden,England,2025-12-10,2443.6312302552196
Ricky Walden,England,2025-12-12,2426.0395091604455
Ricky Walden,England,2026-01-07,2433.517217680001
Ricky Walden,England,2026-01-08,2475.6591278181927
Ricky Walden,England,2026-01-10,2474.8766209559967
Ricky Walden,England,2026-02-23,2485.1356889230315
Ronnie O'Sullivan,England,2022-07-04,1500.0
Ronnie O'Sullivan,England,2022-07-04,1540.4900316518972
Ronnie O'Sullivan,England,2022-07-04,1548.8780929883835
Ronnie O'Sullivan,England,2022-07-04,1554.6727888636178
Ronnie O'Sullivan,England,2022-07-27,1498.333647232026
Ronnie O'Sullivan,England,2022-07-27,1542.7276377105575
Ronnie O'Sullivan,England,2022-07-27,1529.297681521313
Ronnie O'Sullivan,England,2022-09-26,1462.7181774871353
Ronnie O'Sullivan,England,2022-10-07,1534.9306674567301
Ronnie O'Sullivan,England,2022-10-08,1635.8991587190435
Ronnie O'Sullivan,England,2022-10-09,1699.445789174547
Ronnie O'Sullivan,England,2022-10-16,1700.799048680179
Ronnie O'Sullivan,England,2022-10-19,1661.7399878656845
Ronnie O'Sullivan,England,2022-11-03,1694.0231736571814
Ronnie O'Sullivan,England,2022-11-03,1763.8250240464838
Ronnie O'Sullivan,England,2022-11-05,1836.12034039838
Ronnie O'Sullivan,England,2022-11-06,2016.6440408062326
Ronnie O'Sullivan,England,2022-11-14,2099.2716204433455
Ronnie O'Sullivan,England,2022-11-16,2137.9634590775063
Ronnie O'Sullivan,England,2022-11-18,1955.758589586369
Ronnie O'Sullivan,England,2022-11-28,1949.8014633025214
Ronnie O'Sullivan,England,2022-11-29,1950.0111553529684
Ronnie O'Sullivan,England,2022-11-30,1906.0920123330714
Ronnie O'Sullivan,England,2022-12-12,1901.337840907719
Ronnie O'Sullivan,England,2022-12-14,1921.076319893684
Ronnie O'Sullivan,England,2022-12-15,1846.3240548103572
Ronnie O'Sullivan,England,2023-01-10,1921.918328109957
Ronnie O'Sullivan,England,2023-01-12,1963.8170468408468
Ronnie O'Sullivan,England,2023-01-17,1972.2552770515413
Ronnie O'Sullivan,England,2023-01-18,1921.1869259439643
Ronnie O'Sullivan,England,2023-02-13,1916.359191110644
Ronnie O'Sullivan,England,2023-02-14,1936.1270940739462
Ronnie O'Sullivan,England,2023-02-15,1932.8917810614978
Ronnie O'Sullivan,England,2023-02-16,1906.60765451717
Ronnie O'Sullivan,England,2023-02-17,1766.6503391792746
Ronnie O'Sullivan,England,2023-03-17,1813.7249401174595
Ronnie O'Sullivan,England,2023-04-15,1887.8708237021453
Ronnie O'Sullivan,England,2023-04-22,2044.5729294613036
Ronnie O'Sullivan,England,2023-04-26,2013.8300674008476
Ronnie O'Sullivan,England,2023-09-12,2079.525986029781
Ronnie O'Sullivan,England,2023-09-14,2202.1213850200215
Ronnie O'Sullivan,England,2023-09-15,2379.834489121015
Ronnie O'Sullivan,England,2023-09-17,2518.3842323568447
Ronnie O'Sullivan,England,2023-10-02,2486.813823038059
Ronnie O'Sullivan,England,2023-10-04,2530.499203474316
Ronnie O'Sullivan,England,2023-10-05,2524.6444310406973
Ronnie O'Sullivan,England,2023-10-05,2471.0336029574614
Ronnie O'Sullivan,England,2023-10-09,2506.574838687675
Ronnie O'Sullivan,England,2023-10-10,2492.132347970559
Ronnie O'Sullivan,England,2023-10-11,2527.846541801892
Ronnie O'Sullivan,England,2023-10-12,2539.0137756347754
Ronnie O'Sullivan,England,2023-10-13,2429.920002029931
Ronnie O'Sullivan,England,2023-11-05,2457.5596145336604
Ronnie O'Sullivan,England,2023-11-06,2535.1977412373326
Ronnie O'Sullivan,England,2023-11-07,2513.3717436665556
Ronnie O'Sullivan,England,2023-11-08,2516.256290460626
Ronnie O'Sullivan,England,2023-11-09,2476.0653213296623
Ronnie O'Sullivan,England,2023-11-11,2377.6497191387725
Ronnie O'Sullivan,England,2023-11-28,2407.157612196239
Ronnie O'Sullivan,England,2023-11-30,2436.6109959181695
Ronnie O'Sullivan,England,2023-12-01,2468.7588589339316
Ronnie O'Sullivan,England,2023-12-02,2485.117962495275
Ronnie O'Sullivan,England,2023-12-03,2707.0704904163217
Ronnie O'Sullivan,England,2024-01-08,2770.0924828288694
Ronnie O'Sullivan,England,2024-01-11,2776.01239996847
Ronnie O'Sullivan,England,2024-01-13,2779.657415156589
Ronnie O'Sullivan,England,2024-01-14,2778.041344098014
Ronnie O'Sullivan,England,2024-01-16,2821.629246263081
Ronnie O'Sullivan,England,2024-01-18,2841.4918037147
Ronnie O'Sullivan,England,2024-01-19,2853.040699383963
Ronnie O'Sullivan,England,2024-01-20,2964.716694971162
Ronnie O'Sullivan,England,2024-01-21,2911.3033506125903
Ronnie O'Sullivan,England,2024-01-23,2896.8332437910226
Ronnie O'Sullivan,England,2024-02-20,2899.6807049924514
Ronnie O'Sullivan,England,2024-02-22,2710.7325883969183
Ronnie O'Sullivan,England,2024-02-28,2739.948763825536
Ronnie O'Sullivan,England,2024-02-28,2744.780463373538
Ronnie O'Sullivan,England,2024-02-28,2747.6738397221093
Ronnie O'Sullivan,England,2024-02-28,2652.4667230884556
Ronnie O'Sullivan,England,2024-03-05,2734.417621782238
Ronnie O'Sullivan,England,2024-03-06,2769.840742634545
Ronnie O'Sullivan,England,2024-03-06,2834.5212956070945
Ronnie O'Sullivan,England,2024-03-19,2870.0556529535233
Ronnie O'Sullivan,England,2024-03-20,2905.702062454847
Ronnie O'Sullivan,England,2024-03-21,2867.2576394939415
Ronnie O'Sullivan,England,2024-04-03,2888.3960434988967
Ronnie O'Sullivan,England,2024-04-05,2912.3440010243175
Ronnie O'Sullivan,England,2024-04-07,2790.3316468041235
Ronnie O'Sullivan,England,2024-04-25,2786.4385363900915
Ronnie O'Sullivan,England,2024-04-29,2883.8162290313508
Ronnie O'Sullivan,England,2024-05-01,2833.9909994606087
Ronnie O'Sullivan,England,2024-06-25,2811.376550598889
Ronnie O'Sullivan,England,2024-06-25,2813.132379447002
Ronnie O'Sullivan,England,2024-06-25,2717.9023447243985
Ronnie O'Sullivan,England,2024-07-16,2770.9180383128564
Ronnie O'Sullivan,England,2024-07-18,2818.2360711311494
Ronnie O'Sullivan,England,2024-07-20,2626.039647508771
Ronnie O'Sullivan,England,2024-08-19,2611.8892334884863
Ronnie O'Sullivan,England,2024-08-20,2622.73598110239
Ronnie O'Sullivan,England,2024-08-21,2635.35260381759
Ronnie O'Sullivan,England,2024-08-22,2649.919605433129
Ronnie O'Sullivan,England,2024-08-23,2611.6549164114995
Ronnie O'Sullivan,England,2024-08-24,2599.713040277206
Ronnie O'Sullivan,England,2024-09-03,2635.586307256462
Ronnie O'Sullivan,England,2024-09-04,2691.4017032948536
Ronnie O'Sullivan,England,2024-09-05,2622.64659992291
Ronnie O'Sullivan,England,2024-09-17,2543.3603996280654
Ronnie O'Sullivan,England,2024-11-03,2571.3747568122503
Ronnie O'Sullivan,England,2024-11-04,2650.9855945674303
Ronnie O'Sullivan,England,2024-11-05,2642.220135838309
Ronnie O'Sullivan,England,2024-11-14,2679.9912515647043
Ronnie O'Sullivan,England,2024-11-23,2640.3372287102975
Ronnie O'Sullivan,England,2024-12-19,2728.8595890897436
Ronnie O'Sullivan,England,2024-12-20,2715.1125210923333
Ronnie O'Sullivan,England,2025-01-08,2670.454608192634
Ronnie O'Sullivan,England,2025-01-08,2655.079470973077
Ronnie O'Sullivan,England,2025-01-08,2690.6014845036425
Ronnie O'Sullivan,England,2025-01-08,2755.653510899262
Ronnie O'Sullivan,England,2025-01-09,2759.1973316108392
Ronnie O'Sullivan,England,2025-04-23,2841.2141885398537
Ronnie O'Sullivan,England,2025-04-28,2889.479630287753
Ronnie O'Sullivan,England,2025-04-30,2939.427697604262
Ronnie O'Sullivan,England,2025-05-02,2619.168410322542
Ronnie O'Sullivan,England,2025-07-30,2812.6431796366533
Ronnie O'Sullivan,England,2025-07-31,2808.8284375296025
Ronnie O'Sullivan,England,2025-08-12,2903.925754578158
Ronnie O'Sullivan,England,2025-08-13,2954.8402033312123
Ronnie O'Sullivan,England,2025-08-14,3159.98931155494
Ronnie O'Sullivan,England,2025-08-15,3237.226508071872
Ronnie O'Sullivan,England,2025-08-16,3276.349242175293
Ronnie O'Sullivan,England,2025-10-07,3285.2946624790475
Ronnie O'Sullivan,England,2025-10-08,3269.2348591003565
Ronnie O'Sullivan,England,2025-10-09,3303.5281325308783
Ronnie O'Sullivan,England,2025-10-10,3337.7761520338636
Ronnie O'Sullivan,England,2025-10-11,3257.6954666987976
Ronnie O'Sullivan,England,2025-11-02,3333.423585126959
Ronnie O'Sullivan,England,2025-11-03,3334.1517121709767
Ronnie O'Sullivan,England,2025-11-04,3327.877166005023
Ronnie O'Sullivan,England,2025-11-19,3221.8911038763017
Ronnie O'Sullivan,England,2025-12-02,3200.7277287826096
Ronnie O'Sullivan,England,2026-01-27,3184.7135004350766
Ronnie O'Sullivan,England,2026-01-28,3149.3760993769774
Ronnie O'Sullivan,England,2026-02-04,3161.431740059368
Ronnie O'Sullivan,England,2026-02-05,3185.2242930225934
Mark Davis,England,2022-07-20,1500.0
Mark Davis,England,2022-07-20,1555.8339187835024
Mark Davis,England,2022-07-20,1556.9173882210368
Mark Davis,England,2022-07-20,1541.716874079104
Mark Davis,England,2022-07-20,1505.7632627627033
Mark Davis,England,2022-07-22,1470.0122061553152
Mark Davis,England,2022-08-24,1394.771724481628
Mark Davis,England,2022-09-26,1348.6678238225747
Mark Davis,England,2022-10-29,1438.9644755812878
Mark Davis,England,2022-11-06,1379.7618551661735
Mark Davis,England,2022-11-25,1527.446419622593
Mark Davis,England,2022-11-26,1499.3237762080776
Mark Davis,England,2022-11-28,1465.8390662561358
Mark Davis,England,2022-12-13,1429.2313870102578
Mark Davis,England,2023-01-11,1370.1807094618682
Mark Davis,England,2023-01-26,1384.3776571287494
Mark Davis,England,2023-01-27,1401.484215682741
Mark Davis,England,2023-01-28,1394.7499384607263
Mark Davis,England,2023-03-16,1408.953893564806
Mark Davis,England,2023-03-20,1468.6572260135615
Mark Davis,England,2023-04-07,1504.0186243989435
Mark Davis,England,2023-04-10,1639.4991900962489
Mark Davis,England,2023-04-12,1677.81789994197
Mark Davis,England,2023-07-10,1673.6047779625892
Mark Davis,England,2023-07-10,1635.438271682578
Mark Davis,England,2023-07-10,1642.8108191363358
Mark Davis,England,2023-07-27,1611.2831326213773
Mark Davis,England,2023-08-19,1624.875531082791
Mark Davis,England,2023-08-23,1585.890599265188
Mark Davis,England,2023-09-05,1551.9949082360267
Mark Davis,England,2023-09-06,1538.1237106264582
Mark Davis,England,2023-09-20,1569.6867750358213
Mark Davis,England,2023-10-03,1591.209530526478
Mark Davis,England,2023-10-04,1572.1282306026164
Mark Davis,England,2023-10-10,1605.7644839646807
Mark Davis,England,2023-10-18,1660.4414974370434
Mark Davis,England,2023-10-24,1628.939078068772
Mark Davis,England,2023-11-06,1798.347080750688
Mark Davis,England,2023-11-07,1794.8165315846209
Mark Davis,England,2023-11-20,1827.0624822983782
Mark Davis,England,2023-11-21,1792.7203751159473
Mark Davis,England,2023-12-06,1789.7590988144977
Mark Davis,England,2023-12-08,1792.5510240041804
Mark Davis,England,2023-12-09,1794.6233369669962
Mark Davis,England,2023-12-09,1793.5631509592758
Mark Davis,England,2023-12-09,1774.6840872628095
Mark Davis,England,2023-12-11,1834.485960320259
Mark Davis,England,2023-12-13,1734.8159468796941
Mark Davis,England,2023-12-21,1790.2326456571416
Mark Davis,England,2024-01-24,1777.3075156964387
Mark Davis,England,2024-01-25,1760.2746965965343
Mark Davis,England,2024-01-31,1875.9590266074754
Mark Davis,England,2024-02-01,1869.7330640011105
Mark Davis,England,2024-04-11,1840.9065229193727
Mark Davis,England,2024-04-13,2063.0642492864995
Mark Davis,England,2024-04-16,2147.6180112468937
Mark Davis,England,2024-06-25,2158.1706055453083
Mark Davis,England,2024-06-25,2160.518249571401
Mark Davis,England,2024-06-25,2156.821879265676
Mark Davis,England,2024-07-27,2119.9732743114637
Mark Davis,England,2024-07-30,2156.3929419013407
Mark Davis,England,2024-07-31,2151.068918295827
Mark Davis,England,2024-08-19,2145.6441864431395
Mark Davis,England,2024-08-31,2140.9955468298335
Mark Davis,England,2024-09-14,2116.267519582284
Mark Davis,England,2024-09-16,2118.546007042624
Mark Davis,England,2024-09-24,2151.7988197907284
Mark Davis,England,2024-09-26,2172.6780084086954
Mark Davis,England,2024-09-29,2192.8118639719305
Mark Davis,England,2024-10-01,2145.8268224375765
Mark Davis,England,2024-10-06,2174.799252779015
Mark Davis,England,2024-10-20,2203.415798411168
Mark Davis,England,2024-10-22,2122.485390592551
Mark Davis,England,2024-10-29,2102.739403419241
Mark Davis,England,2024-11-17,2038.7673539845894
Mark Davis,England,2024-12-05,2012.6888170459958
Mark Davis,England,2024-12-10,1986.6719145773432
Mark Davis,England,2024-12-19,1963.6206950344144
Mark Davis,England,2024-12-20,2002.2635139959384
Mark Davis,England,2025-01-27,2076.7145849853305
Mark Davis,England,2025-02-05,2071.3456520654668
Mark Davis,England,2025-02-10,2071.6720405438514
Mark Davis,England,2025-02-23,2056.59734673918
Mark Davis,England,2025-04-10,2028.2969547811806
Mark Davis,England,2025-04-13,2114.7969016699567
Mark Davis,England,2025-06-22,2055.616860951958
Mark Davis,England,2025-07-10,2102.6435829088437
Mark Davis,England,2025-07-10,2125.3907530397723
Mark Davis,England,2025-07-10,2131.852986179082
Mark Davis,England,2025-08-09,2015.3267264871
Mark Davis,England,2025-09-03,1999.8233710858572
Mark Davis,England,2025-09-06,2007.4689447267597
Mark Davis,England,2025-09-13,1956.8981526221714
Mark Davis,England,2025-09-22,2045.1999734641258
Mark Davis,England,2025-10-01,2028.0230839304622
Mark Davis,England,2025-10-08,2186.931144517236
Mark Davis,England,2025-10-09,2128.437962612345
Mark Davis,England,2025-10-17,2097.4106610841613
Mark Davis,England,2025-10-21,2179.506763402408
Mark Davis,England,2025-10-22,2149.4185534823437
Mark Davis,England,2025-11-23,2088.8228449382464
Mark Davis,England,2025-12-10,2081.680300776692
Mark Davis,England,2025-12-15,2132.06666389352
Mark Davis,England,2026-01-06,2094.8942099413625
Mark Davis,England,2026-01-10,2051.868476428539
Mark Davis,England,2026-01-26,2080.719525209644
Mark Davis,England,2026-02-10,2004.5754505029367
Mohammed Shehab,United Arab Emirates,2024-04-10,1500.0
Mohammed Shehab,United Arab Emirates,2024-04-10,1528.985285611752
Mohammed Shehab,United Arab Emirates,2024-04-13,1491.5666229323438
Mohammed Shehab,United Arab Emirates,2024-07-25,1506.1678851163272
Mohammed Shehab,United Arab Emirates,2024-07-29,1470.7269651670008
Mohammed Shehab,United Arab Emirates,2024-08-30,1411.9027840199678
Mohammed Shehab,United Arab Emirates,2024-09-13,1410.6007948756808
Mohammed Shehab,United Arab Emirates,2024-09-23,1414.6216241278541
Mohammed Shehab,United Arab Emirates,2024-11-16,1454.9894318545614
Mohammed Shehab,United Arab Emirates,2024-11-17,1403.523364130708
Mohammed Shehab,United Arab Emirates,2025-04-08,1565.3335258117374
Mohammed Shehab,United Arab Emirates,2025-08-09,1579.3096898442502
Mohammed Shehab,United Arab Emirates,2025-08-09,1586.4825833376526
Mohammed Shehab,United Arab Emirates,2026-01-06,1690.9932545059987
Mohammed Shehab,United Arab Emirates,2026-01-07,1715.980246022036
Mohammed Shehab,United Arab Emirates,2026-01-09,1765.2522467638235
Mohammed Shehab,United Arab Emirates,2026-01-10,1783.1611091956947
Mohammed Shehab,United Arab Emirates,2026-02-11,1750.6102969889569
Marco Fu,Hong Kong,2022-07-12,1500.0
Marco Fu,Hong Kong,2022-07-12,1513.5612873289479
Marco Fu,Hong Kong,2022-07-12,1550.5837372365081
Marco Fu,Hong Kong,2022-07-12,1480.4772772711594
Marco Fu,Hong Kong,2022-07-16,1507.8209385218772
Marco Fu,Hong Kong,2022-08-13,1434.805963417537
Marco Fu,Hong Kong,2022-08-18,1438.9312142830388
Marco Fu,Hong Kong,2022-08-26,1413.6280611647546
Marco Fu,Hong Kong,2022-10-06,1455.0734714460318
Marco Fu,Hong Kong,2022-10-08,1598.202872954647
Marco Fu,Hong Kong,2022-10-09,1577.7358647109213
Marco Fu,Hong Kong,2022-11-06,1620.80553168464
Marco Fu,Hong Kong,2022-11-07,1657.6974472727786
Marco Fu,Hong Kong,2022-11-08,1619.802759894301
Marco Fu,Hong Kong,2022-11-25,1599.5703133209054
Marco Fu,Hong Kong,2022-12-12,1604.2871257472084
Marco Fu,Hong Kong,2022-12-13,1651.732204281307
Marco Fu,Hong Kong,2022-12-14,1660.7384549633164
Marco Fu,Hong Kong,2022-12-15,1643.692894830866
Marco Fu,Hong Kong,2023-02-13,1624.1416455397402
Marco Fu,Hong Kong,2023-03-18,1543.1358257076233
Marco Fu,Hong Kong,2023-04-03,1437.3293097296596
Marco Fu,Hong Kong,2023-07-29,1443.6094290533313
Marco Fu,Hong Kong,2023-08-19,1442.4277205023766
Marco Fu,Hong Kong,2023-09-05,1465.4063655205578
Marco Fu,Hong Kong,2023-09-22,1601.3763807120758
Marco Fu,Hong Kong,2023-10-02,1705.8747818321233
Marco Fu,Hong Kong,2023-10-09,1670.2396229160338
Marco Fu,Hong Kong,2023-10-19,1717.2802585343045
Marco Fu,Hong Kong,2023-10-23,1786.277100059469
Marco Fu,Hong Kong,2023-11-05,1799.49523517741
Marco Fu,Hong Kong,2023-11-07,1756.9805912044314
Marco Fu,Hong Kong,2023-11-18,1805.0801642056385
Marco Fu,Hong Kong,2023-11-19,1893.2198000885687
Marco Fu,Hong Kong,2023-11-20,1960.627938701691
Marco Fu,Hong Kong,2024-01-22,1928.928430142592
Marco Fu,Hong Kong,2024-01-26,1993.555593948377
Marco Fu,Hong Kong,2024-01-29,2108.649133520892
Marco Fu,Hong Kong,2024-01-31,1973.097047406954
Marco Fu,Hong Kong,2024-02-14,1979.9128017702694
Marco Fu,Hong Kong,2024-02-15,2025.2994377257614
Marco Fu,Hong Kong,2024-02-15,1983.470844592666
Marco Fu,Hong Kong,2024-04-09,1979.5306336443475
Marco Fu,Hong Kong,2024-04-12,2000.66426750114
Marco Fu,Hong Kong,2024-04-15,1970.51008212342
Marco Fu,Hong Kong,2024-06-10,1926.2196872791833
Marco Fu,Hong Kong,2024-06-10,1882.5734841548297
Marco Fu,Hong Kong,2024-06-10,1815.3450242470346
Marco Fu,Hong Kong,2024-07-30,1888.2695612777861
Marco Fu,Hong Kong,2024-08-02,1883.6430511619144
Marco Fu,Hong Kong,2024-08-31,1882.4307969749805
Marco Fu,Hong Kong,2024-09-01,1895.7772851637985
Marco Fu,Hong Kong,2024-09-13,1897.0066720650475
Marco Fu,Hong Kong,2024-09-14,1773.3993906503053
Marco Fu,Hong Kong,2024-09-24,1789.8497266867967
Marco Fu,Hong Kong,2024-09-26,1774.1405911398242
Marco Fu,Hong Kong,2024-10-01,1824.6042376655091
Marco Fu,Hong Kong,2024-10-06,1900.4037615400637
Marco Fu,Hong Kong,2024-10-08,1974.2203499279888
Marco Fu,Hong Kong,2024-11-18,2011.2248996760331
Marco Fu,Hong Kong,2024-11-19,1944.6550468086823
Marco Fu,Hong Kong,2024-12-16,1875.3602096790025
Marco Fu,Hong Kong,2024-12-21,1847.1477135603163
Marco Fu,Hong Kong,2025-02-05,1842.0800553160716
Marco Fu,Hong Kong,2025-02-06,1861.5819748876404
Marco Fu,Hong Kong,2025-02-11,1971.975114103443
Marco Fu,Hong Kong,2025-04-10,1981.573732009727
Marco Fu,Hong Kong,2025-04-13,2063.797677997304
Marco Fu,Hong Kong,2025-06-24,2205.3531721144464
Marco Fu,Hong Kong,2025-06-25,2294.3962256194823
Marco Fu,Hong Kong,2025-08-08,2238.6460659552813
Marco Fu,Hong Kong,2025-08-24,2247.869162773624
Marco Fu,Hong Kong,2025-08-26,2207.103958778016
Marco Fu,Hong Kong,2025-09-03,2243.013423133268
Marco Fu,Hong Kong,2025-09-04,2286.5986395945706
Marco Fu,Hong Kong,2025-09-06,2295.188824108114
Marco Fu,Hong Kong,2025-09-11,2356.0242604379387
Marco Fu,Hong Kong,2025-09-13,2380.300672016841
Marco Fu,Hong Kong,2025-09-16,2409.625554198661
Marco Fu,Hong Kong,2025-09-23,2356.3733323327015
Marco Fu,Hong Kong,2025-11-22,2357.108374899682
Marco Fu,Hong Kong,2025-11-23,2365.287978183226
Marco Fu,Hong Kong,2025-11-25,2280.3985113302
Marco Fu,Hong Kong,2026-01-05,2341.5597661337124
Marco Fu,Hong Kong,2026-01-07,2331.506565491466
Marco Fu,Hong Kong,2026-01-08,2319.9560141418297
Marco Fu,Hong Kong,2026-01-09,2364.1585885517134
Marco Fu,Hong Kong,2026-01-10,2337.132511266473
Marco Fu,Hong Kong,2026-02-12,2504.190462100811
Andrew Higginson,England,2022-07-07,1500.0
Andrew Higginson,England,2022-07-07,1488.8942745201086
Andrew Higginson,England,2022-07-07,1477.8065215581855
Andrew Higginson,England,2022-07-07,1509.5059211455753
Andrew Higginson,England,2022-07-23,1536.5411567019794
Andrew Higginson,England,2022-08-17,1539.5875339973222
Andrew Higginson,England,2022-08-18,1522.256773955302
Andrew Higginson,England,2023-02-13,1503.293229101668
Andrew Higginson,England,2023-03-16,1474.5685140157457
Andrew Higginson,England,2023-04-04,1429.217255704291
Andrew Higginson,England,2023-04-07,1529.2285277461106
Andrew Higginson,England,2023-04-10,1785.0947376323347
Andrew Higginson,England,2023-04-12,1619.3279065494671
Andrew Higginson,England,2023-06-26,1562.9068539377613
Andrew Higginson,England,2023-06-26,1577.062809023574
Andrew Higginson,England,2023-06-26,1574.0631596206554
Andrew Higginson,England,2023-07-26,1635.296218687756
Andrew Higginson,England,2023-08-16,1550.1690999138398
Andrew Higginson,England,2023-08-22,1468.4566041521384
Andrew Higginson,England,2023-09-01,1504.292932731463
Andrew Higginson,England,2023-09-07,1503.0410699972992
Andrew Higginson,England,2023-09-19,1445.7710099725678
Andrew Higginson,England,2023-10-04,1435.088133539032
Andrew Higginson,England,2023-10-17,1373.0204536138212
Andrew Higginson,England,2023-11-02,1408.1514954173726
Andrew Higginson,England,2023-11-18,1412.2574345932976
Andrew Higginson,England,2023-12-07,1400.2362658046047
Andrew Higginson,England,2023-12-13,1504.8621267420313
Andrew Higginson,England,2023-12-14,1525.4530731497612
Andrew Higginson,England,2023-12-20,1532.8948586757158
Andrew Higginson,England,2024-01-22,1592.3106529568176
Andrew Higginson,England,2024-01-27,1640.0047299147766
Andrew Higginson,England,2024-01-30,1608.5502514101067
Andrew Higginson,England,2024-04-09,1589.3245398296237
Andrew Higginson,England,2024-04-11,1633.5705166865584
Andrew Higginson,England,2024-06-14,1681.963647859851
Andrew Higginson,England,2024-06-14,1682.846009459086
Andrew Higginson,England,2024-06-14,1706.7305876888906
Andrew Higginson,England,2024-07-25,1614.1541462919668
Andrew Higginson,England,2024-07-29,1554.4031418451748
Andrew Higginson,England,2024-08-02,1560.6427216830093
Andrew Higginson,England,2024-08-31,1497.010963418082
Andrew Higginson,England,2024-09-12,1508.5329096996682
Andrew Higginson,England,2024-09-14,1593.3986596599816
Andrew Higginson,England,2024-09-17,1586.521691199809
Andrew Higginson,England,2024-09-28,1498.7538083876943
Andrew Higginson,England,2024-10-02,1642.802889167661
Andrew Higginson,England,2024-10-28,1630.6767295636482
Andrew Higginson,England,2024-10-29,1597.88043313025
Andrew Higginson,England,2024-11-04,1631.3068604857763
Andrew Higginson,England,2024-11-17,1537.1384270019896
Andrew Higginson,England,2024-12-04,1550.3353056410192
Andrew Higginson,England,2024-12-06,1566.8500887020584
Andrew Higginson,England,2024-12-07,1582.1848436616972
Andrew Higginson,England,2024-12-07,1588.6764123276712
Andrew Higginson,England,2024-12-07,1585.054461774573
Andrew Higginson,England,2024-12-18,1639.6709930686484
Andrew Higginson,England,2024-12-20,1680.837932753697
Andrew Higginson,England,2025-02-04,1695.793191521062
Andrew Higginson,England,2025-02-05,1769.7750048424646
Andrew Higginson,England,2025-02-10,1776.1254312881865
Andrew Higginson,England,2025-04-09,1747.8308111473252
Andrew Higginson,England,2025-04-12,1797.430750539791
Chris Wakelin,England,2022-06-30,1500.0
Chris Wakelin,England,2022-06-30,1536.9887923333063
Chris Wakelin,England,2022-06-30,1546.2322006431184
Chris Wakelin,England,2022-06-30,1479.9131330362986
Chris Wakelin,England,2022-07-22,1529.4334949516638
Chris Wakelin,England,2022-07-28,1576.4229116100196
Chris Wakelin,England,2022-07-28,1603.1350022392182
Chris Wakelin,England,2022-07-28,1543.7682268500455
Chris Wakelin,England,2022-08-11,1464.8018383367678
Chris Wakelin,England,2022-08-16,1483.3417190730786
Chris Wakelin,England,2022-08-18,1544.7262505718143
Chris Wakelin,England,2022-08-28,1491.067212468199
Chris Wakelin,England,2022-10-14,1508.1908390247127
Chris Wakelin,England,2022-10-26,1444.4825212834614
Chris Wakelin,England,2022-11-07,1468.3774288552438
Chris Wakelin,England,2022-11-24,1479.7705392596215
Chris Wakelin,England,2022-11-25,1511.3575986204632
Chris Wakelin,England,2023-01-11,1530.368281810368
Chris Wakelin,England,2023-01-26,1533.7271511990205
Chris Wakelin,England,2023-01-27,1539.7974489779033
Chris Wakelin,England,2023-01-28,1549.1193354422464
Chris Wakelin,England,2023-01-28,1557.3392205060434
Chris Wakelin,England,2023-01-28,1564.2363684393906
Chris Wakelin,England,2023-01-28,1573.4593104479256
Chris Wakelin,England,2023-01-28,1603.7965459957913
Chris Wakelin,England,2023-02-02,1609.7134563867462
Chris Wakelin,England,2023-02-03,1698.079508590588
Chris Wakelin,England,2023-02-03,1647.2236292457744
Chris Wakelin,England,2023-02-14,1664.7800251106373
Chris Wakelin,England,2023-02-20,1609.5584549496034
Chris Wakelin,England,2023-03-18,1604.324795648069
Chris Wakelin,England,2023-03-20,1680.9271418582634
Chris Wakelin,England,2023-04-09,1669.335697529879
Chris Wakelin,England,2023-04-11,1636.3608869122954
Chris Wakelin,England,2023-06-27,1621.4237707514972
Chris Wakelin,England,2023-06-27,1645.7571654118547
Chris Wakelin,England,2023-06-27,1582.457285663513
Chris Wakelin,England,2023-07-17,1656.1294619659566
Chris Wakelin,England,2023-07-17,1636.1197487298787
Chris Wakelin,England,2023-07-17,1659.3126655940212
Chris Wakelin,England,2023-07-21,1730.5330690491135
Chris Wakelin,England,2023-07-21,1740.4768418141412
Chris Wakelin,England,2023-07-21,1762.39297991624
Chris Wakelin,England,2023-07-28,1733.467339186866
Chris Wakelin,England,2023-08-16,1704.4678057310223
Chris Wakelin,England,2023-08-22,1669.7283247705202
Chris Wakelin,England,2023-08-24,1730.0566576120261
Chris Wakelin,England,2023-09-03,1741.850221298617
Chris Wakelin,England,2023-09-07,1802.886074091557
Chris Wakelin,England,2023-09-22,1856.2777317007715
Chris Wakelin,England,2023-09-26,1825.9276138159478
Chris Wakelin,England,2023-10-04,1811.5482599796937
Chris Wakelin,England,2023-10-05,1832.8119349545452
Chris Wakelin,England,2023-10-10,1798.1759095819575
Chris Wakelin,England,2023-10-18,1827.3152720862
Chris Wakelin,England,2023-10-24,1805.9350266491115
Chris Wakelin,England,2023-10-25,1824.9473472978405
Chris Wakelin,England,2023-10-26,1889.853055695214
Chris Wakelin,England,2023-10-27,1930.469493981199
Chris Wakelin,England,2023-10-28,2010.0753455572994
Chris Wakelin,England,2023-10-29,2029.9616032350696
Chris Wakelin,England,2023-10-31,2049.279909526822
Chris Wakelin,England,2023-11-05,1937.861669474584
Chris Wakelin,England,2023-11-15,1884.641349072699
Chris Wakelin,England,2023-11-21,1841.1650265536541
Chris Wakelin,England,2023-12-06,1849.460612654589
Chris Wakelin,England,2023-12-08,1834.6040826118708
Chris Wakelin,England,2023-12-13,1902.0116997581536
Chris Wakelin,England,2023-12-14,1922.9862186740777
Chris Wakelin,England,2023-12-14,2009.255051318465
Chris Wakelin,England,2023-12-15,1887.8960982570813
Chris Wakelin,England,2023-12-21,1873.4600069861626
Chris Wakelin,England,2024-01-02,1832.7519544145582
Chris Wakelin,England,2024-01-02,1891.3252073810806
Chris Wakelin,England,2024-01-02,1912.5561150510491
Chris Wakelin,England,2024-01-02,1902.0699317699211
Chris Wakelin,England,2024-01-03,1907.1485956727524
Chris Wakelin,England,2024-01-03,1919.6474493386652
Chris Wakelin,England,2024-01-04,1875.3540027927734
Chris Wakelin,England,2024-01-04,1898.2587799821538
Chris Wakelin,England,2024-01-04,1942.8110024111495
Chris Wakelin,England,2024-01-05,1946.7899336616479
Chris Wakelin,England,2024-01-05,1998.8634905766678
Chris Wakelin,England,2024-01-05,1982.808737483721
Chris Wakelin,England,2024-01-05,2004.0148480062255
Chris Wakelin,England,2024-01-05,2095.701292411297
Chris Wakelin,England,2024-01-15,2064.1306295089166
Chris Wakelin,England,2024-01-22,2050.2528404751274
Chris Wakelin,England,2024-01-25,2048.9736508998903
Chris Wakelin,England,2024-01-30,2011.3151068817751
Chris Wakelin,England,2024-02-13,1914.5475046403674
Chris Wakelin,England,2024-02-19,1969.9354570085131
Chris Wakelin,England,2024-03-12,1970.7059838714295
Chris Wakelin,England,2024-03-12,1924.119629691124
Chris Wakelin,England,2024-03-12,1905.594034047591
Chris Wakelin,England,2024-03-13,1978.5119178590307
Chris Wakelin,England,2024-03-13,2007.3688568449645
Chris Wakelin,England,2024-03-13,1971.977741378458
Chris Wakelin,England,2024-03-19,2011.2090374221518
Chris Wakelin,England,2024-03-20,2135.1851263309404
Chris Wakelin,England,2024-03-21,2041.9622903258382
Chris Wakelin,England,2024-04-14,2063.158285187175
Chris Wakelin,England,2024-04-16,1993.7631025611358
Chris Wakelin,England,2024-06-11,1988.85281176992
Chris Wakelin,England,2024-06-11,1977.8750657585733
Chris Wakelin,England,2024-06-11,1959.2162125381997
Chris Wakelin,England,2024-06-29,1905.2079681175128
Chris Wakelin,England,2024-06-29,1888.2049911099175
Chris Wakelin,England,2024-06-29,1853.7496627528533
Chris Wakelin,England,2024-07-26,1921.932083311625
Chris Wakelin,England,2024-07-28,1928.3841654876167
Chris Wakelin,England,2024-08-01,1923.1188593034635
Chris Wakelin,England,2024-08-19,1982.38807677251
Chris Wakelin,England,2024-08-21,2018.931694605507
Chris Wakelin,England,2024-09-01,2015.9382315956677
Chris Wakelin,England,2024-09-02,2063.41941254786
Chris Wakelin,England,2024-09-16,2037.211932534302
Chris Wakelin,England,2024-09-18,2146.6839438846873
Chris Wakelin,England,2024-09-19,2212.927188949111
Chris Wakelin,England,2024-09-20,2252.4854935445946
Chris Wakelin,England,2024-09-21,2228.833886545025
Chris Wakelin,England,2024-09-24,2291.928937770429
Chris Wakelin,England,2024-09-26,2286.2271483811082
Chris Wakelin,England,2024-09-26,2281.086559967125
Chris Wakelin,England,2024-09-30,2261.228910569674
Chris Wakelin,England,2024-10-06,2222.5382260418187
Chris Wakelin,England,2024-10-08,2234.9512570100164
Chris Wakelin,England,2024-10-09,2426.6771516380195
Chris Wakelin,England,2024-10-10,2479.4342241505456
Chris Wakelin,England,2024-10-22,2474.614675030243
Chris Wakelin,England,2024-10-23,2397.141965221231
Chris Wakelin,England,2024-11-05,2485.101829808593
Chris Wakelin,England,2024-11-06,2591.6737701880793
Chris Wakelin,England,2024-11-07,2551.672285967598
Chris Wakelin,England,2024-11-08,2638.499461258338
Chris Wakelin,England,2024-11-10,2678.257955090827
Chris Wakelin,England,2024-11-25,2658.2720882633307
Chris Wakelin,England,2024-11-28,2608.3296762318196
Chris Wakelin,England,2024-12-05,2586.037656065829
Chris Wakelin,England,2024-12-09,2554.9380024041657
Chris Wakelin,England,2024-12-11,2586.790408457089
Chris Wakelin,England,2024-12-12,2556.1888173349953
Chris Wakelin,England,2024-12-13,2571.4086507230672
Chris Wakelin,England,2025-01-03,2534.763478725134
Chris Wakelin,England,2025-01-03,2539.1346665213755
Chris Wakelin,England,2025-01-03,2564.5394890180255
Chris Wakelin,England,2025-01-03,2491.0522885248624
Chris Wakelin,England,2025-01-04,2482.0623885340756
Chris Wakelin,England,2025-01-04,2417.0612253573718
Chris Wakelin,England,2025-01-06,2380.4417087432394
Chris Wakelin,England,2025-01-06,2355.9298598900627
Chris Wakelin,England,2025-01-06,2326.8198206322577
Chris Wakelin,England,2025-01-07,2352.6449368582817
Chris Wakelin,England,2025-01-07,2287.311268244307
Chris Wakelin,England,2025-01-07,2245.7137650700397
Chris Wakelin,England,2025-01-07,2255.228945926217
Chris Wakelin,England,2025-01-08,2291.4971995580536
Chris Wakelin,England,2025-01-08,2354.605779009198
Chris Wakelin,England,2025-01-08,2372.8617677947686
Chris Wakelin,England,2025-01-09,2359.779027087013
Chris Wakelin,England,2025-01-09,2329.8392919508465
Chris Wakelin,England,2025-01-09,2321.0931230006804
Chris Wakelin,England,2025-01-15,2256.422748517085
Chris Wakelin,England,2025-01-27,2145.773770129061
Chris Wakelin,England,2025-02-11,2158.7698578889244
Chris Wakelin,England,2025-02-12,2156.159689210299
Chris Wakelin,England,2025-03-04,2218.852762458089
Chris Wakelin,England,2025-03-19,2356.4417818041547
Chris Wakelin,England,2025-04-13,2353.693808717147
Chris Wakelin,England,2025-04-15,2325.4480777492954
Chris Wakelin,England,2025-04-20,2533.9688047952263
Chris Wakelin,England,2025-04-25,2674.5022232372903
Chris Wakelin,England,2025-04-30,2502.741634779666
Chris Wakelin,England,2025-06-24,2417.1485785934633
Chris Wakelin,England,2025-07-16,2377.856636232929
Chris Wakelin,England,2025-07-16,2393.0599986674342
Chris Wakelin,England,2025-07-16,2394.908006117053
Chris Wakelin,England,2025-07-21,2382.4216396711977
Chris Wakelin,England,2025-07-21,2349.818908023129
Chris Wakelin,England,2025-07-21,2342.052781203069
Chris Wakelin,England,2025-07-28,2317.945526607247
Chris Wakelin,England,2025-07-30,2354.2564320706942
Chris Wakelin,England,2025-08-12,2363.768538413887
Chris Wakelin,England,2025-08-13,2518.7685961449674
Chris Wakelin,England,2025-08-14,2678.698231144315
Chris Wakelin,England,2025-08-15,2742.87241703363
Chris Wakelin,England,2025-09-15,2760.089075974332
Chris Wakelin,England,2025-09-17,2768.9914723831976
Chris Wakelin,England,2025-09-22,2769.07485125203
Chris Wakelin,England,2025-10-02,2769.855091269456
Chris Wakelin,England,2025-10-07,2681.219909305481
Chris Wakelin,England,2025-10-19,2673.9415741500598
Chris Wakelin,England,2025-10-21,2599.1919582113255
Chris Wakelin,England,2025-11-02,2459.7040149356235
Chris Wakelin,England,2025-11-24,2341.170738727788
Chris Wakelin,England,2025-12-02,2509.673291570018
Chris Wakelin,England,2025-12-16,2531.086308531906
Chris Wakelin,England,2025-12-17,2573.8194064272398
Chris Wakelin,England,2025-12-18,2602.581556422479
Chris Wakelin,England,2025-12-19,2719.6538044695817
Chris Wakelin,England,2025-12-20,2778.053428818061
Chris Wakelin,England,2026-01-02,2817.7574797648854
Chris Wakelin,England,2026-01-02,2837.153411251138
Chris Wakelin,England,2026-01-02,2773.566773512479
Chris Wakelin,England,2026-01-02,2707.7718357223575
Chris Wakelin,England,2026-01-03,2719.3026451493815
Chris Wakelin,England,2026-01-03,2703.6970525002425
Chris Wakelin,England,2026-01-03,2720.175497392177
Chris Wakelin,England,2026-01-04,2670.0854047276175
Chris Wakelin,England,2026-01-04,2722.034240000534
Chris Wakelin,England,2026-01-04,2736.1350066983587
Chris Wakelin,England,2026-01-05,2759.3020036977086
Chris Wakelin,England,2026-01-05,2708.5654330956945
Chris Wakelin,England,2026-01-05,2646.040776381568
Chris Wakelin,England,2026-01-06,2646.6016775614253
Chris Wakelin,England,2026-01-06,2603.2763347826744
Chris Wakelin,England,2026-01-06,2617.7949249307467
Chris Wakelin,England,2026-01-07,2671.018520011891
Chris Wakelin,England,2026-01-07,2610.911196036423
Chris Wakelin,England,2026-01-07,2632.082877058633
Chris Wakelin,England,2026-01-14,2649.0210215778825
Chris Wakelin,England,2026-01-26,2634.9111898873093
Chris Wakelin,England,2026-02-04,2642.8774152832016
Chris Wakelin,England,2026-02-05,2684.5577585903384
Chris Wakelin,England,2026-02-06,2834.9286705063278
Chris Wakelin,England,2026-02-10,2793.868772012337
Chris Wakelin,England,2026-02-17,2965.7552767357183
Chris Wakelin,England,2026-02-19,3014.451954547094
Chris Wakelin,England,2026-02-24,2983.4984329939175
Abdulraouf Saigh,Saudi Arabia,2025-08-08,1500.0
Abdulraouf Saigh,Saudi Arabia,2025-08-08,1446.4390544006535
Duane Jones,Wales,2022-07-13,1500.0
Duane Jones,Wales,2022-07-13,1440.977467115472
Duane Jones,Wales,2022-07-13,1433.2678134930793
Duane Jones,Wales,2022-07-13,1424.2152642046487
Duane Jones,Wales,2022-07-16,1349.2119854353843
Duane Jones,Wales,2022-08-27,1291.5071949752728
Duane Jones,Wales,2022-09-26,1342.9453730737368
Duane Jones,Wales,2022-10-12,1310.110368733638
Duane Jones,Wales,2022-10-27,1259.0132237336572
Duane Jones,Wales,2022-11-05,1263.2976847505568
Duane Jones,Wales,2022-11-06,1393.49572931651
Duane Jones,Wales,2022-11-07,1561.8225567226486
Duane Jones,Wales,2022-11-09,1467.3874848562118
Duane Jones,Wales,2022-11-23,1484.7413658531618
Duane Jones,Wales,2023-01-12,1372.220326397357
Duane Jones,Wales,2023-01-26,1362.9809445448634
Duane Jones,Wales,2023-03-17,1295.9863084091623
Duane Jones,Wales,2023-04-07,1255.4173539532778
Duane Jones,Wales,2023-07-04,1253.9196644207948
Duane Jones,Wales,2023-07-04,1222.9337277858285
Duane Jones,Wales,2023-07-04,1266.2227360416716
Duane Jones,Wales,2023-07-25,1266.2557775726825
Duane Jones,Wales,2023-08-22,1308.865576769118
Duane Jones,Wales,2023-08-23,1359.1741450528154
Duane Jones,Wales,2023-08-24,1328.9987694051329
Duane Jones,Wales,2023-10-18,1273.4648183663996
Duane Jones,Wales,2023-10-31,1269.71367366978
Duane Jones,Wales,2023-11-18,1282.6106864306457
Duane Jones,Wales,2023-11-20,1313.7430883074803
Duane Jones,Wales,2023-12-06,1320.2364993089004
Duane Jones,Wales,2023-12-08,1328.4464664047057
Duane Jones,Wales,2023-12-09,1318.5252737868127
Duane Jones,Wales,2024-02-12,1363.4452024998754
Duane Jones,Wales,2024-02-13,1392.7515882508249
Duane Jones,Wales,2024-02-14,1387.3423322505234
Duane Jones,Wales,2024-04-09,1427.6048012910524
Duane Jones,Wales,2024-06-27,1482.3298869350917
Duane Jones,Wales,2024-06-27,1484.4963363166314
Duane Jones,Wales,2024-06-27,1550.0943939395495
Duane Jones,Wales,2024-07-26,1588.03275342567
Duane Jones,Wales,2024-07-29,1677.4586530094032
Duane Jones,Wales,2024-08-01,1701.9878133576206
Duane Jones,Wales,2024-08-30,1686.147467068944
Duane Jones,Wales,2024-08-31,1758.4431802130296
Duane Jones,Wales,2024-09-01,1800.274506939765
Duane Jones,Wales,2024-09-12,1741.0097973089003
Duane Jones,Wales,2024-09-25,1750.599729876647
Duane Jones,Wales,2024-09-28,1772.3913968552345
Duane Jones,Wales,2024-09-29,1702.2198852755891
Duane Jones,Wales,2024-10-01,1724.9963270243495
Duane Jones,Wales,2024-10-06,1793.1904115202635
Duane Jones,Wales,2024-10-08,1899.6667593506627
Duane Jones,Wales,2024-10-09,1906.862220567579
Duane Jones,Wales,2024-10-28,1837.0576085163896
Duane Jones,Wales,2024-11-17,1840.1165665323654
Duane Jones,Wales,2024-11-18,1820.5848471331817
Duane Jones,Wales,2024-12-04,1828.5923932538383
Duane Jones,Wales,2024-12-06,1840.3453149479117
Duane Jones,Wales,2024-12-07,1824.3087963095875
Duane Jones,Wales,2024-12-16,1736.1502209466448
Duane Jones,Wales,2024-12-22,1821.5618087231228
Duane Jones,Wales,2025-02-04,1807.8099104358157
Duane Jones,Wales,2025-02-24,1939.7689044320944
Duane Jones,Wales,2025-02-25,1913.5015893818893
Duane Jones,Wales,2025-04-09,1934.627502149523
Duane Jones,Wales,2025-04-12,2023.9280994015307
Duane Jones,Wales,2025-04-14,2088.9574844403724
Duane Jones,Wales,2025-06-22,1983.6020739147816
Duane Jones,Wales,2025-07-09,2045.6437391684217
Duane Jones,Wales,2025-07-09,2078.1910601880977
Duane Jones,Wales,2025-07-09,2066.1036285625332
Duane Jones,Wales,2025-08-09,2035.3045381425432
Duane Jones,Wales,2025-08-10,2012.6527647748435
Duane Jones,Wales,2025-09-03,1990.282750449068
Duane Jones,Wales,2025-09-07,1979.2222962197236
Duane Jones,Wales,2025-09-11,1999.6978309472836
Duane Jones,Wales,2025-09-13,1909.327708028473
Duane Jones,Wales,2025-09-22,1964.8008221213418
Duane Jones,Wales,2025-10-02,1924.5285715506072
Duane Jones,Wales,2025-10-16,1948.3356298987535
Duane Jones,Wales,2025-10-17,1907.4282906166084
Duane Jones,Wales,2025-11-24,1896.0453580624471
Duane Jones,Wales,2025-11-25,1956.6842469751634
Duane Jones,Wales,2025-12-10,1973.9582989393462
Duane Jones,Wales,2025-12-12,1964.6798522812164
Duane Jones,Wales,2026-01-06,1858.6422514617377
Duane Jones,Wales,2026-01-09,1855.080297685638
Duane Jones,Wales,2026-01-10,1857.712278791678
Duane Jones,Wales,2026-02-12,1919.0733509179267
Ryan Davies,England,2022-11-06,1500.0
Ryan Davies,England,2022-11-06,1375.293763499958
Ryan Davies,England,2023-07-06,1324.8142677229255
Ryan Davies,England,2023-07-06,1342.0496345639176
Ryan Davies,England,2023-07-06,1386.0966025122416
Ryan Davies,England,2023-10-02,1403.4722400950843
Ryan Davies,England,2023-10-03,1387.5537871484182
Ryan Davies,England,2023-11-18,1355.9697796037071
Ryan Davies,England,2023-11-19,1394.1694601516413
Ryan Davies,England,2024-06-13,1367.2922404434385
Ryan Davies,England,2024-06-13,1368.7214757225856
Ryan Davies,England,2024-06-13,1456.7039988901377
Ryan Davies,England,2024-11-17,1394.7992219556586
Ryan Davies,England,2025-06-25,1507.887663088782
Ryan Davies,England,2025-07-09,1552.9327059854943
Ryan Davies,England,2025-07-09,1630.3544396280745
Ryan Davies,England,2025-07-09,1588.6468501254585
Ryan Davies,England,2025-08-08,1533.4286330754746
Ryan Davies,England,2025-09-12,1473.2441172512683
Ryan Davies,England,2025-09-23,1516.081096274491
Ryan Davies,England,2025-10-14,1556.8955186830253
Ryan Davies,England,2025-10-15,1565.3715477618084
Ryan Davies,England,2025-12-10,1562.2031847890717
Ishpreet Singh Chadha,India,2023-07-13,1500.0
Ishpreet Singh Chadha,India,2023-07-13,1526.2473688719433
Ishpreet Singh Chadha,India,2023-07-13,1467.9676962476406
Ishpreet Singh Chadha,India,2023-07-13,1502.8475393177985
Ishpreet Singh Chadha,India,2023-07-28,1519.0639634335935
Ishpreet Singh Chadha,India,2023-08-14,1545.2993922209894
Ishpreet Singh Chadha,India,2023-08-23,1656.3375818143932
Ishpreet Singh Chadha,India,2023-09-03,1722.8120389412318
Ishpreet Singh Chadha,India,2023-09-06,1623.9471644522375
Ishpreet Singh Chadha,India,2023-09-20,1597.2536371206313
Ishpreet Singh Chadha,India,2023-09-27,1621.4428702522603
Ishpreet Singh Chadha,India,2023-09-28,1585.2342464989
Ishpreet Singh Chadha,India,2023-10-10,1545.148733963364
Ishpreet Singh Chadha,India,2023-10-19,1507.1922066298275
Ishpreet Singh Chadha,India,2023-11-19,1417.048231019501
Ishpreet Singh Chadha,India,2023-12-06,1402.7013461213062
Ishpreet Singh Chadha,India,2023-12-11,1463.5132332122578
Ishpreet Singh Chadha,India,2023-12-12,1531.5200151202232
Ishpreet Singh Chadha,India,2024-01-24,1636.9997292137593
Ishpreet Singh Chadha,India,2024-01-27,1539.3926341751182
Ishpreet Singh Chadha,India,2024-01-29,1700.5440813981852
Ishpreet Singh Chadha,India,2024-01-31,1765.69265644633
Ishpreet Singh Chadha,India,2024-02-01,1689.5007559968421
Ishpreet Singh Chadha,India,2024-03-18,1710.25368889272
Ishpreet Singh Chadha,India,2024-04-10,1621.5944840698062
Ishpreet Singh Chadha,India,2024-06-15,1649.0516619897926
Ishpreet Singh Chadha,India,2024-06-15,1662.3572885866356
Ishpreet Singh Chadha,India,2024-06-15,1682.9993503026435
Ishpreet Singh Chadha,India,2024-07-27,1707.2708235237728
Ishpreet Singh Chadha,India,2024-07-29,1698.4164772200015
Ishpreet Singh Chadha,India,2024-07-31,1627.969614562855
Ishpreet Singh Chadha,India,2024-08-31,1602.565631239389
Ishpreet Singh Chadha,India,2024-09-01,1595.9362666947209
Ishpreet Singh Chadha,India,2024-09-12,1582.7504766478946
Ishpreet Singh Chadha,India,2024-09-14,1668.8354300350697
Ishpreet Singh Chadha,India,2024-09-16,1770.274532241047
Ishpreet Singh Chadha,India,2024-09-18,1846.3259478491238
Ishpreet Singh Chadha,India,2024-09-19,1899.4597218640715
Ishpreet Singh Chadha,India,2024-09-20,2034.0117869134451
Ishpreet Singh Chadha,India,2024-09-21,1952.8569521917311
Ishpreet Singh Chadha,India,2024-09-28,1949.6337683046356
Ishpreet Singh Chadha,India,2024-09-29,1986.80117863301
Ishpreet Singh Chadha,India,2024-10-06,1934.8916225644762
Ishpreet Singh Chadha,India,2024-10-20,1912.0947025439991
Ishpreet Singh Chadha,India,2024-10-28,1905.8030601148525
Ishpreet Singh Chadha,India,2024-10-29,1934.4527111583714
Ishpreet Singh Chadha,India,2024-11-03,1993.9324733198987
Ishpreet Singh Chadha,India,2024-11-18,1988.1646379787453
Ishpreet Singh Chadha,India,2024-12-05,1989.6823730111578
Ishpreet Singh Chadha,India,2024-12-06,1970.6469610569393
Ishpreet Singh Chadha,India,2024-12-11,2001.7791203267548
Ishpreet Singh Chadha,India,2024-12-18,1891.6931245299638
Ishpreet Singh Chadha,India,2024-12-21,1919.111177642241
Ishpreet Singh Chadha,India,2025-02-04,1937.866428375522
Ishpreet Singh Chadha,India,2025-02-05,2016.864647393589
Ishpreet Singh Chadha,India,2025-02-10,2075.1760852065436
Ishpreet Singh Chadha,India,2025-02-12,2059.1615974177244
Ishpreet Singh Chadha,India,2025-02-24,2075.221508776607
Ishpreet Singh Chadha,India,2025-04-10,2122.2861770907853
Ishpreet Singh Chadha,India,2025-04-12,2115.681669375924
Ishpreet Singh Chadha,India,2025-06-22,2175.3000067762837
Ishpreet Singh Chadha,India,2025-06-25,2108.7690362379617
Ishpreet Singh Chadha,India,2025-08-09,2006.716177448317
Ishpreet Singh Chadha,India,2025-08-25,2044.9466532742338
Ishpreet Singh Chadha,India,2025-09-02,2003.9131588847881
Ishpreet Singh Chadha,India,2025-09-07,1958.1501675598408
Ishpreet Singh Chadha,India,2025-09-14,1997.1660991250867
Ishpreet Singh Chadha,India,2025-09-16,1994.0178081023423
Ishpreet Singh Chadha,India,2025-10-01,1898.3777880902614
Ishpreet Singh Chadha,India,2025-10-08,1988.9591899502136
Ishpreet Singh Chadha,India,2025-10-17,2007.786257571815
Ishpreet Singh Chadha,India,2025-11-23,1986.0552988557663
Ishpreet Singh Chadha,India,2025-11-24,2068.5994370386466
Ishpreet Singh Chadha,India,2025-12-10,2069.7982683716104
Ishpreet Singh Chadha,India,2025-12-12,2050.6189949437266
Ishpreet Singh Chadha,India,2025-12-16,2028.3307390247269
Ishpreet Singh Chadha,India,2026-01-07,2130.3964302970417
Ishpreet Singh Chadha,India,2026-01-10,2042.6305531207474
Ishpreet Singh Chadha,India,2026-01-26,2126.597735643434
Ishpreet Singh Chadha,India,2026-01-27,2212.2188490268354
Ishpreet Singh Chadha,India,2026-01-29,2200.628889335009
Ishpreet Singh Chadha,India,2026-02-10,2166.3619173618235
Graeme Dott,Scotland,2022-07-06,1500.0
Graeme Dott,Scotland,2022-07-06,1484.5769644898153
Graeme Dott,Scotland,2022-07-06,1425.7379218720353
Graeme Dott,Scotland,2022-07-06,1441.8174407409635
Graeme Dott,Scotland,2022-07-24,1451.504604620222
Graeme Dott,Scotland,2022-08-16,1513.1878534510977
Graeme Dott,Scotland,2022-08-24,1482.1109287012782
Graeme Dott,Scotland,2022-09-26,1532.9675211414758
Graeme Dott,Scotland,2022-09-27,1585.935061822467
Graeme Dott,Scotland,2022-09-28,1626.0589839005515
Graeme Dott,Scotland,2022-09-29,1582.3221055028298
Graeme Dott,Scotland,2022-10-09,1576.3129190827565
Graeme Dott,Scotland,2022-10-28,1566.98311413209
Graeme Dott,Scotland,2022-11-08,1584.1717601346238
Graeme Dott,Scotland,2022-11-10,1407.5200358119378
Graeme Dott,Scotland,2022-11-24,1453.3159473672442
Graeme Dott,Scotland,2022-11-29,1467.0382974526685
Graeme Dott,Scotland,2023-01-11,1513.6095320155623
Graeme Dott,Scotland,2023-02-14,1482.1604271514698
Graeme Dott,Scotland,2023-02-27,1533.3014277182606
Graeme Dott,Scotland,2023-02-27,1591.5831721652046
Graeme Dott,Scotland,2023-02-27,1630.916974057105
Graeme Dott,Scotland,2023-02-28,1626.3769549493213
Graeme Dott,Scotland,2023-02-28,1686.2717569110039
Graeme Dott,Scotland,2023-02-28,1752.3572169585548
Graeme Dott,Scotland,2023-02-28,1748.5476474779432
Graeme Dott,Scotland,2023-03-17,1700.810469139977
Graeme Dott,Scotland,2023-04-08,1651.473146254344
Graeme Dott,Scotland,2023-04-11,1595.4071957827266
Graeme Dott,Scotland,2023-06-26,1587.2777099433363
Graeme Dott,Scotland,2023-06-26,1525.461929355912
Graeme Dott,Scotland,2023-06-26,1573.9821917887896
Graeme Dott,Scotland,2023-08-16,1646.7027882629736
Graeme Dott,Scotland,2023-09-04,1646.3271323399722
Graeme Dott,Scotland,2023-09-06,1693.575463386569
Graeme Dott,Scotland,2023-09-20,1606.857832228504
Graeme Dott,Scotland,2023-09-26,1641.650247295382
Graeme Dott,Scotland,2023-09-27,1682.3597586376602
Graeme Dott,Scotland,2023-09-28,1647.9851770885466
Graeme Dott,Scotland,2023-10-03,1740.3740414784063
Graeme Dott,Scotland,2023-10-04,1735.775199407899
Graeme Dott,Scotland,2023-10-19,1794.9290752460665
Graeme Dott,Scotland,2023-10-23,1695.6405967638498
Graeme Dott,Scotland,2023-11-02,1601.6526780962022
Graeme Dott,Scotland,2023-11-21,1569.6168371725967
Graeme Dott,Scotland,2023-12-06,1572.1970249881413
Graeme Dott,Scotland,2023-12-08,1605.823128849315
Graeme Dott,Scotland,2023-12-09,1590.9551534556833
Graeme Dott,Scotland,2023-12-21,1576.8931805618815
Graeme Dott,Scotland,2024-01-24,1643.1511196351507
Graeme Dott,Scotland,2024-01-25,1688.2184953750548
Graeme Dott,Scotland,2024-01-29,1715.2814119983523
Graeme Dott,Scotland,2024-01-31,1696.5900497366054
Graeme Dott,Scotland,2024-02-14,1715.7419676263742
Graeme Dott,Scotland,2024-02-15,1722.6605789540101
Graeme Dott,Scotland,2024-03-18,1712.9766218182458
Graeme Dott,Scotland,2024-04-12,1713.495422567915
Graeme Dott,Scotland,2024-04-15,1763.1522805083528
Graeme Dott,Scotland,2024-06-19,1803.3935522308293
Graeme Dott,Scotland,2024-06-19,1795.0852890866975
Graeme Dott,Scotland,2024-06-19,1772.0654705870375
Graeme Dott,Scotland,2024-07-29,1780.6832027515568
Graeme Dott,Scotland,2024-08-03,1806.4914938374259
Graeme Dott,Scotland,2024-08-19,1775.2722231410935
Graeme Dott,Scotland,2024-08-20,1893.1705559754685
Graeme Dott,Scotland,2024-08-31,1932.0910964925981
Graeme Dott,Scotland,2024-09-02,1844.209045152961
Graeme Dott,Scotland,2024-09-14,1776.0580926403795
Graeme Dott,Scotland,2024-09-24,1790.4300432381447
Graeme Dott,Scotland,2024-09-26,1809.6264364523565
Graeme Dott,Scotland,2024-09-29,1783.8848216198576
Graeme Dott,Scotland,2024-09-30,1711.5523352098403
Graeme Dott,Scotland,2024-10-07,1739.618071902282
Graeme Dott,Scotland,2024-10-21,1846.47018526695
Graeme Dott,Scotland,2024-10-30,1932.6666133229444
Graeme Dott,Scotland,2024-11-18,1848.1744077001872
Graeme Dott,Scotland,2024-12-05,1854.5946539228305
Graeme Dott,Scotland,2024-12-06,1841.8457285430231
Graeme Dott,Scotland,2024-12-09,1847.1199471233447
Graeme Dott,Scotland,2024-12-17,1891.9359922665092
Graeme Dott,Scotland,2024-12-22,1883.2438489984575
Graeme Dott,Scotland,2025-01-27,1959.188055381005
Graeme Dott,Scotland,2025-02-06,1964.3944211409155
Graeme Dott,Scotland,2025-02-10,1929.861328562803
Graeme Dott,Scotland,2025-02-24,1932.0700833602623
Ali Jalil Ali,Iraq,2024-08-30,1500.0
Ali Jalil Ali,Iraq,2024-08-30,1452.4553528077793
Dean Young,Scotland,2022-07-23,1500.0
Dean Young,Scotland,2022-07-23,1467.0598221026025
Dean Young,Scotland,2022-08-11,1498.9482667413793
Dean Young,Scotland,2022-08-25,1478.6338834150442
Dean Young,Scotland,2022-09-28,1408.6328621226496
Dean Young,Scotland,2022-10-12,1415.1629179365802
Dean Young,Scotland,2022-10-28,1312.2630200197912
Dean Young,Scotland,2022-11-05,1396.142298300859
Dean Young,Scotland,2022-11-06,1273.5433513081323
Dean Young,Scotland,2022-11-21,1167.6908063919454
Dean Young,Scotland,2023-01-11,1190.3693829983783
Dean Young,Scotland,2023-01-25,1199.9809431877804
Dean Young,Scotland,2023-01-27,1196.9128997806251
Dean Young,Scotland,2023-02-14,1223.2470952250185
Dean Young,Scotland,2023-03-17,1231.45330212684
Dean Young,Scotland,2023-04-03,1201.3514930913645
Dean Young,Scotland,2023-07-05,1198.69342731798
Dean Young,Scotland,2023-07-05,1215.166004403829
Dean Young,Scotland,2023-07-05,1274.0010177110426
Dean Young,Scotland,2023-08-19,1296.2695795389122
Dean Young,Scotland,2023-08-22,1297.2989214770798
Dean Young,Scotland,2023-09-01,1258.723669514199
Dean Young,Scotland,2023-09-07,1251.9912562946026
Dean Young,Scotland,2023-09-22,1203.745206129113
Dean Young,Scotland,2023-10-18,1209.823859296815
Dean Young,Scotland,2023-10-23,1252.163404265022
Dean Young,Scotland,2023-11-02,1201.1802720032683
Dean Young,Scotland,2023-11-18,1243.2355605153016
Dean Young,Scotland,2023-11-20,1230.9810946053105
Dean Young,Scotland,2023-12-07,1241.832199056414
Dean Young,Scotland,2023-12-08,1255.0456543579949
Dean Young,Scotland,2023-12-09,1251.3809135287975
Dean Young,Scotland,2023-12-22,1224.5258070384486
Dean Young,Scotland,2024-01-23,1288.7948962853309
Dean Young,Scotland,2024-04-08,1208.9307355206265
Dean Young,Scotland,2024-06-13,1192.501558562188
Dean Young,Scotland,2024-06-13,1210.451144617329
Dean Young,Scotland,2024-06-13,1186.5974800604295
Dean Young,Scotland,2024-07-27,1274.1748714563969
Dean Young,Scotland,2024-08-03,1292.5897731152722
Dean Young,Scotland,2024-08-19,1323.0566923264528
Dean Young,Scotland,2024-08-30,1373.6753986865335
Dean Young,Scotland,2024-08-31,1397.2269097220837
Dean Young,Scotland,2024-09-12,1383.3905023131674
Dean Young,Scotland,2024-09-14,1356.5803977259634
Dean Young,Scotland,2024-09-28,1332.2144072640124
Dean Young,Scotland,2024-09-30,1434.5824537709987
Dean Young,Scotland,2024-10-06,1435.6650937263694
Dean Young,Scotland,2024-10-28,1451.317031629143
Dean Young,Scotland,2024-10-29,1535.935439363362
Dean Young,Scotland,2024-11-03,1628.2807831726452
Dean Young,Scotland,2024-11-16,1546.430645190745
Dean Young,Scotland,2024-12-04,1531.298397998121
Dean Young,Scotland,2024-12-10,1641.6408664543649
Dean Young,Scotland,2024-12-11,1652.996233409138
Dean Young,Scotland,2024-12-18,1622.95505053324
Dean Young,Scotland,2024-12-19,1619.6295602505181
Dean Young,Scotland,2024-12-21,1617.246106088541
Dean Young,Scotland,2025-02-04,1585.1024057064758
Dean Young,Scotland,2025-04-08,1613.8926295880287
Dean Young,Scotland,2025-04-11,1672.724973538027
Dean Young,Scotland,2025-07-08,1776.1140435157854
Dean Young,Scotland,2025-07-08,1737.2107072080105
Dean Young,Scotland,2025-07-08,1718.3545682233419
Dean Young,Scotland,2025-12-10,1708.9437564117889
Tom Ford,England,2022-06-30,1500.0
Tom Ford,England,2022-06-30,1459.5769644898153
Tom Ford,England,2022-06-30,1478.164228740272
Tom Ford,England,2022-06-30,1492.1822296914054
Tom Ford,England,2022-07-24,1475.3152309476277
Tom Ford,England,2022-08-13,1482.6578055332575
Tom Ford,England,2022-08-25,1505.5772081518808
Tom Ford,England,2022-10-12,1537.3034091094737
Tom Ford,England,2022-10-18,1557.5859438186974
Tom Ford,England,2022-10-19,1547.5464286385056
Tom Ford,England,2022-10-20,1629.78381923083
Tom Ford,England,2022-10-26,1535.6977371331875
Tom Ford,England,2022-11-07,1511.3077020621777
Tom Ford,England,2022-11-09,1598.0796566773495
Tom Ford,England,2022-11-13,1685.4561302790482
Tom Ford,England,2022-11-16,1748.2690791330049
Tom Ford,England,2022-11-18,1785.002386245735
Tom Ford,England,2022-11-19,1783.2356430258028
Tom Ford,England,2022-11-21,1794.7646107950682
Tom Ford,England,2022-11-22,1758.5124981680722
Tom Ford,England,2023-01-11,1685.0533276024294
Tom Ford,England,2023-01-18,1652.3534468967625
Tom Ford,England,2023-01-26,1650.1827210166823
Tom Ford,England,2023-01-27,1652.9083161996123
Tom Ford,England,2023-01-28,1682.9173280704426
Tom Ford,England,2023-01-28,1693.3730686597273
Tom Ford,England,2023-01-28,1675.8334858117055
Tom Ford,England,2023-02-02,1722.828999162843
Tom Ford,England,2023-02-03,1804.3520620650072
Tom Ford,England,2023-02-04,1923.174152804149
Tom Ford,England,2023-02-05,1753.8663784919063
Tom Ford,England,2023-02-21,1800.6719512544314
Tom Ford,England,2023-02-27,1790.2726711217008
Tom Ford,England,2023-02-27,1855.1640404968664
Tom Ford,England,2023-02-27,1841.6103811880791
Tom Ford,England,2023-02-28,1758.149749041791
Tom Ford,England,2023-02-28,1712.7779593577507
Tom Ford,England,2023-02-28,1743.6808916263387
Tom Ford,England,2023-03-18,1738.9727937712096
Tom Ford,England,2023-04-09,1574.1032416207822
Tom Ford,England,2023-07-28,1536.6015578586675
Tom Ford,England,2023-08-14,1583.3946223926694
Tom Ford,England,2023-08-22,1626.7544538530678
Tom Ford,England,2023-08-24,1602.1658362595597
Tom Ford,England,2023-09-03,1619.204988196824
Tom Ford,England,2023-09-08,1665.5442429450932
Tom Ford,England,2023-09-19,1674.1558918058154
Tom Ford,England,2023-09-27,1663.433186324158
Tom Ford,England,2023-09-28,1731.0750449167376
Tom Ford,England,2023-09-28,1768.4091393404015
Tom Ford,England,2023-09-29,1770.1865608168746
Tom Ford,England,2023-10-02,1733.6341364610025
Tom Ford,England,2023-10-09,1810.1256135566748
Tom Ford,England,2023-10-11,1830.5766298123685
Tom Ford,England,2023-10-12,1865.5229021779892
Tom Ford,England,2023-10-13,1820.0643072529128
Tom Ford,England,2023-10-23,1841.5963303632593
Tom Ford,England,2023-10-24,1893.7000790009454
Tom Ford,England,2023-11-01,1918.4809455431953
Tom Ford,England,2023-11-05,1964.9275965067857
Tom Ford,England,2023-11-07,1985.9109639679587
Tom Ford,England,2023-11-08,2100.5798555465844
Tom Ford,England,2023-11-09,2218.9041642755533
Tom Ford,England,2023-11-10,2273.953617914672
Tom Ford,England,2023-11-12,2276.4415998604954
Tom Ford,England,2023-11-25,2283.119567060688
Tom Ford,England,2023-11-29,2252.292178223133
Tom Ford,England,2023-12-07,2225.6914696538133
Tom Ford,England,2023-12-12,2219.4655527989244
Tom Ford,England,2023-12-13,2315.0670102277563
Tom Ford,England,2023-12-14,2310.475046583901
Tom Ford,England,2023-12-15,2269.455524400187
Tom Ford,England,2023-12-22,2254.9875457597423
Tom Ford,England,2024-01-16,2256.603156736622
Tom Ford,England,2024-01-18,2231.8404285748297
Tom Ford,England,2024-01-23,2242.384396088334
Tom Ford,England,2024-01-27,2287.527325032779
Tom Ford,England,2024-01-31,2298.4709782423697
Tom Ford,England,2024-02-01,2287.456293218368
Tom Ford,England,2024-02-01,2227.180956410373
Tom Ford,England,2024-02-05,2167.131077239796
Tom Ford,England,2024-02-05,2186.6089134129356
Tom Ford,England,2024-02-05,2230.544431601196
Tom Ford,England,2024-02-06,2240.7022390624375
Tom Ford,England,2024-02-06,2161.2301552953954
Tom Ford,England,2024-02-06,2076.3755011830885
Tom Ford,England,2024-02-14,2073.3680748042902
Tom Ford,England,2024-02-15,2136.902237567328
Tom Ford,England,2024-02-15,2099.8166864716654
Tom Ford,England,2024-02-20,2048.578888648759
Tom Ford,England,2024-03-18,2044.1663880225435
Tom Ford,England,2024-04-02,2177.8559204843777
Tom Ford,England,2024-04-21,2227.6268764136266
Tom Ford,England,2024-04-26,2288.58254387222
Tom Ford,England,2024-06-17,2218.753770895837
Tom Ford,England,2024-07-15,2168.852199725421
Tom Ford,England,2024-07-26,2155.1091344590836
Tom Ford,England,2024-07-29,2094.4242654630043
Tom Ford,England,2024-08-19,1960.0606029431538
Tom Ford,England,2024-09-03,1924.3712683285175
Tom Ford,England,2024-09-17,1899.2706959305585
Tom Ford,England,2024-09-23,1908.004522386058
Tom Ford,England,2024-10-01,1827.227780240201
Tom Ford,England,2024-10-21,1834.790868400199
Tom Ford,England,2024-10-23,1782.6141843981181
Tom Ford,England,2024-11-19,1828.8478071428876
Tom Ford,England,2024-12-05,1838.756820706657
Tom Ford,England,2024-12-06,1838.519379861014
Tom Ford,England,2024-12-07,1846.7249575105022
Tom Ford,England,2024-12-07,1847.6202338345045
Tom Ford,England,2024-12-07,1847.8731299276312
Tom Ford,England,2024-12-07,1866.023895512255
Tom Ford,England,2024-12-07,1864.6497892690338
Tom Ford,England,2024-12-10,1869.6483669866118
Tom Ford,England,2024-12-11,1961.2228815413953
Tom Ford,England,2024-12-12,2041.086359977155
Tom Ford,England,2024-12-13,2084.434992177266
Tom Ford,England,2024-12-20,2095.2828924833925
Tom Ford,England,2025-01-19,2104.7860613788016
Tom Ford,England,2025-01-20,2077.3654101088678
Tom Ford,England,2025-01-20,2152.680515435307
Tom Ford,England,2025-01-21,2178.9301667816344
Tom Ford,England,2025-01-21,2260.366049748444
Tom Ford,England,2025-01-21,2229.7701667129613
Tom Ford,England,2025-01-22,2212.8894545693843
Tom Ford,England,2025-01-22,2228.963268257922
Tom Ford,England,2025-01-22,2248.0347636260867
Tom Ford,England,2025-01-23,2247.373774613845
Tom Ford,England,2025-01-23,2209.725415965255
Tom Ford,England,2025-01-23,2247.0377653812784
Tom Ford,England,2025-01-29,2265.8039480777925
Tom Ford,England,2025-01-30,2202.0399058141993
Tom Ford,England,2025-02-10,2174.9939368709083
Tom Ford,England,2025-02-12,2261.938577483707
Tom Ford,England,2025-02-13,2153.0897269114416
Tom Ford,England,2025-02-24,2265.3640084480057
Tom Ford,England,2025-02-25,2311.2849780504685
Tom Ford,England,2025-02-26,2369.768629009692
Tom Ford,England,2025-02-27,2290.6987348690977
Tom Ford,England,2025-03-05,2305.61829432198
Tom Ford,England,2025-04-13,2204.8769113059298
Tom Ford,England,2025-06-23,2189.2872821863234
Tom Ford,England,2025-07-11,2153.1112077990724
Tom Ford,England,2025-07-11,2154.729431904215
Tom Ford,England,2025-07-11,2136.1963208029156
Tom Ford,England,2025-07-22,2212.4189686745794
Tom Ford,England,2025-07-22,2211.5244033963027
Tom Ford,England,2025-07-22,2246.268576356291
Tom Ford,England,2025-07-23,2230.259509780105
Tom Ford,England,2025-07-23,2260.6010056884475
Tom Ford,England,2025-07-23,2254.498635619908
Tom Ford,England,2025-08-10,2174.581895609621
Tom Ford,England,2025-08-25,2235.846387585404
Tom Ford,England,2025-08-26,2269.845663952245
Tom Ford,England,2025-08-27,2302.157622923108
Tom Ford,England,2025-09-02,2263.8076935598347
Tom Ford,England,2025-09-15,2293.666706563921
Tom Ford,England,2025-09-17,2272.5235412967713
Tom Ford,England,2025-10-02,2248.3323527176603
Tom Ford,England,2025-10-21,2350.855941334188
Tom Ford,England,2025-10-23,2386.3882684335795
Tom Ford,England,2025-10-24,2486.029408298112
Tom Ford,England,2025-11-02,2414.8816301434063
Tom Ford,England,2025-11-13,2444.6319806666347
Tom Ford,England,2025-11-25,2475.9011431707077
Tom Ford,England,2025-11-27,2366.312236594974
Tom Ford,England,2025-12-10,2372.7315498473067
Tom Ford,England,2025-12-12,2385.5649334176387
Tom Ford,England,2025-12-13,2396.292847038529
Tom Ford,England,2025-12-13,2382.545985997256
Tom Ford,England,2025-12-16,2368.830187648414
Tom Ford,England,2026-01-02,2394.7956268737366
Tom Ford,England,2026-01-02,2367.9147713261864
Tom Ford,England,2026-01-02,2431.7854917559453
Tom Ford,England,2026-01-03,2483.671888551319
Tom Ford,England,2026-01-03,2514.863521293981
Tom Ford,England,2026-01-03,2564.5863690834694
Tom Ford,England,2026-01-03,2602.374488010669
Tom Ford,England,2026-01-03,2677.7866701746416
Tom Ford,England,2026-01-08,2700.1833808122988
Tom Ford,England,2026-01-28,2815.3392299920565
Tom Ford,England,2026-01-29,2781.1729939328548
Tom Ford,England,2026-02-10,2864.101300669688
Tom Ford,England,2026-02-10,2870.99657407867
Tom Ford,England,2026-02-10,2938.5634192177513
Tom Ford,England,2026-02-10,2955.4931933355447
Tom Ford,England,2026-02-11,2932.1363970249954
Tom Ford,England,2026-02-11,2894.194900883089
Tom Ford,England,2026-02-12,2904.350914137823
Tom Ford,England,2026-02-23,2825.2813291122216
Ian Martin,England,2022-07-11,1500.0
Ian Martin,England,2022-07-11,1440.0
Ian Martin,England,2022-07-12,1408.5500590913448
Ian Martin,England,2022-07-12,1431.3862020989543
Ian Martin,England,2022-07-16,1373.589247010891
Ian Martin,England,2023-01-13,1366.8739822409439
Ian Martin,England,2023-01-25,1357.2885397327032
Ian Martin,England,2023-02-15,1353.8189090317137
Ian Martin,England,2023-03-18,1310.1336784479122
Ian Martin,England,2023-04-05,1246.3744630564
Ian Martin,England,2023-04-08,1104.9136766507406
Stephen Hendry,Scotland,2022-07-23,1500.0
Stephen Hendry,Scotland,2022-07-23,1375.1060151985685
Stephen Hendry,Scotland,2022-08-09,1331.3173496190045
Stephen Hendry,Scotland,2022-11-24,1262.7169048362607
Stephen Hendry,Scotland,2023-04-05,1269.9774131948745
Stephen Hendry,Scotland,2023-08-14,1238.0216930576503
Stephen Hendry,Scotland,2023-09-07,1153.2642386249167
Stephen Hendry,Scotland,2023-09-18,1157.101125445227
Stephen Hendry,Scotland,2023-10-18,1167.5758735318918
Stephen Hendry,Scotland,2024-01-25,1141.2413686538707
Ali Hussain Ali,Iraq,2024-08-30,1500.0
Ali Hussain Ali,Iraq,2024-08-30,1381.8127472284539
Bulcsú Révész,Hungary,2023-04-03,1500.0
Bulcsú Révész,Hungary,2023-04-03,1307.825993669626
Bulcsú Révész,Hungary,2023-11-19,1324.24105087548
Bulcsú Révész,Hungary,2023-12-07,1320.6499038975408
Bulcsú Révész,Hungary,2024-04-09,1292.9348527822606
Bulcsú Révész,Hungary,2024-04-11,1332.914773498764
Bulcsú Révész,Hungary,2024-06-17,1334.0090889683006
Bulcsú Révész,Hungary,2024-06-17,1379.4545960078385
Bulcsú Révész,Hungary,2024-06-17,1372.1479785160477
Bulcsú Révész,Hungary,2024-07-25,1389.2564501567413
Bulcsú Révész,Hungary,2024-07-29,1414.7535192986636
Bulcsú Révész,Hungary,2024-08-20,1480.0685327448498
Bulcsú Révész,Hungary,2024-08-30,1483.0283089595277
Bulcsú Révész,Hungary,2024-08-31,1580.4434620152078
Bulcsú Révész,Hungary,2024-09-01,1584.5278456323106
Bulcsú Révész,Hungary,2024-09-12,1584.7665077610582
Bulcsú Révész,Hungary,2024-09-16,1652.2457104312755
Bulcsú Révész,Hungary,2024-09-17,1606.596085758972
Bulcsú Révész,Hungary,2024-09-23,1681.931157508388
Bulcsú Révész,Hungary,2024-09-24,1658.4970177389757
Bulcsú Révész,Hungary,2024-09-28,1684.4373100436355
Bulcsú Révész,Hungary,2024-09-29,1737.4093725490563
Bulcsú Révész,Hungary,2024-10-02,1894.1775205445633
Bulcsú Révész,Hungary,2024-10-22,1938.2308789898477
Bulcsú Révész,Hungary,2024-10-29,1957.2269536132608
Bulcsú Révész,Hungary,2024-10-30,1946.1163178821107
Bulcsú Révész,Hungary,2024-11-16,1858.9939863355146
Bulcsú Révész,Hungary,2024-12-05,1858.3828577868635
Bulcsú Révész,Hungary,2024-12-06,1847.3355623356213
Bulcsú Révész,Hungary,2024-12-16,1808.2227231947327
Bulcsú Révész,Hungary,2024-12-17,1830.0045815302126
Bulcsú Révész,Hungary,2024-12-21,1790.5852031502618
Bulcsú Révész,Hungary,2025-02-05,1759.6670522027146
Bulcsú Révész,Hungary,2025-02-06,1771.3323413401722
Bulcsú Révész,Hungary,2025-04-08,1527.1205594492824
Bulcsú Révész,Hungary,2025-06-22,1564.9685786924429
Bulcsú Révész,Hungary,2025-06-28,1642.9075825637985
Bulcsú Révész,Hungary,2025-07-01,1736.682773901567
Bulcsú Révész,Hungary,2025-07-01,1737.0503377574437
Bulcsú Révész,Hungary,2025-07-01,1672.5970454172739
Bulcsú Révész,Hungary,2025-08-09,1634.6639292323991
Bulcsú Révész,Hungary,2025-09-01,1623.6623481888496
Bulcsú Révész,Hungary,2025-09-05,1552.1007761578385
Bulcsú Révész,Hungary,2025-09-12,1586.6302710992168
Bulcsú Révész,Hungary,2025-09-24,1605.5860029218484
Bulcsú Révész,Hungary,2025-09-30,1638.2160490303925
Bulcsú Révész,Hungary,2025-10-16,1595.977148096524
Bulcsú Révész,Hungary,2025-11-22,1605.7584435202336
Bulcsú Révész,Hungary,2025-11-23,1633.261378079178
Bulcsú Révész,Hungary,2025-11-25,1795.9497413360148
Bulcsú Révész,Hungary,2025-12-10,1799.7656864636756
Bulcsú Révész,Hungary,2025-12-12,1813.9826164909646
Bulcsú Révész,Hungary,2025-12-13,1793.487910563979
Bulcsú Révész,Hungary,2026-01-05,1782.7037281417568
Bulcsú Révész,Hungary,2026-01-07,1780.3588837753653
Bulcsú Révész,Hungary,2026-01-09,1776.3571599373045
Bulcsú Révész,Hungary,2026-01-10,1871.1180215432964
Bulcsú Révész,Hungary,2026-02-10,1851.4712096884487
Bulcsú Révész,Hungary,2026-02-24,1941.4502958915457
Bulcsú Révész,Hungary,2026-02-25,2033.9862487860742
Michael Holt,England,2022-06-29,1500.0
Michael Holt,England,2022-06-29,1492.638666835242
Michael Holt,England,2022-06-29,1452.7479255931905
Michael Holt,England,2022-06-29,1488.0432144691413
Michael Holt,England,2022-07-17,1466.2265047912774
Michael Holt,England,2023-01-26,1496.07324063256
Michael Holt,England,2023-01-27,1500.9172632592981
Michael Holt,England,2023-01-28,1534.7091454842666
Michael Holt,England,2023-01-28,1550.0109314113463
Michael Holt,England,2023-01-28,1531.4389695893146
Michael Holt,England,2023-02-13,1472.412160645944
Michael Holt,England,2023-03-18,1476.2081124996266
Michael Holt,England,2023-04-05,1471.6973574362842
Michael Holt,England,2023-04-08,1493.7417648408284
Michael Holt,England,2023-07-10,1479.202248849804
Michael Holt,England,2023-07-10,1485.0256906192062
Michael Holt,England,2023-07-10,1514.89245761322
Michael Holt,England,2023-07-19,1513.0826260272008
Michael Holt,England,2023-07-19,1581.463498577462
Michael Holt,England,2023-07-19,1609.6813562953216
Michael Holt,England,2023-11-18,1711.5174740985024
Michael Holt,England,2024-04-08,1566.9144440086188
Michael Holt,England,2024-06-24,1581.7691225812464
Michael Holt,England,2024-06-24,1628.1656137484479
Michael Holt,England,2024-06-24,1679.5919744066616
Michael Holt,England,2024-07-26,1704.8092506253804
Michael Holt,England,2024-07-28,1710.5233369684363
Michael Holt,England,2024-07-31,1679.7658384752071
Michael Holt,England,2024-08-30,1690.6256285426255
Michael Holt,England,2024-08-31,1675.9753544383732
Michael Holt,England,2024-09-12,1735.9586587698905
Michael Holt,England,2024-09-16,1812.8411016875698
Michael Holt,England,2024-09-24,1717.208674127841
Michael Holt,England,2024-09-28,1711.1507547442545
Michael Holt,England,2024-09-29,1729.7493187223408
Michael Holt,England,2024-10-01,1786.9628526564215
Michael Holt,England,2024-10-28,1789.4587829744255
Michael Holt,England,2024-11-04,1898.4743560629677
Michael Holt,England,2024-11-17,1977.945735269175
Michael Holt,England,2024-11-18,2002.2869651200267
Michael Holt,England,2024-11-19,2079.849712170665
Michael Holt,England,2024-11-21,2092.750337463579
Michael Holt,England,2024-11-25,2188.4885879821045
Michael Holt,England,2024-11-28,2308.7378371417026
Michael Holt,England,2024-11-29,2364.335739211291
Michael Holt,England,2024-12-05,2338.5390686227965
Michael Holt,England,2024-12-18,2227.337009505795
Michael Holt,England,2025-02-04,2246.1418982718146
Michael Holt,England,2025-02-05,2222.827415768092
Michael Holt,England,2025-02-11,2218.87750929637
Michael Holt,England,2025-02-23,2206.5517628353496
Michael Holt,England,2025-02-25,2219.330375870927
Michael Holt,England,2025-02-26,2296.7866659929387
Michael Holt,England,2025-04-11,2245.080360968813
Michael Holt,England,2025-04-14,2375.734409524879
Michael Holt,England,2025-04-16,2198.5282768129186
Michael Holt,England,2025-06-22,2182.5907520392207
Michael Holt,England,2025-06-28,2119.2815138541696
Michael Holt,England,2025-06-30,2072.7506852092724
Michael Holt,England,2025-06-30,2080.1449384565108
Michael Holt,England,2025-06-30,2063.3414823652433
Michael Holt,England,2025-08-09,2034.6114636366985
Michael Holt,England,2025-08-24,2074.874566222661
Michael Holt,England,2025-09-02,2059.9158326800853
Michael Holt,England,2025-09-06,1990.9325915975714
Michael Holt,England,2025-09-14,2008.4353767430514
Michael Holt,England,2025-09-16,2002.4578714411396
Michael Holt,England,2025-10-02,2028.446690274785
Michael Holt,England,2025-10-07,2020.166634513723
Michael Holt,England,2025-10-15,1990.819360558178
Michael Holt,England,2025-11-03,2000.5420539560619
Michael Holt,England,2025-11-23,1976.5639920490173
Michael Holt,England,2025-11-24,2112.0392545502855
Michael Holt,England,2025-11-26,2275.3286161520987
Michael Holt,England,2025-11-30,2386.072766152117
Michael Holt,England,2025-12-10,2386.313194915123
Michael Holt,England,2025-12-12,2369.750373882011
Michael Holt,England,2025-12-16,2431.8961504976905
Michael Holt,England,2026-01-07,2389.949947970076
Michael Holt,England,2026-01-10,2409.1337115255706
Michael Holt,England,2026-02-11,2419.0522272213534
Michael Holt,England,2026-02-23,2435.3897089611473
Ken Doherty,Ireland,2022-07-06,1500.0
Ken Doherty,Ireland,2022-07-06,1442.7966173946586
Ken Doherty,Ireland,2022-07-06,1430.9856197632469
Ken Doherty,Ireland,2022-07-06,1400.3399081053828
Ken Doherty,Ireland,2022-07-22,1370.197686629134
Ken Doherty,Ireland,2022-08-11,1340.7153943961973
Ken Doherty,Ireland,2022-10-12,1378.8133574745113
Ken Doherty,Ireland,2022-10-16,1323.145630222912
Ken Doherty,Ireland,2022-10-25,1388.3244921300495
Ken Doherty,Ireland,2022-11-05,1328.7520912063271
Ken Doherty,Ireland,2022-11-21,1383.5641734673666
Ken Doherty,Ireland,2022-11-22,1351.6724110886964
Ken Doherty,Ireland,2022-11-29,1367.899838340055
Ken Doherty,Ireland,2022-12-12,1357.9051534802911
Ken Doherty,Ireland,2023-01-11,1408.6554671289716
Ken Doherty,Ireland,2023-01-25,1421.1070388187045
Ken Doherty,Ireland,2023-01-27,1404.4151919261774
Ken Doherty,Ireland,2023-02-15,1390.0701638371092
Ken Doherty,Ireland,2023-04-05,1387.2654992814191
Ken Doherty,Ireland,2023-04-08,1384.457037026979
Ken Doherty,Ireland,2023-04-10,1399.990882419574
Ken Doherty,Ireland,2023-06-30,1403.6074889040276
Ken Doherty,Ireland,2023-06-30,1345.2271843717288
Ken Doherty,Ireland,2023-06-30,1389.1135947523069
Ken Doherty,Ireland,2023-07-26,1432.2804164587665
Ken Doherty,Ireland,2023-08-14,1459.2031353693928
Ken Doherty,Ireland,2023-08-22,1525.131452666026
Ken Doherty,Ireland,2023-09-07,1455.612067757188
Ken Doherty,Ireland,2023-09-26,1455.4033524525275
Ken Doherty,Ireland,2023-10-09,1466.8799286750111
Ken Doherty,Ireland,2023-10-18,1512.5960316958087
Ken Doherty,Ireland,2023-10-24,1477.8474429971004
Ken Doherty,Ireland,2023-10-31,1433.4820213608784
Ken Doherty,Ireland,2023-11-05,1441.6870134881167
Ken Doherty,Ireland,2023-11-20,1438.3942109544068
Ken Doherty,Ireland,2023-11-21,1520.797323863834
Ken Doherty,Ireland,2023-11-23,1574.6778022236433
Ken Doherty,Ireland,2023-12-06,1561.7643273271208
Ken Doherty,Ireland,2023-12-18,1530.6424485697348
Ken Doherty,Ireland,2024-01-23,1448.2855819439353
Ken Doherty,Ireland,2024-01-27,1413.9050683993514
Ken Doherty,Ireland,2024-01-30,1401.6607444376689
Ken Doherty,Ireland,2024-04-12,1495.8507195129891
Ken Doherty,Ireland,2024-07-27,1492.0020722290237
Ken Doherty,Ireland,2024-07-30,1479.4332292267543
Ken Doherty,Ireland,2024-08-01,1481.514491854553
Ken Doherty,Ireland,2024-08-30,1454.0229191310077
Ken Doherty,Ireland,2024-09-30,1482.1429998973044
Ken Doherty,Ireland,2024-12-16,1566.6781889165752
Ken Doherty,Ireland,2024-12-17,1602.157424863675
Ken Doherty,Ireland,2024-12-22,1629.8602737327349
Ken Doherty,Ireland,2025-01-28,1607.8226978697253
Ken Doherty,Ireland,2025-02-05,1531.4367241699567
Ken Doherty,Ireland,2025-04-09,1642.8151704569555
Ken Doherty,Ireland,2025-04-12,1597.0947633262206
Ken Doherty,Ireland,2025-06-24,1602.6589458629278
Ken Doherty,Ireland,2025-06-25,1566.8682612888576
Ken Doherty,Ireland,2025-08-08,1598.3871018863451
Ken Doherty,Ireland,2025-08-09,1643.150840351822
Ken Doherty,Ireland,2025-09-03,1629.819716648179
Ken Doherty,Ireland,2025-09-04,1567.558002621405
Ken Doherty,Ireland,2025-09-30,1697.7440668962124
Ken Doherty,Ireland,2025-11-23,1620.1450258725722
Ken Doherty,Ireland,2025-12-10,1631.6235389392457
Ken Doherty,Ireland,2025-12-12,1622.9625228951272
Ken Doherty,Ireland,2026-01-06,1747.5652571992757
Ken Doherty,Ireland,2026-01-07,1878.6950944175503
Ken Doherty,Ireland,2026-01-08,1855.6208711254865
Ken Doherty,Ireland,2026-01-09,1834.1942488641416
Ken Doherty,Ireland,2026-02-11,1843.9936347050416
Ahmed Abdullah Aseeri,Saudi Arabia,2024-12-18,1500.0
Ahmed Abdullah Aseeri,Saudi Arabia,2024-12-18,1483.9355007527406
Ahmed Abdullah Aseeri,Saudi Arabia,2025-08-08,1437.4287431614327
Liam Graham,Scotland,2022-11-05,1500.0
Liam Graham,Scotland,2022-11-05,1378.8354631742372
Liam Graham,Scotland,2022-11-28,1316.1802185904037
Liam Graham,Scotland,2023-01-25,1307.3914970548742
Liam Graham,Scotland,2023-04-05,1321.4089672491455
Liam Graham,Scotland,2023-07-03,1277.155513820303
Liam Graham,Scotland,2023-07-03,1271.1586431541348
Liam Graham,Scotland,2023-07-03,1267.0722872603787
Liam Graham,Scotland,2023-07-25,1170.4252488507816
Liam Graham,Scotland,2023-08-17,1228.0746859529743
Liam Graham,Scotland,2023-09-05,1189.0521584201233
Liam Graham,Scotland,2023-09-06,1126.2506579347605
Liam Graham,Scotland,2023-09-18,1177.867829253921
Liam Graham,Scotland,2023-09-26,1126.2036773239909
Liam Graham,Scotland,2023-10-19,1093.662800101398
Liam Graham,Scotland,2023-11-18,1047.3015787586246
Liam Graham,Scotland,2023-12-07,1044.9224866737611
Liam Graham,Scotland,2023-12-12,1108.6169266158392
Liam Graham,Scotland,2023-12-13,1132.0691194727767
Liam Graham,Scotland,2023-12-21,1128.5160705942506
Liam Graham,Scotland,2024-01-23,1145.2910106792383
Liam Graham,Scotland,2024-02-12,1119.3291876882665
Liam Graham,Scotland,2024-04-10,1135.7772697153396
Liam Graham,Scotland,2024-06-19,1175.0218366122754
Liam Graham,Scotland,2024-06-19,1152.8730309350517
Liam Graham,Scotland,2024-06-19,1187.5988010034048
Liam Graham,Scotland,2024-07-26,1182.1984494273609
Liam Graham,Scotland,2024-07-30,1222.225555389853
Liam Graham,Scotland,2024-07-31,1208.4680768201215
Liam Graham,Scotland,2024-08-30,1248.1221253560195
Liam Graham,Scotland,2024-08-31,1225.059750559256
Liam Graham,Scotland,2024-09-13,1213.594181027463
Liam Graham,Scotland,2024-09-24,1218.675910874079
Liam Graham,Scotland,2024-09-28,1206.315477345601
Liam Graham,Scotland,2024-09-29,1196.2663451362823
Liam Graham,Scotland,2024-09-30,1184.9153137358976
Liam Graham,Scotland,2024-10-28,1165.4998312735481
Liam Graham,Scotland,2024-11-16,1148.0873380940966
Liam Graham,Scotland,2024-11-17,1205.032304351513
Liam Graham,Scotland,2024-12-04,1209.6180417829087
Liam Graham,Scotland,2024-12-06,1230.8971592058774
Liam Graham,Scotland,2024-12-07,1252.964294600173
Liam Graham,Scotland,2024-12-07,1274.1909781020747
Liam Graham,Scotland,2024-12-07,1292.618440935326
Liam Graham,Scotland,2024-12-07,1315.9316731578897
Liam Graham,Scotland,2024-12-07,1309.474838412275
Liam Graham,Scotland,2024-12-18,1397.694526557686
Liam Graham,Scotland,2024-12-19,1457.1354260409878
Liam Graham,Scotland,2024-12-20,1383.6752665584856
Liam Graham,Scotland,2025-01-27,1379.2019625973935
Liam Graham,Scotland,2025-02-04,1430.2617858814122
Liam Graham,Scotland,2025-02-05,1453.3603923199887
Liam Graham,Scotland,2025-04-08,1411.593374243198
Liam Graham,Scotland,2025-04-10,1405.8426266583158
Liam Graham,Scotland,2025-06-22,1455.1703093411134
Liam Graham,Scotland,2025-06-26,1527.1298005035571
Liam Graham,Scotland,2025-06-30,1514.262224373668
Liam Graham,Scotland,2025-06-30,1540.1193273515123
Liam Graham,Scotland,2025-06-30,1524.7376850360815
Liam Graham,Scotland,2025-08-09,1524.0612018087036
Liam Graham,Scotland,2025-08-09,1491.5758844587747
Liam Graham,Scotland,2025-09-02,1530.9239132567677
Liam Graham,Scotland,2025-09-04,1576.0375378271472
Liam Graham,Scotland,2025-09-06,1525.5947106260733
Liam Graham,Scotland,2025-09-11,1561.368191177005
Liam Graham,Scotland,2025-09-13,1536.2367628326347
Liam Graham,Scotland,2025-10-02,1533.5781581060814
Liam Graham,Scotland,2025-10-16,1569.7094579228708
Liam Graham,Scotland,2025-10-17,1538.4949407522192
Liam Graham,Scotland,2025-11-22,1628.3722536868258
Liam Graham,Scotland,2025-11-24,1753.03801478714
Liam Graham,Scotland,2025-11-25,1728.8832822491775
Liam Graham,Scotland,2025-12-11,1740.2292353152015
Liam Graham,Scotland,2025-12-12,1732.5860674590947
Liam Graham,Scotland,2026-01-05,1725.0470225693673
Liam Graham,Scotland,2026-01-06,1716.1915269115987
Liam Graham,Scotland,2026-01-09,1677.4343260871935
Liam Graham,Scotland,2026-02-11,1692.987158356639
Saleh Alamoudi,Saudi Arabia,2024-08-30,1500.0
Saleh Alamoudi,Saudi Arabia,2024-08-30,1389.4079622180268
Brad Ferguson,Wales,2022-11-05,1500.0
Brad Ferguson,Wales,2022-11-05,1319.9549729070263
Mark Lloyd,England,2025-07-05,1500.0
Mark Lloyd,England,2025-07-05,1514.1313975202065
Mark Lloyd,England,2025-07-05,1579.4790698177908
Mark Lloyd,England,2025-07-05,1517.5947936632801
Mark Lloyd,England,2025-12-11,1514.9369235124082
Ryan Day,Wales,2022-07-14,1500.0
Ryan Day,Wales,2022-07-14,1497.1071408062871
Ryan Day,Wales,2022-07-14,1506.0739048701573
Ryan Day,Wales,2022-07-14,1515.1001911098388
Ryan Day,Wales,2022-07-22,1549.0131871520462
Ryan Day,Wales,2022-08-12,1536.5796790146485
Ryan Day,Wales,2022-08-16,1625.491104180671
Ryan Day,Wales,2022-08-18,1650.203273776035
Ryan Day,Wales,2022-08-19,1637.9659480792302
Ryan Day,Wales,2022-08-23,1586.7638803354434
Ryan Day,Wales,2022-09-28,1577.2969862891823
Ryan Day,Wales,2022-09-29,1636.9160475216063
Ryan Day,Wales,2022-09-29,1663.647819912949
Ryan Day,Wales,2022-09-30,1679.8333676495968
Ryan Day,Wales,2022-10-01,1664.1132572476054
Ryan Day,Wales,2022-10-02,1849.5688221806001
Ryan Day,Wales,2022-11-01,1881.6819286442294
Ryan Day,Wales,2022-11-01,1913.1665115649632
Ryan Day,Wales,2022-11-12,1916.5225766457954
Ryan Day,Wales,2022-11-16,1858.0839523912402
Ryan Day,Wales,2022-11-21,1807.7654173095027
Ryan Day,Wales,2022-11-28,1789.5256019631634
Ryan Day,Wales,2022-11-30,1861.7074396608098
Ryan Day,Wales,2022-12-01,1736.8977182186934
Ryan Day,Wales,2022-12-12,1758.154187606085
Ryan Day,Wales,2022-12-13,1803.804634160637
Ryan Day,Wales,2022-12-14,1807.5567158568963
Ryan Day,Wales,2022-12-15,1825.1910125536556
Ryan Day,Wales,2022-12-19,1834.7816837644712
Ryan Day,Wales,2022-12-19,1881.340275940975
Ryan Day,Wales,2022-12-19,1915.897265079614
Ryan Day,Wales,2022-12-19,1924.4639780369153
Ryan Day,Wales,2022-12-20,1957.6047787202394
Ryan Day,Wales,2022-12-20,1890.3086036415857
Ryan Day,Wales,2022-12-20,1853.3955162734737
Ryan Day,Wales,2022-12-21,1846.430494941696
Ryan Day,Wales,2022-12-21,1867.2002425715095
Ryan Day,Wales,2022-12-21,1855.6268691548576
Ryan Day,Wales,2022-12-22,1786.4304927229948
Ryan Day,Wales,2022-12-22,1779.5365069435156
Ryan Day,Wales,2022-12-22,1762.9520473018288
Ryan Day,Wales,2023-01-11,1787.561067945234
Ryan Day,Wales,2023-01-17,1876.9466400267559
Ryan Day,Wales,2023-01-19,1816.4888666252352
Ryan Day,Wales,2023-01-26,1795.7865649540518
Ryan Day,Wales,2023-02-13,1767.1609370215579
Ryan Day,Wales,2023-02-20,1795.5255136194914
Ryan Day,Wales,2023-02-23,1692.9555279021438
Ryan Day,Wales,2023-03-17,1606.7154747788134
Ryan Day,Wales,2023-03-30,1754.6652371621171
Ryan Day,Wales,2023-04-10,1729.4967854311224
Ryan Day,Wales,2023-04-12,1696.2627849954881
Ryan Day,Wales,2023-04-19,1788.2244999271104
Ryan Day,Wales,2023-06-28,1756.5561093042465
Ryan Day,Wales,2023-06-28,1724.733642834239
Ryan Day,Wales,2023-06-28,1729.1595056735039
Ryan Day,Wales,2023-07-25,1645.3989961006057
Ryan Day,Wales,2023-09-01,1649.9336532917225
Ryan Day,Wales,2023-09-18,1653.8065242899138
Ryan Day,Wales,2023-09-25,1630.379182513989
Ryan Day,Wales,2023-09-27,1609.6077806459375
Ryan Day,Wales,2023-09-27,1576.9167360617128
Ryan Day,Wales,2023-10-02,1575.4989684240486
Ryan Day,Wales,2023-10-03,1573.2469192315007
Ryan Day,Wales,2023-10-09,1620.2848961496813
Ryan Day,Wales,2023-10-11,1549.5020995479529
Ryan Day,Wales,2023-10-22,1509.2449384359825
Ryan Day,Wales,2023-11-01,1549.4858451650123
Ryan Day,Wales,2023-11-05,1584.707741348938
Ryan Day,Wales,2023-11-07,1632.178113762113
Ryan Day,Wales,2023-11-08,1734.9785009578534
Ryan Day,Wales,2023-11-21,1600.0835097141528
Ryan Day,Wales,2023-12-07,1599.4883704416236
Ryan Day,Wales,2023-12-08,1606.4948037712784
Ryan Day,Wales,2023-12-09,1594.9148852721921
Ryan Day,Wales,2023-12-12,1566.9850355170256
Ryan Day,Wales,2023-12-21,1652.4399686676463
Ryan Day,Wales,2024-01-02,1756.076316001141
Ryan Day,Wales,2024-01-02,1850.5536398287331
Ryan Day,Wales,2024-01-02,1852.2622429613243
Ryan Day,Wales,2024-01-02,1916.2822144417403
Ryan Day,Wales,2024-01-03,1937.4556686984702
Ryan Day,Wales,2024-01-03,2031.9780923836256
Ryan Day,Wales,2024-01-03,2078.934512145649
Ryan Day,Wales,2024-01-04,2018.4340167444357
Ryan Day,Wales,2024-01-04,1997.108898155682
Ryan Day,Wales,2024-01-04,2003.0940295854266
Ryan Day,Wales,2024-01-04,1935.8475503090742
Ryan Day,Wales,2024-01-05,1914.0584882446458
Ryan Day,Wales,2024-01-05,1898.6713459687546
Ryan Day,Wales,2024-01-22,1864.467419443712
Ryan Day,Wales,2024-01-26,1837.9167533607279
Ryan Day,Wales,2024-01-30,1798.8507617108266
Ryan Day,Wales,2024-01-31,1799.8937721215025
Ryan Day,Wales,2024-02-01,1862.6798926512054
Ryan Day,Wales,2024-02-02,1801.2171535128246
Ryan Day,Wales,2024-02-12,1789.2072057070764
Ryan Day,Wales,2024-02-14,1779.26090130907
Ryan Day,Wales,2024-03-19,1730.7111887480432
Ryan Day,Wales,2024-04-15,1764.8358051567584
Ryan Day,Wales,2024-04-17,1755.4111504753707
Ryan Day,Wales,2024-04-24,1972.9980704418094
Ryan Day,Wales,2024-04-29,2187.3007021784665
Ryan Day,Wales,2024-06-10,2141.171824366957
Ryan Day,Wales,2024-06-10,2213.9777655136854
Ryan Day,Wales,2024-06-10,2191.637165882144
Ryan Day,Wales,2024-07-02,2201.035590309592
Ryan Day,Wales,2024-07-02,2142.063830100575
Ryan Day,Wales,2024-07-02,2182.0174663799194
Ryan Day,Wales,2024-07-25,2193.4498972758315
Ryan Day,Wales,2024-07-29,2180.5161381631547
Ryan Day,Wales,2024-08-19,2143.3694167810672
Ryan Day,Wales,2024-08-21,2113.128074521927
Ryan Day,Wales,2024-09-01,2141.527451054631
Ryan Day,Wales,2024-09-02,2061.9832165420744
Ryan Day,Wales,2024-09-16,2010.0543912912578
Ryan Day,Wales,2024-09-23,2088.7987824744964
Ryan Day,Wales,2024-09-24,2113.913252180222
Ryan Day,Wales,2024-10-02,2144.7656195567038
Ryan Day,Wales,2024-10-06,2118.555787880631
Ryan Day,Wales,2024-10-20,2085.3324568451535
Ryan Day,Wales,2024-11-03,2063.767529724966
Ryan Day,Wales,2024-11-05,2008.694841371365
Ryan Day,Wales,2024-11-19,2021.1766293587698
Ryan Day,Wales,2024-11-20,2040.926269777915
Ryan Day,Wales,2024-11-24,2047.2860316882802
Ryan Day,Wales,2024-12-04,2059.6486701553304
Ryan Day,Wales,2024-12-06,2036.8779896293372
Ryan Day,Wales,2024-12-09,2110.4212835507806
Ryan Day,Wales,2024-12-11,2144.0742483147687
Ryan Day,Wales,2024-12-21,2165.05419080507
Ryan Day,Wales,2025-01-03,2250.5107372694006
Ryan Day,Wales,2025-01-03,2272.0733637893322
Ryan Day,Wales,2025-01-04,2249.1025196483915
Ryan Day,Wales,2025-01-04,2179.199399427199
Ryan Day,Wales,2025-01-04,2222.4525429419655
Ryan Day,Wales,2025-01-04,2304.704941387948
Ryan Day,Wales,2025-01-04,2257.9932601380483
Ryan Day,Wales,2025-01-06,2184.6728056792876
Ryan Day,Wales,2025-01-06,2126.743190311671
Ryan Day,Wales,2025-01-06,2201.296370724511
Ryan Day,Wales,2025-01-06,2242.0293031800697
Ryan Day,Wales,2025-01-07,2202.3115995971643
Ryan Day,Wales,2025-01-07,2214.8186034099
Ryan Day,Wales,2025-01-28,2184.937594358282
Ryan Day,Wales,2025-02-11,2186.8439759026237
Ryan Day,Wales,2025-02-12,2171.1713548091466
Ryan Day,Wales,2025-02-13,2111.015835946536
Ryan Day,Wales,2025-02-25,2085.7017711004055
Ryan Day,Wales,2025-02-26,2181.947551089077
Ryan Day,Wales,2025-04-13,2180.036113852475
Ryan Day,Wales,2025-04-15,2144.139588743802
Ryan Day,Wales,2025-04-24,2244.512837216115
Ryan Day,Wales,2025-06-24,2228.456946354349
Ryan Day,Wales,2025-06-26,2211.2741337896396
Ryan Day,Wales,2025-07-02,2179.5932483717147
Ryan Day,Wales,2025-07-02,2208.5424423926197
Ryan Day,Wales,2025-07-02,2238.21691527612
Ryan Day,Wales,2025-08-10,2224.369369930718
Ryan Day,Wales,2025-09-03,2212.1106173011385
Ryan Day,Wales,2025-09-06,2209.577373429283
Ryan Day,Wales,2025-09-13,2177.6716460828147
Ryan Day,Wales,2025-09-15,2148.5886457817746
Ryan Day,Wales,2025-10-02,2151.848888127792
Ryan Day,Wales,2025-10-07,2172.128975030391
Ryan Day,Wales,2025-10-15,2177.903354077718
Ryan Day,Wales,2025-10-21,2215.1426180563562
Ryan Day,Wales,2025-10-22,2230.7938957801707
Ryan Day,Wales,2025-11-03,2306.4964397795297
Ryan Day,Wales,2025-11-25,2257.96074367225
Ryan Day,Wales,2025-11-27,2368.151783730794
Ryan Day,Wales,2025-11-29,2309.9910860727186
Ryan Day,Wales,2025-12-10,2332.206224389802
Ryan Day,Wales,2025-12-12,2333.2726905693426
Ryan Day,Wales,2025-12-13,2304.489294376302
Ryan Day,Wales,2025-12-15,2237.2106559184945
Ryan Day,Wales,2026-01-07,2236.3229305393606
Ryan Day,Wales,2026-01-08,2361.469526241514
Ryan Day,Wales,2026-01-23,2370.61430066457
Ryan Day,Wales,2026-01-23,2344.743018802909
Ryan Day,Wales,2026-01-23,2437.6636032812407
Ryan Day,Wales,2026-01-23,2493.880175425999
Ryan Day,Wales,2026-01-24,2453.7735903933058
Ryan Day,Wales,2026-01-24,2477.9690968760033
Ryan Day,Wales,2026-01-28,2463.0339272390734
Ryan Day,Wales,2026-02-10,2424.3292790020255
Ryan Day,Wales,2026-02-24,2394.3387187357125
Florian Nüßle,Austria,2022-07-20,1500.0
Florian Nüßle,Austria,2022-07-20,1508.3213278536252
Florian Nüßle,Austria,2022-07-20,1522.390635461279
Florian Nüßle,Austria,2022-07-20,1459.3107742848028
Florian Nüßle,Austria,2022-07-24,1454.5648355395367
Florian Nüßle,Austria,2023-01-26,1438.432883790381
Florian Nüßle,Austria,2023-04-04,1445.5886667048817
Florian Nüßle,Austria,2023-04-06,1463.1282623382835
Florian Nüßle,Austria,2023-06-29,1432.7786869235586
Florian Nüßle,Austria,2023-06-29,1424.914072189918
Florian Nüßle,Austria,2023-06-29,1460.8668099596493
Florian Nüßle,Austria,2023-12-06,1451.4102962076527
Florian Nüßle,Austria,2024-06-19,1399.2130019725028
Florian Nüßle,Austria,2024-06-19,1457.2825293921899
Florian Nüßle,Austria,2024-06-19,1471.2528522073671
Florian Nüßle,Austria,2024-09-28,1482.9534882941625
Florian Nüßle,Austria,2024-11-16,1457.5386986319936
Florian Nüßle,Austria,2024-11-17,1570.654907645859
Florian Nüßle,Austria,2024-11-18,1589.8609007328296
Florian Nüßle,Austria,2024-12-04,1597.162206936618
Florian Nüßle,Austria,2024-12-06,1607.3562309801807
Florian Nüßle,Austria,2024-12-07,1623.0038228246024
Florian Nüßle,Austria,2024-12-07,1631.030387297715
Florian Nüßle,Austria,2024-12-07,1629.0158546293806
Florian Nüßle,Austria,2025-02-05,1720.5279080758348
Florian Nüßle,Austria,2025-02-06,1784.8791825550493
Florian Nüßle,Austria,2025-02-10,1793.266804120827
Florian Nüßle,Austria,2025-04-09,1891.9571204185609
Florian Nüßle,Austria,2025-06-23,1903.3833930245605
Florian Nüßle,Austria,2025-06-26,1853.3799100910946
Florian Nüßle,Austria,2025-07-12,1857.7394156579978
Florian Nüßle,Austria,2025-07-12,1804.7969942681948
Florian Nüßle,Austria,2025-07-12,1848.2278039615587
Florian Nüßle,Austria,2025-08-08,1893.1455265942093
Florian Nüßle,Austria,2025-09-01,1996.5261865682417
Florian Nüßle,Austria,2025-09-04,1945.6530455027562
Florian Nüßle,Austria,2025-09-11,1979.9521126044738
Florian Nüßle,Austria,2025-10-02,1977.0467142056627
Florian Nüßle,Austria,2025-10-14,1925.7046592164425
Florian Nüßle,Austria,2025-11-22,1943.9097767461699
Florian Nüßle,Austria,2025-12-10,1943.3248024914487
Florian Nüßle,Austria,2025-12-12,1940.8460688657055
Florian Nüßle,Austria,2026-01-05,1952.9985625036747
Florian Nüßle,Austria,2026-01-09,1978.0899317433004
Florian Nüßle,Austria,2026-02-10,2127.921345117846
Jamie Gardiner,Northern Ireland,2024-09-28,1500.0
Jamie Gardiner,Northern Ireland,2024-09-28,1523.0358436668218
Martin O'Donnell,England,2022-11-05,1500.0
Martin O'Donnell,England,2022-11-05,1503.5189556456232
Martin O'Donnell,England,2022-11-07,1503.8819391381612
Martin O'Donnell,England,2023-04-03,1518.8355231822402
Martin O'Donnell,England,2023-04-06,1544.2690373818998
Martin O'Donnell,England,2023-04-08,1529.605140439954
Martin O'Donnell,England,2023-06-27,1553.0033636557964
Martin O'Donnell,England,2023-06-27,1588.099764657646
Martin O'Donnell,England,2023-06-27,1609.6334874104539
Martin O'Donnell,England,2023-07-17,1583.9138740492715
Martin O'Donnell,England,2023-07-17,1604.1848840201376
Martin O'Donnell,England,2023-07-17,1626.5372350300015
Martin O'Donnell,England,2023-07-26,1539.4345294636096
Martin O'Donnell,England,2023-09-02,1597.1617056216417
Martin O'Donnell,England,2023-09-08,1582.7380761580248
Martin O'Donnell,England,2023-09-25,1574.3297623772735
Martin O'Donnell,England,2023-10-03,1681.8655777981126
Martin O'Donnell,England,2023-10-04,1702.0252140963644
Martin O'Donnell,England,2023-10-05,1718.5423629769805
Martin O'Donnell,England,2023-10-06,1714.6371185660498
Martin O'Donnell,England,2023-10-10,1835.471356288882
Martin O'Donnell,England,2023-10-11,1726.1989099149255
Martin O'Donnell,England,2023-10-19,1743.7148102997814
Martin O'Donnell,England,2023-10-23,1719.4800522241746
Martin O'Donnell,England,2023-10-25,1661.0807493850684
Martin O'Donnell,England,2023-10-31,1634.9332712892922
Martin O'Donnell,England,2023-11-05,1559.713758984129
Martin O'Donnell,England,2023-11-19,1593.5267039995026
Martin O'Donnell,England,2023-11-20,1699.4070629164055
Martin O'Donnell,England,2023-11-21,1574.3809776511855
Martin O'Donnell,England,2023-12-06,1555.2257892371567
Martin O'Donnell,England,2023-12-12,1618.9146314486125
Martin O'Donnell,England,2023-12-13,1768.4699664731047
Martin O'Donnell,England,2023-12-14,1784.5478962996713
Martin O'Donnell,England,2023-12-19,1770.1857852212381
Martin O'Donnell,England,2024-01-22,1773.5717974840566
Martin O'Donnell,England,2024-01-27,1743.0124698025288
Martin O'Donnell,England,2024-01-29,1662.8103141755319
Martin O'Donnell,England,2024-02-13,1758.6578971386448
Martin O'Donnell,England,2024-02-15,1787.006495927349
Martin O'Donnell,England,2024-02-15,1820.024782059623
Martin O'Donnell,England,2024-02-16,1929.238722793157
Martin O'Donnell,England,2024-02-17,2016.9821172003983
Martin O'Donnell,England,2024-02-18,2026.2631399886668
Martin O'Donnell,England,2024-04-12,1900.0107362766669
Martin O'Donnell,England,2024-06-18,1947.7434020548396
Martin O'Donnell,England,2024-06-18,1979.0855559329452
Martin O'Donnell,England,2024-06-18,1941.1096601101428
Martin O'Donnell,England,2024-07-01,1922.672707226903
Martin O'Donnell,England,2024-07-01,1942.0241237946193
Martin O'Donnell,England,2024-07-01,2023.426945559213
Martin O'Donnell,England,2024-07-03,2008.2978791006194
Martin O'Donnell,England,2024-07-03,1973.9340987344722
Martin O'Donnell,England,2024-07-03,2040.4267216088224
Martin O'Donnell,England,2024-07-25,1959.083067956824
Martin O'Donnell,England,2024-07-31,1954.2725711332778
Martin O'Donnell,England,2024-08-31,1949.4982842930665
Martin O'Donnell,England,2024-09-01,1954.9086711647635
Martin O'Donnell,England,2024-09-02,1942.3731328730848
Martin O'Donnell,England,2024-09-13,1870.75300357908
Martin O'Donnell,England,2024-09-24,1912.6420663572635
Martin O'Donnell,England,2024-09-29,1932.0488533962716
Martin O'Donnell,England,2024-09-30,1893.9283468166893
Martin O'Donnell,England,2024-10-06,1859.0611329636804
Martin O'Donnell,England,2024-10-07,1935.829142858753
Martin O'Donnell,England,2024-10-08,1893.3240136136403
Martin O'Donnell,England,2024-10-21,1991.7416505147614
Martin O'Donnell,England,2024-10-23,1988.1683973079791
Martin O'Donnell,England,2024-10-24,1945.0689338617083
Martin O'Donnell,England,2024-10-30,1873.228476819749
Martin O'Donnell,England,2024-11-04,1866.5117257310724
Martin O'Donnell,England,2024-11-19,1803.6928729980393
Martin O'Donnell,England,2024-12-05,1806.0639477182986
Martin O'Donnell,England,2024-12-06,1851.9812674607178
Martin O'Donnell,England,2024-12-07,1870.5686980427308
Martin O'Donnell,England,2024-12-07,1882.2905108840885
Martin O'Donnell,England,2024-12-07,1856.0321070620014
Martin O'Donnell,England,2024-12-19,1715.009631371915
Martin O'Donnell,England,2024-12-21,1783.7633406129407
Martin O'Donnell,England,2025-02-06,1716.7916479857636
Martin O'Donnell,England,2025-02-23,1769.2177590314732
Martin O'Donnell,England,2025-04-13,1767.0335129518094
Martin O'Donnell,England,2025-04-15,1766.5633273911772
Martin O'Donnell,England,2025-06-22,1648.411969225926
Martin O'Donnell,England,2025-06-27,1665.0278929338765
Martin O'Donnell,England,2025-07-15,1634.4070446713613
Martin O'Donnell,England,2025-07-15,1711.1051144362832
Martin O'Donnell,England,2025-07-15,1722.7008714808421
Martin O'Donnell,England,2025-08-10,1799.7137673283044
Martin O'Donnell,England,2025-08-11,1930.8533820693074
Martin O'Donnell,England,2025-08-12,2019.892742505173
Martin O'Donnell,England,2025-09-01,1982.6057181730341
Martin O'Donnell,England,2025-09-06,2022.0204906674542
Martin O'Donnell,England,2025-09-13,2021.6158138268688
Martin O'Donnell,England,2025-09-15,2055.0514719342746
Martin O'Donnell,England,2025-09-24,2088.5462798334056
Martin O'Donnell,England,2025-09-25,2128.144937445907
Martin O'Donnell,England,2025-09-30,2105.890764801935
Martin O'Donnell,England,2025-10-15,2045.869510191892
Martin O'Donnell,England,2025-10-20,2137.952852500294
Martin O'Donnell,England,2025-10-22,2201.830521812893
Martin O'Donnell,England,2025-11-02,2232.6946266700625
Martin O'Donnell,England,2025-11-25,2297.709254359617
Martin O'Donnell,England,2025-12-10,2283.0779606286947
Martin O'Donnell,England,2026-01-07,2316.7822813040652
Martin O'Donnell,England,2026-01-10,2345.791704939616
Martin O'Donnell,England,2026-02-11,2304.732264647728
Martin O'Donnell,England,2026-02-23,2371.5989305625935
Martin O'Donnell,England,2026-02-25,2365.3573655476166
Mahmoud El-Hareedy,Egypt,2025-08-09,1500.0
Mahmoud El-Hareedy,Egypt,2025-08-09,1441.928933576237
Mahmoud El-Hareedy,Egypt,2025-09-01,1455.8194133525888
Mahmoud El-Hareedy,Egypt,2025-09-04,1477.0959506411189
Mahmoud El-Hareedy,Egypt,2025-09-11,1482.2055832824462
Mahmoud El-Hareedy,Egypt,2025-10-16,1441.164748669526
Mahmoud El-Hareedy,Egypt,2025-11-02,1485.8385279281285
Mahmoud El-Hareedy,Egypt,2025-11-23,1450.0970387485706
Mahmoud El-Hareedy,Egypt,2025-12-10,1449.3465880949793
Mahmoud El-Hareedy,Egypt,2026-01-05,1486.7770821376764
Mahmoud El-Hareedy,Egypt,2026-01-06,1521.3800888963788
Mahmoud El-Hareedy,Egypt,2026-01-09,1498.553959159948
Mahmoud El-Hareedy,Egypt,2026-02-10,1540.1521576633945
Jonas Luz,Brazil,2024-08-30,1500.0
Jonas Luz,Brazil,2024-08-30,1526.232759616371
Jonas Luz,Brazil,2024-08-31,1495.9101982554898
Jonas Luz,Brazil,2024-10-02,1405.7281204097721
Jonas Luz,Brazil,2024-10-29,1344.6388591780194
Jonas Luz,Brazil,2024-11-16,1248.2014328750008
Jonas Luz,Brazil,2024-12-04,1234.5386089378121
Jonas Luz,Brazil,2024-12-18,1225.9645288455795
Jonas Luz,Brazil,2024-12-20,1237.3094468635015
Jonas Luz,Brazil,2025-02-05,1209.7161520055738
Jonas Luz,Brazil,2025-04-07,1135.9848298189083
Jonas Luz,Brazil,2025-06-24,1149.7604052903916
Jonas Luz,Brazil,2025-06-25,1150.423055859141
Jonas Luz,Brazil,2025-07-10,1136.3760724633703
Jonas Luz,Brazil,2025-07-10,1132.8853037122901
Jonas Luz,Brazil,2025-07-10,1103.7208624858724
Jonas Luz,Brazil,2025-08-08,1153.3334532247584
Jonas Luz,Brazil,2025-08-09,1106.2445164439466
Jonas Luz,Brazil,2025-09-02,1090.9383863251553
Jonas Luz,Brazil,2025-09-04,1130.0148109967633
Jonas Luz,Brazil,2025-09-06,1124.8954466666135
Jonas Luz,Brazil,2025-09-11,1113.7522718996042
Jonas Luz,Brazil,2025-10-01,1117.6292647031557
Jonas Luz,Brazil,2025-10-16,1104.0485848821543
Jonas Luz,Brazil,2025-11-22,1015.0796287240762
Jonas Luz,Brazil,2025-12-10,1012.6172269744434
Jonas Luz,Brazil,2026-01-06,1029.985500888354
Jonas Luz,Brazil,2026-01-09,1050.5089670221607
Jonas Luz,Brazil,2026-02-11,1068.0195350668594
Saud Albaker,Saudi Arabia,2025-08-09,1500.0
Saud Albaker,Saudi Arabia,2025-08-09,1405.8572529027058
Mark Williams,Wales,2022-07-11,1500.0
Mark Williams,Wales,2022-07-11,1536.9887923333063
Mark Williams,Wales,2022-07-11,1571.2322006431184
Mark Williams,Wales,2022-07-11,1577.9956935535663
Mark Williams,Wales,2022-07-16,1616.413682151221
Mark Williams,Wales,2022-07-25,1673.5190098281428
Mark Williams,Wales,2022-07-25,1601.7912652954763
Mark Williams,Wales,2022-07-25,1535.0734756787938
Mark Williams,Wales,2022-08-17,1522.1049382509575
Mark Williams,Wales,2022-08-18,1571.776008780867
Mark Williams,Wales,2022-08-19,1667.2648059667263
Mark Williams,Wales,2022-08-19,1718.2307353321016
Mark Williams,Wales,2022-08-20,1638.7100425229044
Mark Williams,Wales,2022-09-26,1643.9294146205252
Mark Williams,Wales,2022-09-27,1595.9437853984086
Mark Williams,Wales,2022-10-07,1584.1135367956297
Mark Williams,Wales,2022-10-16,1596.3580258970471
Mark Williams,Wales,2022-10-17,1630.8458623286188
Mark Williams,Wales,2022-10-19,1634.2272997446016
Mark Williams,Wales,2022-10-20,1684.3352220315828
Mark Williams,Wales,2022-10-21,1712.419074573272
Mark Williams,Wales,2022-11-14,1635.608176905544
Mark Williams,Wales,2022-11-25,1605.449454899424
Mark Williams,Wales,2022-11-28,1662.0994794250817
Mark Williams,Wales,2022-11-30,1663.2395043467814
Mark Williams,Wales,2022-12-01,1669.6527884246468
Mark Williams,Wales,2022-12-13,1681.7144147383988
Mark Williams,Wales,2022-12-13,1706.1637018577846
Mark Williams,Wales,2022-12-15,1764.4810657368625
Mark Williams,Wales,2022-12-15,1839.2132767766357
Mark Williams,Wales,2022-12-16,1858.903707995217
Mark Williams,Wales,2023-01-10,1897.6994381923641
Mark Williams,Wales,2023-01-12,1997.588128345369
Mark Williams,Wales,2023-01-14,2026.2046411587498
Mark Williams,Wales,2023-01-15,2065.7014566083626
Mark Williams,Wales,2023-01-17,2138.885050542348
Mark Williams,Wales,2023-01-18,2139.2465539300038
Mark Williams,Wales,2023-01-19,2077.6578620662453
Mark Williams,Wales,2023-01-25,2097.543629951311
Mark Williams,Wales,2023-01-27,2092.6079374695682
Mark Williams,Wales,2023-01-28,2065.5436483491208
Mark Williams,Wales,2023-02-13,2085.1124674006824
Mark Williams,Wales,2023-02-14,2056.1646483352415
Mark Williams,Wales,2023-03-17,2074.3883136079744
Mark Williams,Wales,2023-03-19,2046.5666876950186
Mark Williams,Wales,2023-04-17,2042.9682900170994
Mark Williams,Wales,2023-04-21,1959.5363005795152
Mark Williams,Wales,2023-06-30,1991.9997525256204
Mark Williams,Wales,2023-06-30,2024.3070029895466
Mark Williams,Wales,2023-06-30,2058.364023422712
Mark Williams,Wales,2023-07-17,2097.872004864133
Mark Williams,Wales,2023-07-17,2108.0207986479554
Mark Williams,Wales,2023-07-17,2113.1173921184495
Mark Williams,Wales,2023-07-21,2076.8200335740858
Mark Williams,Wales,2023-07-21,2069.9308818380055
Mark Williams,Wales,2023-07-21,2112.917918663868
Mark Williams,Wales,2023-07-21,2105.0362819184643
Mark Williams,Wales,2023-07-28,2148.636965616094
Mark Williams,Wales,2023-08-23,2135.5286156431816
Mark Williams,Wales,2023-08-24,2124.1255485787046
Mark Williams,Wales,2023-09-03,2084.6744003491754
Mark Williams,Wales,2023-09-12,2093.9602923059992
Mark Williams,Wales,2023-09-13,2188.311973865499
Mark Williams,Wales,2023-09-21,2190.9478524746833
Mark Williams,Wales,2023-09-25,2209.420527173675
Mark Williams,Wales,2023-09-26,2179.1010567516455
Mark Williams,Wales,2023-09-27,2179.6890568779622
Mark Williams,Wales,2023-09-28,2187.8603297966956
Mark Williams,Wales,2023-09-29,2200.5430457996217
Mark Williams,Wales,2023-09-30,2183.243991356549
Mark Williams,Wales,2023-10-01,2361.7001626650926
Mark Williams,Wales,2023-10-03,2405.2193684203858
Mark Williams,Wales,2023-10-04,2449.622808254606
Mark Williams,Wales,2023-10-05,2468.217413497573
Mark Williams,Wales,2023-10-05,2413.0857196094908
Mark Williams,Wales,2023-10-22,2431.6147121786726
Mark Williams,Wales,2023-10-25,2377.7702085881083
Mark Williams,Wales,2023-11-06,2286.666072718041
Mark Williams,Wales,2023-11-14,2233.2031400235755
Mark Williams,Wales,2023-11-25,2211.9223801863004
Mark Williams,Wales,2023-11-29,2242.7793248428484
Mark Williams,Wales,2023-12-01,2257.791655823858
Mark Williams,Wales,2023-12-07,2258.964526726482
Mark Williams,Wales,2023-12-08,2232.281853708541
Mark Williams,Wales,2023-12-11,2177.5362753043064
Mark Williams,Wales,2023-12-18,2163.146701000175
Mark Williams,Wales,2024-01-08,2150.4351400605465
Mark Williams,Wales,2024-01-16,2175.5510531070454
Mark Williams,Wales,2024-01-17,2253.578982992227
Mark Williams,Wales,2024-01-18,2217.0214055307347
Mark Williams,Wales,2024-01-30,2082.297863046204
Mark Williams,Wales,2024-02-12,2076.7041162521823
Mark Williams,Wales,2024-02-13,2122.379222322311
Mark Williams,Wales,2024-02-14,2051.905406448861
Mark Williams,Wales,2024-02-20,2035.9950022963744
Mark Williams,Wales,2024-03-04,2060.0603200679593
Mark Williams,Wales,2024-04-02,2157.387131180736
Mark Williams,Wales,2024-04-04,2380.8682558156343
Mark Williams,Wales,2024-04-06,2570.614745990112
Mark Williams,Wales,2024-04-07,2801.5376606271134
Mark Williams,Wales,2024-04-23,2723.5495267454853
Mark Williams,Wales,2024-06-11,2750.4508189215635
Mark Williams,Wales,2024-06-11,2752.181882288345
Mark Williams,Wales,2024-06-11,2754.849522807656
Mark Williams,Wales,2024-07-01,2765.111083582453
Mark Williams,Wales,2024-07-01,2744.1851325469624
Mark Williams,Wales,2024-07-01,2747.5382047290373
Mark Williams,Wales,2024-07-03,2777.574299405672
Mark Williams,Wales,2024-07-03,2708.2020436406624
Mark Williams,Wales,2024-07-03,2648.7852199678127
Mark Williams,Wales,2024-07-15,2626.801076992827
Mark Williams,Wales,2024-07-16,2543.0821365354154
Mark Williams,Wales,2024-07-26,2578.927658515572
Mark Williams,Wales,2024-08-19,2568.0891857434844
Mark Williams,Wales,2024-08-21,2604.823626672778
Mark Williams,Wales,2024-08-22,2617.626134830322
Mark Williams,Wales,2024-09-03,2606.013791854585
Mark Williams,Wales,2024-09-04,2624.879719643847
Mark Williams,Wales,2024-09-05,2605.106947899692
Mark Williams,Wales,2024-09-06,2645.291546610009
Mark Williams,Wales,2024-09-07,2776.7079312869364
Mark Williams,Wales,2024-09-17,2673.2976144660033
Mark Williams,Wales,2024-09-23,2569.4776762783877
Mark Williams,Wales,2024-09-30,2597.499248633364
Mark Williams,Wales,2024-10-22,2616.3524356857533
Mark Williams,Wales,2024-10-23,2612.617372064888
Mark Williams,Wales,2024-10-24,2582.46829166707
Mark Williams,Wales,2024-10-25,2503.292573729085
Mark Williams,Wales,2024-11-05,2537.885364401967
Mark Williams,Wales,2024-11-06,2501.590313235918
Mark Williams,Wales,2024-11-12,2545.2687144577562
Mark Williams,Wales,2024-11-12,2711.479790409866
Mark Williams,Wales,2024-11-16,2735.477818567292
Mark Williams,Wales,2024-11-17,2856.8609335197198
Mark Williams,Wales,2024-11-26,2811.052541833602
Mark Williams,Wales,2024-12-19,2866.516927011414
Mark Williams,Wales,2024-12-20,2815.3423094497894
Mark Williams,Wales,2024-12-22,2728.683240809555
Mark Williams,Wales,2025-01-13,2732.987103894165
Mark Williams,Wales,2025-01-28,2621.5054969162015
Mark Williams,Wales,2025-02-10,2665.390212453382
Mark Williams,Wales,2025-02-12,2589.554406146741
Mark Williams,Wales,2025-03-04,2514.0867935537817
Mark Williams,Wales,2025-03-17,2561.5975780468293
Mark Williams,Wales,2025-03-19,2559.4502234650095
Mark Williams,Wales,2025-04-01,2453.057871166836
Mark Williams,Wales,2025-04-20,2679.2039851175673
Mark Williams,Wales,2025-04-26,2783.038865650533
Mark Williams,Wales,2025-04-30,3076.848930990451
Mark Williams,Wales,2025-05-03,3441.746825736368
Mark Williams,Wales,2025-05-05,3280.8538405980416
Mark Williams,Wales,2025-06-22,3239.7939395238936
Mark Williams,Wales,2025-07-30,3241.8107513840287
Mark Williams,Wales,2025-08-12,3225.828961766076
Mark Williams,Wales,2025-08-13,3229.0874758034565
Mark Williams,Wales,2025-08-14,3206.126639145625
Mark Williams,Wales,2025-08-24,3265.0699301311142
Mark Williams,Wales,2025-08-26,3276.3324423020217
Mark Williams,Wales,2025-08-27,3268.8777757844136
Mark Williams,Wales,2025-08-28,3277.90121557049
Mark Williams,Wales,2025-08-29,3238.1682103523144
Mark Williams,Wales,2025-09-15,3255.320808399825
Mark Williams,Wales,2025-09-17,3151.255667212599
Mark Williams,Wales,2025-09-22,3151.3245698957044
Mark Williams,Wales,2025-09-23,3143.479799397301
Mark Williams,Wales,2025-09-25,3121.1266329084597
Mark Williams,Wales,2025-09-25,3114.457195717548
Mark Williams,Wales,2025-09-26,3090.3270431332444
Mark Williams,Wales,2025-09-30,3091.0645919154226
Mark Williams,Wales,2025-10-07,3075.005031538817
Mark Williams,Wales,2025-10-09,3050.818741614933
Mark Williams,Wales,2025-10-10,3098.823304931347
Mark Williams,Wales,2025-10-11,3082.7677344024064
Mark Williams,Wales,2025-10-12,3058.9124589273893
Mark Williams,Wales,2025-10-13,3296.181385984527
Mark Williams,Wales,2025-11-12,3313.334713769792
Mark Williams,Wales,2025-11-12,3306.647784260837
Mark Williams,Wales,2025-11-20,3206.0109152947057
Mark Williams,Wales,2025-11-30,3206.7644091010966
Mark Williams,Wales,2025-12-03,3136.143858364265
Mark Williams,Wales,2026-01-12,2995.446006992532
Mark Williams,Wales,2026-01-26,2979.402546834651
Mark Williams,Wales,2026-01-28,2908.981942892802
Mark Williams,Wales,2026-02-03,2887.5114242551304
Mark Williams,Wales,2026-02-11,2896.4515607881044
Mark Williams,Wales,2026-02-18,2921.0418887309734
Mark Williams,Wales,2026-02-19,2977.459568598898
Mark Williams,Wales,2026-02-23,2946.4364367239205
Mark Williams,Wales,2026-02-25,2915.2105910888426
Mark Williams,Wales,2026-02-26,2887.8191407332456
Hamim Hussain,England,2024-06-21,1500.0
Hamim Hussain,England,2024-06-21,1505.530391666904
Hamim Hussain,England,2024-06-21,1497.7724856183277
Hamim Hussain,England,2024-06-21,1566.0326531304665
Xu Jiarui,China,2025-11-02,1500.0
Xu Jiarui,China,2025-11-02,1484.4934338346065
Luca Brecel,Belgium,2022-07-01,1500.0
Luca Brecel,Belgium,2022-07-01,1532.2528255835928
Luca Brecel,Belgium,2022-07-01,1544.3695872982883
Luca Brecel,Belgium,2022-07-01,1604.7825928628854
Luca Brecel,Belgium,2022-07-24,1611.5607485036642
Luca Brecel,Belgium,2022-07-28,1672.9189782742835
Luca Brecel,Belgium,2022-07-28,1691.0113258377642
Luca Brecel,Belgium,2022-07-28,1699.2831689988584
Luca Brecel,Belgium,2022-07-29,1748.6691347401954
Luca Brecel,Belgium,2022-07-29,1713.5244331007295
Luca Brecel,Belgium,2022-07-29,1733.7285441562576
Luca Brecel,Belgium,2022-07-29,1783.648233656278
Luca Brecel,Belgium,2022-08-16,1666.4155536999103
Luca Brecel,Belgium,2022-09-26,1604.2385091826707
Luca Brecel,Belgium,2022-10-16,1601.4911068153572
Luca Brecel,Belgium,2022-10-18,1614.2773497713065
Luca Brecel,Belgium,2022-10-20,1704.0034652007494
Luca Brecel,Belgium,2022-10-20,1606.1841291794685
Luca Brecel,Belgium,2022-11-02,1569.1326334110504
Luca Brecel,Belgium,2022-11-13,1643.460187524529
Luca Brecel,Belgium,2022-11-16,1574.8487025575814
Luca Brecel,Belgium,2022-11-24,1575.0387269405346
Luca Brecel,Belgium,2022-11-26,1596.9777000034078
Luca Brecel,Belgium,2022-11-28,1604.462132633713
Luca Brecel,Belgium,2022-12-12,1619.926566425508
Luca Brecel,Belgium,2022-12-14,1676.771285935651
Luca Brecel,Belgium,2022-12-15,1694.3964377838013
Luca Brecel,Belgium,2022-12-15,1758.1175171822194
Luca Brecel,Belgium,2022-12-16,1795.9952885284656
Luca Brecel,Belgium,2022-12-17,1874.7550620036568
Luca Brecel,Belgium,2022-12-18,1874.1755380247384
Luca Brecel,Belgium,2023-01-10,1769.4491142353493
Luca Brecel,Belgium,2023-01-18,1783.8417554346192
Luca Brecel,Belgium,2023-01-19,1738.286940101539
Luca Brecel,Belgium,2023-01-25,1719.2840895380346
Luca Brecel,Belgium,2023-02-02,1744.9504046576058
Luca Brecel,Belgium,2023-02-03,1685.0124326212494
Luca Brecel,Belgium,2023-02-13,1707.3038973742252
Luca Brecel,Belgium,2023-02-14,1742.9370156320242
Luca Brecel,Belgium,2023-02-16,1769.8731004404785
Luca Brecel,Belgium,2023-02-16,1784.107083436117
Luca Brecel,Belgium,2023-02-22,1874.8882204937452
Luca Brecel,Belgium,2023-02-23,1878.3757462516842
Luca Brecel,Belgium,2023-03-17,1802.69881457751
Luca Brecel,Belgium,2023-04-16,1898.3429788649864
Luca Brecel,Belgium,2023-04-21,2108.477273443533
Luca Brecel,Belgium,2023-04-26,2194.167302457874
Luca Brecel,Belgium,2023-04-29,2210.8790735441835
Luca Brecel,Belgium,2023-05-01,2620.599567561525
Luca Brecel,Belgium,2023-08-22,2606.148958632981
Luca Brecel,Belgium,2023-08-23,2666.6856891415086
Luca Brecel,Belgium,2023-08-24,2677.2677125888786
Luca Brecel,Belgium,2023-08-25,2613.74301985198
Luca Brecel,Belgium,2023-09-13,2642.414236073486
Luca Brecel,Belgium,2023-09-14,2595.111127315038
Luca Brecel,Belgium,2023-09-16,2591.1878775226874
Luca Brecel,Belgium,2023-09-17,2591.163042971507
Luca Brecel,Belgium,2023-09-25,2561.2606745239036
Luca Brecel,Belgium,2023-10-02,2529.6913479485415
Luca Brecel,Belgium,2023-10-03,2523.1303517972915
Luca Brecel,Belgium,2023-10-05,2491.5627354944468
Luca Brecel,Belgium,2023-10-05,2438.034972293671
Luca Brecel,Belgium,2023-11-05,2440.675643037525
Luca Brecel,Belgium,2023-11-06,2371.0331584204455
Luca Brecel,Belgium,2023-11-14,2269.8662061914674
Luca Brecel,Belgium,2023-11-26,2304.103577119584
Luca Brecel,Belgium,2023-11-30,2311.0373175055392
Luca Brecel,Belgium,2023-12-11,2305.083662901574
Luca Brecel,Belgium,2023-12-12,2323.801830053862
Luca Brecel,Belgium,2023-12-13,2244.621940483881
Luca Brecel,Belgium,2024-01-07,2152.7550086459573
Luca Brecel,Belgium,2024-01-29,2066.6596992058185
Luca Brecel,Belgium,2024-02-12,2085.894216376228
Luca Brecel,Belgium,2024-02-14,2145.9247691592163
Luca Brecel,Belgium,2024-02-15,2193.683487200113
Luca Brecel,Belgium,2024-02-15,2190.7696946266497
Luca Brecel,Belgium,2024-02-16,2183.168707218418
Luca Brecel,Belgium,2024-03-05,2233.7984531240068
Luca Brecel,Belgium,2024-03-06,2371.556674008425
Luca Brecel,Belgium,2024-03-06,2387.18838173274
Luca Brecel,Belgium,2024-03-18,2422.7258678801727
Luca Brecel,Belgium,2024-03-19,2408.257822572352
Luca Brecel,Belgium,2024-03-20,2301.527458059963
Luca Brecel,Belgium,2024-04-20,2327.0766577386867
Luca Brecel,Belgium,2024-07-16,2237.8940109998307
Luca Brecel,Belgium,2024-07-29,2175.0647259957527
Luca Brecel,Belgium,2024-09-03,2134.6549754895823
Luca Brecel,Belgium,2024-09-17,2107.0477445688634
Luca Brecel,Belgium,2024-09-18,2148.7030549843857
Luca Brecel,Belgium,2024-09-23,2142.846682935505
Luca Brecel,Belgium,2024-09-24,2115.507009395534
Luca Brecel,Belgium,2024-09-26,2085.6339652253637
Luca Brecel,Belgium,2024-09-26,2108.1756352698008
Luca Brecel,Belgium,2024-10-01,2066.408873940501
Luca Brecel,Belgium,2024-10-20,2065.803340685526
Luca Brecel,Belgium,2024-10-23,2035.7582319235619
Luca Brecel,Belgium,2024-11-12,2068.113401563296
Luca Brecel,Belgium,2024-11-25,2165.4296909127906
Luca Brecel,Belgium,2024-12-10,2190.73423613189
Luca Brecel,Belgium,2024-12-11,2234.067158544022
Luca Brecel,Belgium,2024-12-12,2288.9430518573704
Luca Brecel,Belgium,2024-12-13,2255.011882797524
Luca Brecel,Belgium,2024-12-18,2323.203990505878
Luca Brecel,Belgium,2024-12-19,2402.6623449000836
Luca Brecel,Belgium,2024-12-20,2460.2913661664734
Luca Brecel,Belgium,2024-12-20,2418.946856238502
Luca Brecel,Belgium,2024-12-22,2380.1361749310763
Luca Brecel,Belgium,2025-01-15,2416.153786742649
Luca Brecel,Belgium,2025-01-17,2494.052273632784
Luca Brecel,Belgium,2025-01-28,2487.0444197156917
Luca Brecel,Belgium,2025-01-29,2428.100623996287
Luca Brecel,Belgium,2025-02-11,2447.2764154158426
Luca Brecel,Belgium,2025-02-12,2497.107146493433
Luca Brecel,Belgium,2025-02-13,2474.616833897793
Luca Brecel,Belgium,2025-02-14,2491.541837085255
Luca Brecel,Belgium,2025-02-15,2538.9248963760324
Luca Brecel,Belgium,2025-04-24,2511.838985616656
Luca Brecel,Belgium,2025-04-28,2839.13804713455
Luca Brecel,Belgium,2025-04-30,3027.943380400029
Luca Brecel,Belgium,2025-09-02,2867.9500763194237
Luca Brecel,Belgium,2025-09-07,2860.4699038365925
Luca Brecel,Belgium,2025-09-13,2852.6256815266743
Luca Brecel,Belgium,2025-09-15,2853.601966244104
Luca Brecel,Belgium,2025-09-17,2857.4596402911097
Luca Brecel,Belgium,2025-09-18,2850.1355192841256
Luca Brecel,Belgium,2025-09-19,2849.891996353953
Luca Brecel,Belgium,2025-09-30,2778.044541144076
Luca Brecel,Belgium,2025-10-21,2687.817458043819
Luca Brecel,Belgium,2025-11-24,2594.6929187102764
Luca Brecel,Belgium,2025-12-10,2598.1312017723885
Luca Brecel,Belgium,2025-12-12,2616.994954383332
Luca Brecel,Belgium,2025-12-13,2597.7403956573103
Luca Brecel,Belgium,2026-01-07,2583.6127010976256
Luca Brecel,Belgium,2026-01-08,2602.68377580214
Luca Brecel,Belgium,2026-01-10,2569.9973349357615
Luca Brecel,Belgium,2026-02-11,2579.113551546306
Luca Brecel,Belgium,2026-02-24,2465.50314619679
Rebecca Kenna,England,2022-07-23,1500.0
Rebecca Kenna,England,2022-07-23,1398.2677450084402
Rebecca Kenna,England,2022-08-12,1347.8878291435792
Rebecca Kenna,England,2022-08-24,1273.7154075591106
Rebecca Kenna,England,2022-10-13,1214.6900424900257
Rebecca Kenna,England,2022-10-28,1163.3466055039564
Rebecca Kenna,England,2022-11-05,1143.9533944335697
Rebecca Kenna,England,2022-11-25,1078.8280968662123
Rebecca Kenna,England,2023-01-12,1037.4401130220222
Rebecca Kenna,England,2023-01-26,1030.2445856831537
Rebecca Kenna,England,2023-03-19,992.4432229791321
Rebecca Kenna,England,2023-04-04,966.4688109746243
Rebecca Kenna,England,2023-07-05,972.5062970276884
Rebecca Kenna,England,2023-07-05,964.4423517553364
Rebecca Kenna,England,2023-07-05,943.3997659480841
Rebecca Kenna,England,2023-07-29,924.6924874976565
Rebecca Kenna,England,2023-09-04,879.4494857755021
Rebecca Kenna,England,2023-09-08,872.3027602895572
Rebecca Kenna,England,2023-09-21,865.1501877275227
Rebecca Kenna,England,2023-09-25,886.3125454401413
Rebecca Kenna,England,2023-10-22,905.1711996870638
Rebecca Kenna,England,2023-10-30,895.6993083590803
Rebecca Kenna,England,2023-11-18,835.2818686402942
Rebecca Kenna,England,2023-12-07,831.1279530150504
Rebecca Kenna,England,2023-12-21,849.845128946758
Rebecca Kenna,England,2024-01-22,857.5864900769703
Rebecca Kenna,England,2024-01-26,838.5936310708411
Rebecca Kenna,England,2024-04-10,801.5999620711902
Fergal O'Brien,Ireland,2022-07-12,1500.0
Fergal O'Brien,Ireland,2022-07-12,1487.992528222204
Fergal O'Brien,Ireland,2022-07-13,1452.062120223116
Fergal O'Brien,Ireland,2022-07-13,1391.3009774442323
Fergal O'Brien,Ireland,2022-08-14,1328.4268969136192
Fergal O'Brien,Ireland,2022-10-12,1262.4944859835489
Fergal O'Brien,Ireland,2022-10-17,1321.490771128344
Fergal O'Brien,Ireland,2022-10-26,1246.0046502882312
Fergal O'Brien,Ireland,2022-11-05,1266.7592917642407
Fergal O'Brien,Ireland,2022-11-06,1245.347534924612
Fergal O'Brien,Ireland,2022-11-25,1218.4099694971928
Fergal O'Brien,Ireland,2023-01-13,1252.5545521070496
Fergal O'Brien,Ireland,2023-01-26,1262.0613739409996
Fergal O'Brien,Ireland,2023-01-27,1276.0216812136298
Fergal O'Brien,Ireland,2023-01-28,1262.5615395621437
Fergal O'Brien,Ireland,2023-03-16,1258.8227485011985
Fergal O'Brien,Ireland,2023-04-05,1320.77284332473
Fergal O'Brien,Ireland,2023-07-07,1332.3210903162835
Fergal O'Brien,Ireland,2023-07-07,1353.4448880555935
Fergal O'Brien,Ireland,2023-07-07,1313.9870839664227
Fergal O'Brien,Ireland,2023-08-14,1306.4114118074176
Fergal O'Brien,Ireland,2023-09-07,1302.2739484167457
Fergal O'Brien,Ireland,2023-09-26,1367.3156028831236
Fergal O'Brien,Ireland,2023-09-27,1406.5852389615634
Fergal O'Brien,Ireland,2023-09-28,1440.2281217597804
Fergal O'Brien,Ireland,2023-10-04,1398.464705084436
Fergal O'Brien,Ireland,2023-10-20,1403.8956829886097
Fergal O'Brien,Ireland,2023-11-02,1388.5212094141991
Fergal O'Brien,Ireland,2023-11-18,1308.2271658257898
Fergal O'Brien,Ireland,2024-01-27,1299.0124174577918
Fergal O'Brien,Ireland,2024-04-09,1299.7310609561514
Huang Hao,China,2024-10-06,1500.0
Huang Hao,China,2024-10-06,1441.8404236848355
Chatchapong Nasa,Thailand,2025-06-22,1500.0
Chatchapong Nasa,Thailand,2025-06-22,1498.1354136998823
Chatchapong Nasa,Thailand,2025-06-28,1495.4639649370888
Chatchapong Nasa,Thailand,2025-08-09,1523.1448538462787
Chatchapong Nasa,Thailand,2025-08-09,1595.3632059660727
Chatchapong Nasa,Thailand,2025-08-10,1601.682925809305
Chatchapong Nasa,Thailand,2025-09-04,1561.335813498798
Chatchapong Nasa,Thailand,2025-09-11,1524.6445580473892
Chatchapong Nasa,Thailand,2025-09-30,1542.483722314642
Chatchapong Nasa,Thailand,2025-10-07,1532.428366863356
Chatchapong Nasa,Thailand,2025-10-17,1543.3417008028607
Chatchapong Nasa,Thailand,2025-11-22,1452.445511709147
Chatchapong Nasa,Thailand,2025-12-10,1450.74905263277
Chatchapong Nasa,Thailand,2026-01-05,1511.917794313126
Chatchapong Nasa,Thailand,2026-01-09,1539.4903918958405
Chatchapong Nasa,Thailand,2026-02-10,1657.8763977904273
David Lilley,England,2022-07-04,1500.0
David Lilley,England,2022-07-04,1561.9887923333063
David Lilley,England,2022-07-04,1498.3663062751446
David Lilley,England,2022-07-04,1486.151864739267
David Lilley,England,2022-07-16,1415.6296664829727
David Lilley,England,2022-08-14,1415.595144014665
David Lilley,England,2022-08-26,1442.8572556052163
David Lilley,England,2022-10-12,1474.2264062230922
David Lilley,England,2022-10-18,1512.4796967889963
David Lilley,England,2022-10-19,1493.8348365409415
David Lilley,England,2022-10-27,1489.9056459751876
David Lilley,England,2022-11-05,1520.1583282322997
David Lilley,England,2022-11-07,1550.019050922144
David Lilley,England,2022-11-08,1574.514229715261
David Lilley,England,2022-11-22,1693.5085395680906
David Lilley,England,2022-11-23,1566.4046372340797
David Lilley,England,2022-11-29,1508.4298738524203
David Lilley,England,2023-01-12,1541.5106242180905
David Lilley,England,2023-01-26,1543.2523531093696
David Lilley,England,2023-01-27,1548.9632862858605
David Lilley,England,2023-01-28,1533.1345454788716
David Lilley,England,2023-02-15,1602.3222814154797
David Lilley,England,2023-02-16,1628.5244981106432
David Lilley,England,2023-03-17,1620.3189677995501
David Lilley,England,2023-04-04,1622.6446603403538
David Lilley,England,2023-04-06,1620.3424242965477
David Lilley,England,2023-04-09,1494.0413600261068
David Lilley,England,2023-07-14,1553.9917549645354
David Lilley,England,2023-07-14,1568.0377272128533
David Lilley,England,2023-07-14,1502.492543786503
David Lilley,England,2023-07-26,1463.00912806009
David Lilley,England,2023-08-18,1442.853666520394
David Lilley,England,2023-09-02,1350.1161934908941
David Lilley,England,2023-09-07,1417.3578749648955
David Lilley,England,2023-09-21,1507.5914775653594
David Lilley,England,2023-10-03,1495.2669565891727
David Lilley,England,2023-10-19,1434.330751814332
David Lilley,England,2023-10-30,1425.8947338874702
David Lilley,England,2023-11-20,1452.9525714190067
David Lilley,England,2023-11-21,1573.1819207392768
David Lilley,England,2023-11-23,1553.4939339088392
David Lilley,England,2023-12-07,1577.3680210977486
David Lilley,England,2023-12-08,1583.5009629514398
David Lilley,England,2023-12-09,1576.0735634288317
David Lilley,England,2023-12-21,1539.5281378227608
David Lilley,England,2024-01-24,1607.527513302108
David Lilley,England,2024-01-27,1601.774765564486
David Lilley,England,2024-01-31,1664.2547831116406
David Lilley,England,2024-02-01,1650.2942427943008
David Lilley,England,2024-02-12,1624.1525266318415
David Lilley,England,2024-03-18,1653.4614784292617
David Lilley,England,2024-03-20,1693.1504972896444
David Lilley,England,2024-03-21,1804.0525451781923
David Lilley,England,2024-04-13,1727.4585569388303
David Lilley,England,2024-04-15,1669.2122748085267
David Lilley,England,2024-06-19,1736.7875225017826
David Lilley,England,2024-06-19,1732.0514952992683
David Lilley,England,2024-06-19,1740.4053400501718
David Lilley,England,2024-07-02,1774.5082888325423
David Lilley,England,2024-07-02,1821.231836183481
David Lilley,England,2024-07-02,1861.5692686228538
David Lilley,England,2024-07-03,1819.9209179466186
David Lilley,England,2024-07-03,1860.3345316623884
David Lilley,England,2024-07-03,1864.0283468924406
David Lilley,England,2024-07-26,1889.3316453690634
David Lilley,England,2024-07-29,1854.8188997556902
David Lilley,England,2024-07-31,1878.5736201092363
David Lilley,England,2024-08-20,1865.0016584581235
David Lilley,England,2024-08-31,1812.4446386100847
David Lilley,England,2024-09-14,1756.085767377456
David Lilley,England,2024-09-29,1788.7408098610917
David Lilley,England,2024-10-01,1677.964025998334
David Lilley,England,2024-10-06,1702.0685950193251
David Lilley,England,2024-10-08,1658.941430385279
David Lilley,England,2024-10-30,1657.3548262430138
David Lilley,England,2024-11-17,1678.0582956998167
David Lilley,England,2024-11-19,1834.9509288921615
David Lilley,England,2024-11-20,1884.0196107210568
David Lilley,England,2024-12-04,1886.683132821287
David Lilley,England,2024-12-06,1876.0577726813315
David Lilley,England,2024-12-11,1891.4909867182857
David Lilley,England,2024-12-19,1860.2494609577132
David Lilley,England,2025-01-28,1845.9586072860889
David Lilley,England,2025-02-05,1861.7804103896256
David Lilley,England,2025-02-23,1829.1161774607244
David Lilley,England,2025-02-24,2009.1819814616117
David Lilley,England,2025-02-25,2166.6273150128272
David Lilley,England,2025-02-26,2132.1903028168977
David Lilley,England,2025-04-12,2104.189853554241
David Lilley,England,2025-04-14,2160.3905591837465
David Lilley,England,2025-06-22,2095.550594702687
David Lilley,England,2025-06-26,2088.702397048095
David Lilley,England,2025-07-14,2157.89420934429
David Lilley,England,2025-07-14,2152.50456248444
David Lilley,England,2025-07-14,2198.6328029738024
David Lilley,England,2025-07-19,2150.1199294381486
David Lilley,England,2025-07-19,2147.896207244653
David Lilley,England,2025-07-19,2208.6970709988286
David Lilley,England,2025-08-09,2152.7684345853363
David Lilley,England,2025-09-01,2136.7846388112007
David Lilley,England,2025-09-07,2104.261858345772
David Lilley,England,2025-09-13,2080.5577658895627
David Lilley,England,2025-09-24,2051.2882078370494
David Lilley,England,2025-09-24,2033.1646939742295
David Lilley,England,2025-09-30,2010.0505555879674
David Lilley,England,2025-10-07,2002.502171656207
David Lilley,England,2025-10-09,2064.7729049977866
David Lilley,England,2025-10-17,1989.3094213362378
David Lilley,England,2025-10-20,1984.4528870854608
David Lilley,England,2025-11-03,2049.666475494165
David Lilley,England,2025-11-24,2010.2343933025443
David Lilley,England,2025-11-25,2130.5966178115723
David Lilley,England,2025-11-27,2233.313881421399
David Lilley,England,2025-12-02,2356.4502943412117
David Lilley,England,2025-12-10,2332.088982244226
David Lilley,England,2026-01-07,2322.046694453606
David Lilley,England,2026-01-10,2289.6043653948022
David Lilley,England,2026-02-10,2248.5755110677337
David Lilley,England,2026-02-23,2316.379043528178
Michael White,Wales,2022-07-21,1500.0
Michael White,Wales,2022-07-21,1511.9887923333063
Michael White,Wales,2022-07-21,1523.0812274796428
Michael White,Wales,2022-07-21,1510.3571510446407
Michael White,Wales,2022-07-22,1533.1648373861829
Michael White,Wales,2022-07-26,1617.3930193393069
Michael White,Wales,2022-07-26,1651.3348513334731
Michael White,Wales,2022-07-26,1617.8932035450584
Michael White,Wales,2022-08-14,1585.0593129626693
Michael White,Wales,2022-08-16,1501.6209627668172
Michael White,Wales,2022-08-25,1492.1325440694825
Michael White,Wales,2022-10-12,1555.3952878370692
Michael White,Wales,2022-10-18,1617.556750982985
Michael White,Wales,2022-10-19,1643.1555961415245
Michael White,Wales,2022-10-20,1614.926962917327
Michael White,Wales,2022-10-25,1664.7452290434992
Michael White,Wales,2022-11-05,1735.1476707346644
Michael White,Wales,2022-11-06,1739.4796915394113
Michael White,Wales,2022-11-08,1626.083149835437
Michael White,Wales,2022-11-21,1688.587503869236
Michael White,Wales,2022-11-22,1596.3760116335022
Michael White,Wales,2022-11-29,1530.2163731995968
Michael White,Wales,2022-12-13,1478.8448943770022
Michael White,Wales,2023-01-26,1482.5125950436304
Michael White,Wales,2023-01-27,1486.623874998007
Michael White,Wales,2023-01-28,1492.8544709334951
Michael White,Wales,2023-01-28,1502.2967210900333
Michael White,Wales,2023-01-28,1487.3958372677882
Michael White,Wales,2023-02-13,1530.5972441905576
Michael White,Wales,2023-03-18,1603.8769893594697
Michael White,Wales,2023-04-06,1416.9958365416921
Michael White,Wales,2023-06-28,1460.6318214664143
Michael White,Wales,2023-06-28,1522.3379057226916
Michael White,Wales,2023-06-28,1506.3655039188811
Michael White,Wales,2023-07-20,1499.1263999391597
Michael White,Wales,2023-07-20,1541.6157562586727
Michael White,Wales,2023-07-20,1495.9341476341458
Michael White,Wales,2023-07-25,1620.837711723194
Michael White,Wales,2023-08-18,1557.9321436131597
Michael White,Wales,2023-08-22,1614.4660725171598
Michael White,Wales,2023-08-24,1623.018185138261
Michael White,Wales,2023-09-05,1688.9832716848196
Michael White,Wales,2023-09-06,1723.3070478940356
Michael White,Wales,2023-09-18,1701.0130502585569
Michael White,Wales,2023-10-02,1731.1598910020953
Michael White,Wales,2023-10-10,1695.4275107412482
Michael White,Wales,2023-10-20,1665.4416550157443
Michael White,Wales,2023-10-24,1673.3860842207816
Michael White,Wales,2023-10-31,1579.140272528538
Michael White,Wales,2023-11-06,1564.8029125771736
Michael White,Wales,2023-11-19,1519.5841456621515
Michael White,Wales,2023-11-20,1634.6604417896683
Michael White,Wales,2023-11-22,1640.2728666760063
Michael White,Wales,2023-12-06,1662.6426274567054
Michael White,Wales,2023-12-08,1665.2530965658216
Michael White,Wales,2023-12-09,1678.1740873232848
Michael White,Wales,2023-12-09,1669.4222027687654
Michael White,Wales,2024-01-23,1661.4233716820852
Michael White,Wales,2024-01-26,1631.2750142654659
Michael White,Wales,2024-01-29,1736.088063200746
Michael White,Wales,2024-03-19,1823.1376670532288
Michael White,Wales,2024-04-11,1752.7292693964312
Michael White,Wales,2024-04-14,1861.6553291663934
Michael White,Wales,2024-06-13,1897.6755377034922
Michael White,Wales,2024-06-13,1953.2625116960432
Michael White,Wales,2024-06-13,1966.755288391109
Michael White,Wales,2024-07-02,1937.0072350813427
Michael White,Wales,2024-07-02,1892.0155421189
Michael White,Wales,2024-07-02,1803.4400702275732
Riley Powell,Wales,2023-01-26,1500.0
Riley Powell,Wales,2023-01-26,1514.845836718008
Riley Powell,Wales,2023-01-27,1500.3981684203916
Riley Powell,Wales,2023-11-19,1350.7228462203143
Riley Powell,Wales,2023-12-07,1334.027371202772
Riley Powell,Wales,2024-02-12,1233.5397428689619
Riley Powell,Wales,2024-12-04,1255.3317439241812
Riley Powell,Wales,2024-12-06,1246.0083928485749
Riley Powell,Wales,2025-02-05,1298.5798448878818
Riley Powell,Wales,2025-12-11,1320.639697505035
Riley Powell,Wales,2025-12-12,1307.2336040669204
Riley Powell,Wales,2026-01-09,1342.356373832816
Yuan Sijun,China,2022-07-06,1500.0
Yuan Sijun,China,2022-07-06,1536.9887923333063
Yuan Sijun,China,2022-07-06,1571.2322006431184
Yuan Sijun,China,2022-07-06,1602.9956935535663
Yuan Sijun,China,2022-07-27,1636.4109813285695
Yuan Sijun,China,2022-07-27,1640.520277473296
Yuan Sijun,China,2022-07-27,1618.2368301943034
Yuan Sijun,China,2022-08-11,1596.7078167470834
Yuan Sijun,China,2022-08-16,1583.9368286566123
Yuan Sijun,China,2022-08-17,1475.6086801960255
Yuan Sijun,China,2022-08-25,1471.6082110093214
Yuan Sijun,China,2022-09-27,1541.5825747720778
Yuan Sijun,China,2022-09-29,1534.4324851506822
Yuan Sijun,China,2022-09-29,1606.6295271800207
Yuan Sijun,China,2022-09-30,1615.9296000661902
Yuan Sijun,China,2022-10-13,1556.197283661295
Yuan Sijun,China,2022-10-28,1531.6033302263418
Yuan Sijun,China,2022-11-07,1544.6935211598536
Yuan Sijun,China,2022-11-08,1513.5716017690106
Yuan Sijun,China,2022-11-21,1480.9283961551437
Yuan Sijun,China,2022-12-13,1563.2145794114995
Yuan Sijun,China,2022-12-14,1515.5691003470654
Yuan Sijun,China,2023-01-11,1532.4658554574414
Yuan Sijun,China,2023-01-26,1531.657646907412
Yuan Sijun,China,2023-01-27,1544.1416548765983
Yuan Sijun,China,2023-01-28,1547.7791173135558
Yuan Sijun,China,2023-01-28,1529.041802570494
Yuan Sijun,China,2023-02-14,1567.7108024281392
Yuan Sijun,China,2023-02-15,1565.4065530691407
Yuan Sijun,China,2023-02-16,1640.6977362247887
Yuan Sijun,China,2023-02-17,1574.7584715609985
Yuan Sijun,China,2023-03-17,1604.2792083445042
Yuan Sijun,China,2023-03-19,1616.1185687028913
Yuan Sijun,China,2023-04-10,1549.0648728445765
Yuan Sijun,China,2023-07-13,1559.681974401198
Yuan Sijun,China,2023-07-13,1604.4698022463513
Yuan Sijun,China,2023-07-13,1577.1594076770098
Yuan Sijun,China,2023-07-25,1602.9541055959878
Yuan Sijun,China,2023-08-16,1597.9091364473263
Yuan Sijun,China,2023-09-02,1619.2691097263792
Yuan Sijun,China,2023-09-08,1624.1687233813477
Yuan Sijun,China,2023-09-18,1593.5434743924604
Yuan Sijun,China,2023-09-26,1604.6503601502375
Yuan Sijun,China,2023-09-27,1603.4534758473749
Yuan Sijun,China,2023-10-02,1627.5282463582037
Yuan Sijun,China,2023-10-04,1680.3509558985813
Yuan Sijun,China,2023-10-05,1738.6533139044204
Yuan Sijun,China,2023-10-10,1854.9827478584593
Yuan Sijun,China,2023-10-11,1905.377273704539
Yuan Sijun,China,2023-10-12,1920.8670117839333
Yuan Sijun,China,2023-10-19,1948.1617248983223
Yuan Sijun,China,2023-10-24,1967.8505612337394
Yuan Sijun,China,2023-10-25,2015.2162368552454
Yuan Sijun,China,2023-10-26,1987.998662118327
Yuan Sijun,China,2023-10-27,1902.1221816636264
Yuan Sijun,China,2023-11-02,1921.4548467320433
Yuan Sijun,China,2023-11-21,1927.0995936986883
Yuan Sijun,China,2023-11-23,1957.7489072262192
Yuan Sijun,China,2023-11-26,1969.2099447955536
Yuan Sijun,China,2023-12-06,1944.1112898644653
Yuan Sijun,China,2023-12-13,1830.6898154069067
Yuan Sijun,China,2023-12-19,1950.8788974433435
Yuan Sijun,China,2024-01-15,2007.6188004944593
Yuan Sijun,China,2024-01-22,1997.3107570944096
Yuan Sijun,China,2024-01-30,2013.616927871417
Yuan Sijun,China,2024-01-31,2074.3197875000287
Yuan Sijun,China,2024-02-01,2076.3156912521304
Yuan Sijun,China,2024-02-12,2135.1492672946374
Yuan Sijun,China,2024-03-18,2173.566315371781
Yuan Sijun,China,2024-03-20,2098.2152037131877
Yuan Sijun,China,2024-04-14,2146.618536961948
Yuan Sijun,China,2024-04-16,2072.562540324376
Yuan Sijun,China,2024-06-19,2051.3128424937363
Yuan Sijun,China,2024-06-19,2084.8161288525966
Yuan Sijun,China,2024-06-19,2049.385090570573
Yuan Sijun,China,2024-07-26,2060.325151882555
Yuan Sijun,China,2024-08-02,2044.7016432035925
Yuan Sijun,China,2024-08-20,2116.8052758027898
Yuan Sijun,China,2024-08-21,2096.3082485658238
Yuan Sijun,China,2024-09-01,2093.294899225939
Yuan Sijun,China,2024-09-02,2141.890403544226
Yuan Sijun,China,2024-09-03,2171.266050093519
Yuan Sijun,China,2024-09-16,2093.094850413844
Yuan Sijun,China,2024-09-24,2150.9069307714803
Yuan Sijun,China,2024-09-25,2223.9973645567557
Yuan Sijun,China,2024-09-29,2217.7170188290306
Yuan Sijun,China,2024-10-02,2196.09885222034
Yuan Sijun,China,2024-10-06,2232.2628592423202
Yuan Sijun,China,2024-10-07,2220.188901303005
Yuan Sijun,China,2024-10-08,2236.153003196807
Yuan Sijun,China,2024-10-20,2228.2195074610286
Yuan Sijun,China,2024-10-30,2232.846346233917
Yuan Sijun,China,2024-11-04,2338.016682920927
Yuan Sijun,China,2024-11-05,2274.1523477041646
Yuan Sijun,China,2024-11-19,2228.5346692673597
Yuan Sijun,China,2024-12-04,2206.277277066921
Yuan Sijun,China,2024-12-10,2116.848080075338
Yuan Sijun,China,2024-12-17,2078.4719868916886
Yuan Sijun,China,2024-12-20,2094.906670921108
Yuan Sijun,China,2025-01-29,2162.176541151285
Yuan Sijun,China,2025-01-30,2331.970928628756
Yuan Sijun,China,2025-01-31,2407.5812276416405
Yuan Sijun,China,2025-02-01,2445.6918691451046
Yuan Sijun,China,2025-02-06,2489.8307699115226
Yuan Sijun,China,2025-02-10,2498.7264787188924
Yuan Sijun,China,2025-02-12,2561.6416261195163
Yuan Sijun,China,2025-02-13,2464.731821461971
Yuan Sijun,China,2025-02-24,2484.6550547886272
Yuan Sijun,China,2025-03-05,2382.345503846205
Yuan Sijun,China,2025-04-12,2329.3060669645497
Yuan Sijun,China,2025-04-15,2286.224237537607
Yuan Sijun,China,2025-06-23,2295.29500784663
Yuan Sijun,China,2025-06-25,2301.760682950451
Yuan Sijun,China,2025-07-02,2358.259619856208
Yuan Sijun,China,2025-07-02,2392.507219154265
Yuan Sijun,China,2025-07-02,2397.0156050277105
Yuan Sijun,China,2025-07-18,2394.883388438829
Yuan Sijun,China,2025-07-18,2404.448717564379
Yuan Sijun,China,2025-07-18,2376.414074657684
Yuan Sijun,China,2025-07-28,2356.667871353534
Yuan Sijun,China,2025-08-10,2349.737232721044
Yuan Sijun,China,2025-08-11,2405.4231181077453
Yuan Sijun,China,2025-08-12,2507.0260559385783
Yuan Sijun,China,2025-08-25,2516.9035291107966
Yuan Sijun,China,2025-08-26,2555.074456949173
Yuan Sijun,China,2025-09-01,2539.018361094137
Yuan Sijun,China,2025-09-16,2545.481042202815
Yuan Sijun,China,2025-09-17,2547.4444211875616
Yuan Sijun,China,2025-09-23,2509.175718369414
Yuan Sijun,China,2025-09-30,2511.0193747440035
Yuan Sijun,China,2025-10-09,2593.8023534848203
Yuan Sijun,China,2025-10-20,2651.213485654179
Yuan Sijun,China,2025-10-21,2620.416354391541
Yuan Sijun,China,2025-10-23,2551.02584954964
Yuan Sijun,China,2025-11-02,2574.970498797059
Yuan Sijun,China,2025-11-04,2637.630508398964
Yuan Sijun,China,2025-11-24,2613.6161459414297
Yuan Sijun,China,2025-11-26,2494.219736565092
Yuan Sijun,China,2025-12-11,2492.441504260963
Yuan Sijun,China,2025-12-12,2487.889701193724
Yuan Sijun,China,2025-12-13,2493.123568890495
Yuan Sijun,China,2025-12-13,2512.2515388221273
Yuan Sijun,China,2025-12-13,2491.665461722228
Yuan Sijun,China,2025-12-15,2493.9375678226647
Yuan Sijun,China,2025-12-17,2587.5537590645563
Yuan Sijun,China,2025-12-18,2565.547422150549
Yuan Sijun,China,2026-01-06,2591.2835761221772
Yuan Sijun,China,2026-01-06,2633.019822809942
Yuan Sijun,China,2026-01-06,2639.5110750281888
Yuan Sijun,China,2026-01-06,2630.333694257104
Yuan Sijun,China,2026-01-07,2604.2710370747795
Yuan Sijun,China,2026-01-07,2671.694345863651
Yuan Sijun,China,2026-01-07,2632.8535889760806
Yuan Sijun,China,2026-01-08,2582.0961972229866
Yuan Sijun,China,2026-02-04,2707.6537156468153
Yuan Sijun,China,2026-02-05,2726.462946750465
Yuan Sijun,China,2026-02-11,2614.257856573535
Yuan Sijun,China,2026-02-23,2632.5115395595876
Yuan Sijun,China,2026-02-25,2552.8323023913335
Mohammed Al Joker,United Arab Emirates,2025-08-08,1500.0
Mohammed Al Joker,United Arab Emirates,2025-08-08,1443.1422903786463
Ziyad Al Qabbani,Saudi Arabia,2024-08-30,1500.0
Ziyad Al Qabbani,Saudi Arabia,2024-08-30,1442.4733569603627
Ziyad Al Qabbani,Saudi Arabia,2025-08-08,1378.3181458177505
Ziyad Al Qabbani,Saudi Arabia,2025-11-19,1377.1196560105593
Yan Bingtao,China,2022-07-16,1500.0
Yan Bingtao,China,2022-07-16,1590.180411754048
Yan Bingtao,China,2022-08-17,1635.10888996128
Yan Bingtao,China,2022-08-18,1657.2929918889326
Yan Bingtao,China,2022-08-19,1657.984750130835
Yan Bingtao,China,2022-09-26,1636.0471824641008
Yan Bingtao,China,2022-09-28,1646.5162858860092
Yan Bingtao,China,2022-09-29,1672.9265079790366
Yan Bingtao,China,2022-10-16,1712.1852292952217
Yan Bingtao,China,2022-10-19,1713.6521584206614
Yan Bingtao,China,2022-10-20,1698.9609852549643
Yan Bingtao,China,2022-11-14,1768.2583927153796
Yan Bingtao,China,2022-11-22,1781.2450131058404
Yan Bingtao,China,2022-11-23,1804.2658281178653
Yan Bingtao,China,2022-11-28,1833.783922187316
Yan Bingtao,China,2022-11-30,1808.2178923803874
Yan Bingtao,China,2022-12-01,1857.9362800422487
Dechawat Poomjaeng,Thailand,2022-10-29,1500.0
Dechawat Poomjaeng,Thailand,2022-10-29,1518.3451349448171
Dechawat Poomjaeng,Thailand,2022-11-06,1429.098388368273
Dechawat Poomjaeng,Thailand,2022-11-25,1337.3409325803163
Dechawat Poomjaeng,Thailand,2022-12-14,1354.5109686632163
Dechawat Poomjaeng,Thailand,2023-01-11,1388.187869928488
Dechawat Poomjaeng,Thailand,2023-01-26,1398.0131155071358
Dechawat Poomjaeng,Thailand,2023-01-27,1411.920576185263
Dechawat Poomjaeng,Thailand,2023-01-28,1430.9811294168123
Dechawat Poomjaeng,Thailand,2023-01-28,1416.3134715725068
Dechawat Poomjaeng,Thailand,2023-03-18,1437.0551659858156
Dechawat Poomjaeng,Thailand,2023-04-04,1408.4035997173287
Dechawat Poomjaeng,Thailand,2023-04-07,1472.4610822250856
Oliver Lines,England,2022-07-01,1500.0
Oliver Lines,England,2022-07-01,1439.1022507606851
Oliver Lines,England,2022-07-01,1408.7898181162082
Oliver Lines,England,2022-07-01,1352.5386637555778
Oliver Lines,England,2022-07-24,1399.5827305882988
Oliver Lines,England,2022-08-10,1366.8242698450724
Oliver Lines,England,2022-08-17,1322.962056213362
Oliver Lines,England,2022-08-27,1353.7996347773292
Oliver Lines,England,2022-10-10,1323.8258235657565
Oliver Lines,England,2022-10-28,1362.917847438907
Oliver Lines,England,2022-11-07,1363.3425452958063
Oliver Lines,England,2022-11-24,1395.1074162077564
Oliver Lines,England,2022-12-14,1403.0353301816572
Oliver Lines,England,2023-01-25,1388.4758636968606
Oliver Lines,England,2023-02-13,1355.2603394990558
Oliver Lines,England,2023-03-16,1347.3247480110886
Oliver Lines,England,2023-03-19,1406.6575809958372
Oliver Lines,England,2023-03-21,1497.5327746385062
Oliver Lines,England,2023-03-21,1522.3317658844674
Oliver Lines,England,2023-03-22,1527.483571836158
Oliver Lines,England,2023-04-08,1537.019080622299
Oliver Lines,England,2023-04-10,1599.57136096047
Oliver Lines,England,2023-06-27,1601.189600984398
Oliver Lines,England,2023-06-27,1641.8817275066986
Oliver Lines,England,2023-06-27,1602.0956400720447
Oliver Lines,England,2023-07-28,1622.6585004824994
Oliver Lines,England,2023-08-15,1628.9511260062113
Oliver Lines,England,2023-09-03,1615.8061302074937
Oliver Lines,England,2023-09-23,1642.0053551348371
Oliver Lines,England,2023-09-26,1695.3639026510637
Oliver Lines,England,2023-09-27,1647.7202005639265
Oliver Lines,England,2023-10-02,1708.2761917927044
Oliver Lines,England,2023-10-03,1693.5242603923525
Oliver Lines,England,2023-10-04,1731.5097050256636
Oliver Lines,England,2023-10-05,1753.2744340417662
Oliver Lines,England,2023-10-11,1783.7610763594269
Oliver Lines,England,2023-10-19,1685.3678871429545
Oliver Lines,England,2023-10-30,1665.8314787712272
Oliver Lines,England,2023-11-05,1668.680170890156
Oliver Lines,England,2023-11-20,1678.2372846632736
Oliver Lines,England,2023-11-21,1681.2417536383784
Oliver Lines,England,2023-12-07,1682.4165936408108
Oliver Lines,England,2023-12-08,1697.405129799569
Oliver Lines,England,2023-12-09,1702.8354779256613
Oliver Lines,England,2023-12-09,1697.4551161564648
Oliver Lines,England,2023-12-11,1706.7856042787214
Oliver Lines,England,2023-12-19,1723.4219552247255
Oliver Lines,England,2024-01-23,1574.4239729588971
Oliver Lines,England,2024-01-26,1613.4107912773065
Oliver Lines,England,2024-02-13,1664.9258095587365
Oliver Lines,England,2024-04-11,1624.7855296283724
Oliver Lines,England,2024-06-13,1654.6676442390171
Oliver Lines,England,2024-06-13,1676.673083141005
Oliver Lines,England,2024-06-13,1641.9600893329236
Oliver Lines,England,2024-07-29,1588.621317395538
Oliver Lines,England,2024-08-03,1631.1795451470146
Oliver Lines,England,2024-08-19,1614.346692891702
Oliver Lines,England,2024-08-30,1630.8910558183197
Oliver Lines,England,2024-08-31,1653.7319821712676
Oliver Lines,England,2024-09-12,1667.3319802120513
Oliver Lines,England,2024-09-13,1764.8091471124746
Oliver Lines,England,2024-09-16,1811.174017769198
Oliver Lines,England,2024-09-18,1818.205856415845
Oliver Lines,England,2024-09-25,1859.105170286821
Oliver Lines,England,2024-09-26,1851.103438939928
Oliver Lines,England,2024-09-26,1879.8302102408784
Oliver Lines,England,2024-09-27,2038.1971467315286
Oliver Lines,England,2024-09-28,1955.2146726276503
Oliver Lines,England,2024-10-02,1837.07953301953
Oliver Lines,England,2024-10-20,1809.8656232099606
Oliver Lines,England,2024-10-21,1856.3195884695774
Oliver Lines,England,2024-10-22,1962.934132755442
Oliver Lines,England,2024-10-23,2051.7971707292763
Oliver Lines,England,2024-10-24,2039.3009268224375
Oliver Lines,England,2024-10-29,2035.0658220855428
Oliver Lines,England,2024-10-30,1993.7999755174135
Oliver Lines,England,2024-11-18,1978.2865654086988
Oliver Lines,England,2024-11-19,2100.0479271697236
Oliver Lines,England,2024-12-05,2073.2505556245164
Oliver Lines,England,2024-12-16,2010.7739521970482
Oliver Lines,England,2024-12-22,1928.5062974127943
Oliver Lines,England,2025-02-04,1972.2457018016325
Oliver Lines,England,2025-02-06,1950.2477839097273
Oliver Lines,England,2025-04-08,1922.0624826504998
Oliver Lines,England,2025-04-11,2040.6429332391206
Oliver Lines,England,2025-06-22,2081.9759661274916
Oliver Lines,England,2025-06-27,2056.2983292039125
Oliver Lines,England,2025-07-08,2099.284587498451
Oliver Lines,England,2025-07-08,2098.754473950238
Oliver Lines,England,2025-07-08,2057.499159515164
Oliver Lines,England,2025-08-09,2055.512461824206
Oliver Lines,England,2025-08-10,2106.7455383172146
Oliver Lines,England,2025-08-11,2161.4268624978135
Oliver Lines,England,2025-08-12,2346.867436475742
Oliver Lines,England,2025-08-13,2424.5157972183456
Oliver Lines,England,2025-09-01,2401.4562037085147
Oliver Lines,England,2025-09-06,2444.1566743706258
Oliver Lines,England,2025-09-13,2389.054037791701
Oliver Lines,England,2025-09-23,2450.9732797446313
Oliver Lines,England,2025-09-24,2381.1955132377766
Oliver Lines,England,2025-10-02,2382.4582873971176
Oliver Lines,England,2025-10-08,2505.8783655352763
Oliver Lines,England,2025-10-09,2587.149517009559
Oliver Lines,England,2025-10-10,2527.0031434201555
Oliver Lines,England,2025-10-15,2519.5860032164373
Oliver Lines,England,2025-10-21,2598.8924350075245
Oliver Lines,England,2025-11-03,2573.823083008431
Oliver Lines,England,2025-11-24,2478.1944957312285
Oliver Lines,England,2025-12-11,2472.640385403511
Oliver Lines,England,2025-12-12,2479.024926616251
Oliver Lines,England,2025-12-13,2458.4823580344255
Oliver Lines,England,2025-12-16,2419.1805313285645
Oliver Lines,England,2026-01-06,2453.2625123829584
Oliver Lines,England,2026-01-10,2476.5700134919994
Oliver Lines,England,2026-01-19,2495.889510719543
Oliver Lines,England,2026-01-19,2572.0506997711973
Oliver Lines,England,2026-01-19,2549.342313672788
Oliver Lines,England,2026-01-19,2546.180643100683
Oliver Lines,England,2026-01-20,2607.3737183824987
Oliver Lines,England,2026-01-20,2666.779272475183
Oliver Lines,England,2026-01-21,2700.405624882868
Oliver Lines,England,2026-01-21,2736.6801594994195
Oliver Lines,England,2026-01-21,2852.448226255958
Oliver Lines,England,2026-01-22,2872.5363271060255
Oliver Lines,England,2026-01-22,2879.736997517692
Oliver Lines,England,2026-01-22,2871.6097934284176
Oliver Lines,England,2026-01-26,2827.9324971218025
Oliver Lines,England,2026-02-10,2764.364460985441
Jianbo Zhao,China,2022-07-01,1500.0
Jianbo Zhao,China,2022-07-01,1536.9887923333063
Jianbo Zhao,China,2022-07-01,1523.239672420914
Jianbo Zhao,China,2022-07-01,1464.8321941548957
Jianbo Zhao,China,2022-07-17,1472.9541803492177
Jianbo Zhao,China,2022-08-09,1507.4163694139597
Jianbo Zhao,China,2022-08-26,1397.178881040959
Jianbo Zhao,China,2022-09-28,1447.8752420662302
Jianbo Zhao,China,2022-09-29,1415.2761872577248
Jianbo Zhao,China,2022-10-11,1371.539627479084
Jianbo Zhao,China,2022-11-22,1385.6523424968393
Jianbo Zhao,China,2022-11-23,1530.3108002619315
Michael Judge,Ireland,2022-06-30,1500.0
Michael Judge,Ireland,2022-06-30,1487.992528222204
Michael Judge,Ireland,2022-06-30,1524.9813988469896
Michael Judge,Ireland,2022-06-30,1510.9209273378726
Michael Judge,Ireland,2022-07-25,1457.3379649995386
Michael Judge,Ireland,2022-07-25,1473.4723383939033
Michael Judge,Ireland,2022-07-25,1448.7585600728664
Michael Judge,Ireland,2022-08-11,1420.6142773997371
Michael Judge,Ireland,2022-08-16,1440.642407532159
Michael Judge,Ireland,2022-08-17,1429.4306094799235
Michael Judge,Ireland,2022-08-28,1323.9653328764507
Michael Judge,Ireland,2022-10-14,1259.2237888264171
Michael Judge,Ireland,2022-10-25,1209.4290120966277
Michael Judge,Ireland,2022-11-06,1292.8380541367683
Michael Judge,Ireland,2022-11-07,1262.3952666691234
Michael Judge,Ireland,2022-11-25,1284.3721160643452
Michael Judge,Ireland,2023-01-12,1258.2994274693979
Michael Judge,Ireland,2023-01-25,1242.0633554535827
Michael Judge,Ireland,2023-03-16,1240.102032168094
Michael Judge,Ireland,2023-04-04,1100.619584714502
Bradley Cowdroy,England,2023-10-02,1500.0
Bradley Cowdroy,England,2023-10-02,1443.121965633351
Joshua Cooper,England,2024-06-18,1500.0
Joshua Cooper,England,2024-06-18,1513.5599205932406
Joshua Cooper,England,2024-06-18,1450.3301541433377
Joshua Cooper,England,2024-06-18,1445.5757616225571
Joshua Cooper,England,2024-08-03,1447.0810485394377
Joshua Cooper,England,2024-09-13,1398.5450055839635
Joshua Cooper,England,2024-10-20,1405.4923111926869
Joshua Cooper,England,2024-11-16,1369.8120297797818
Joshua Cooper,England,2024-12-05,1367.6314006913842
Joshua Cooper,England,2024-12-18,1342.0397426525067
Joshua Cooper,England,2025-02-06,1420.0848068190785
Joshua Cooper,England,2025-02-11,1410.4014986674213
Joshua Cooper,England,2025-04-07,1353.7967935211473
Ian Burns,England,2022-06-30,1500.0
Ian Burns,England,2022-06-30,1491.7928815057608
Ian Burns,England,2022-06-30,1528.7669009082315
Ian Burns,England,2022-06-30,1560.459574654027
Ian Burns,England,2022-07-16,1540.250643731412
Ian Burns,England,2022-08-10,1546.530530284584
Ian Burns,England,2022-08-16,1455.3428315430704
Ian Burns,England,2022-08-28,1377.2295521767267
Ian Burns,England,2022-09-28,1310.5729223974593
Ian Burns,England,2022-10-12,1343.0510664382246
Ian Burns,England,2022-10-26,1349.7055013910754
Ian Burns,England,2022-10-27,1293.9283981343808
Ian Burns,England,2022-11-06,1308.1448543376946
Ian Burns,England,2022-11-07,1340.916939985411
Ian Burns,England,2022-11-08,1387.433999111433
Ian Burns,England,2022-11-10,1321.9655777257947
Ian Burns,England,2022-11-22,1323.2552452707828
Ian Burns,England,2022-11-23,1282.3100452662227
Ian Burns,England,2023-01-26,1269.2678659330797
Ian Burns,England,2023-02-13,1248.6793649395483
Ian Burns,England,2023-03-16,1280.909029285652
Ian Burns,England,2023-04-06,1378.3648216781453
Ian Burns,England,2023-04-08,1380.7538664368278
Ian Burns,England,2023-07-13,1343.7211415038855
Ian Burns,England,2023-07-13,1392.7197226789763
Ian Burns,England,2023-07-13,1430.337704978361
Ian Burns,England,2023-07-25,1444.266349570324
Ian Burns,England,2023-08-14,1385.7540483892979
Ian Burns,England,2023-09-05,1433.3536044377392
Ian Burns,England,2023-10-03,1420.7948383281941
Ian Burns,England,2023-10-09,1500.9101662564944
Ian Burns,England,2023-10-19,1595.4134135294464
Ian Burns,England,2023-10-24,1639.792857742495
Ian Burns,England,2023-10-26,1669.642181111607
Ian Burns,England,2023-10-30,1611.588707136449
Ian Burns,England,2023-11-05,1534.536226979528
Ian Burns,England,2023-11-19,1547.5016829302479
Ian Burns,England,2023-11-20,1658.2537662577884
Ian Burns,England,2023-11-21,1786.6841447391282
Ian Burns,England,2023-11-23,1808.3637603823206
Ian Burns,England,2023-12-06,1809.9262459918543
Ian Burns,England,2023-12-08,1790.5545102298056
Ian Burns,England,2023-12-19,1678.8800255180013
Ian Burns,England,2024-01-24,1592.537483309835
Ian Burns,England,2024-01-25,1616.0413758302693
Ian Burns,England,2024-02-14,1649.8866875436327
Ian Burns,England,2024-04-08,1572.864051627468
Ian Burns,England,2024-04-11,1576.3674641580728
Ian Burns,England,2024-04-13,1716.0129971200452
Ian Burns,England,2024-06-11,1750.2749290163426
Ian Burns,England,2024-06-11,1763.4849483229675
Ian Burns,England,2024-06-11,1813.877164455689
Ian Burns,England,2024-07-26,1817.2935924065625
Ian Burns,England,2024-07-28,1716.6918792679885
Ian Burns,England,2024-08-31,1602.6674885352456
Ian Burns,England,2024-09-12,1614.9214496117731
Ian Burns,England,2024-09-13,1683.6918030509696
Ian Burns,England,2024-09-16,1662.2536278357104
Ian Burns,England,2024-09-23,1651.3933622893383
Ian Burns,England,2024-09-28,1598.5220763046837
Ian Burns,England,2024-10-02,1581.9355771558216
Ian Burns,England,2024-10-28,1612.7295960912213
Ian Burns,England,2024-10-30,1682.046487852372
Ian Burns,England,2024-11-17,1732.715615714151
Ian Burns,England,2024-11-18,1742.9416395680394
Ian Burns,England,2024-12-04,1731.0182630746447
Ian Burns,England,2024-12-09,1784.1855108954041
Ian Burns,England,2024-12-18,1761.4930436266075
Ian Burns,England,2024-12-21,1742.320458403915
Ian Burns,England,2025-02-04,1778.9732913835824
Ian Burns,England,2025-02-05,1727.7517232163652
Ian Burns,England,2025-04-09,1724.463777963829
Ian Burns,England,2025-04-12,1798.1792689572926
Ian Burns,England,2025-04-14,2023.3711701690015
Ian Burns,England,2025-06-23,1986.2300162739414
Ian Burns,England,2025-06-28,2037.7702603389278
Ian Burns,England,2025-07-11,2036.6576717726707
Ian Burns,England,2025-07-11,1975.9845723971282
Ian Burns,England,2025-07-11,1987.4518247672634
Ian Burns,England,2025-08-08,1957.962111373611
Ian Burns,England,2025-09-02,1909.5773801061503
Ian Burns,England,2025-09-04,1939.7079895856618
Ian Burns,England,2025-09-06,1970.8428408491113
Ian Burns,England,2025-09-12,1941.1908324917972
Ian Burns,England,2025-09-23,2022.708148038095
Ian Burns,England,2025-09-24,2069.285881107908
Ian Burns,England,2025-10-01,2091.890511036101
Ian Burns,England,2025-10-14,2136.5924865517118
Ian Burns,England,2025-10-15,2167.348075941346
Ian Burns,England,2025-10-19,2178.5845459805055
Ian Burns,England,2025-11-22,2154.315439693505
Ian Burns,England,2025-11-23,2261.134264883769
Ian Burns,England,2025-11-24,2338.651857786798
Ian Burns,England,2025-11-26,2287.416442063681
Ian Burns,England,2025-12-11,2272.8123339875515
Ian Burns,England,2025-12-15,2263.9012733342147
Ian Burns,England,2026-01-07,2208.846177632308
Ian Burns,England,2026-01-09,2201.695119375896
Ian Burns,England,2026-01-10,2208.5429994295973
Ian Burns,England,2026-02-10,2239.9245554963054
Sion Stuart,Wales,2024-12-05,1500.0
Sion Stuart,Wales,2024-12-05,1489.797984290905
Ayaan Iqbal,Scotland,2024-10-29,1500.0
Ayaan Iqbal,Scotland,2024-10-29,1491.4706737062152
Louis Heathcote,England,2022-07-14,1500.0
Louis Heathcote,England,2022-07-14,1489.9737312265743
Louis Heathcote,England,2022-07-14,1529.7018368023255
Louis Heathcote,England,2022-07-14,1468.7304431654293
Louis Heathcote,England,2022-07-16,1490.63637565387
Louis Heathcote,England,2022-08-14,1496.303725218057
Louis Heathcote,England,2022-08-25,1524.5967203830094
Louis Heathcote,England,2022-10-12,1469.1470107082787
Louis Heathcote,England,2022-10-18,1416.4983027213516
Louis Heathcote,England,2022-10-26,1433.6809339372592
Louis Heathcote,England,2022-11-06,1307.4705397805599
Louis Heathcote,England,2022-11-25,1344.8145240459714
Louis Heathcote,England,2022-11-26,1380.6762151126027
Louis Heathcote,England,2022-12-14,1393.9660973612552
Louis Heathcote,England,2023-01-12,1475.257574146276
Louis Heathcote,England,2023-01-25,1481.8133047421745
Louis Heathcote,England,2023-01-27,1465.2991220516292
Louis Heathcote,England,2023-02-02,1576.712705127148
Louis Heathcote,England,2023-02-03,1514.883515102936
Louis Heathcote,England,2023-02-15,1539.5584828209999
Louis Heathcote,England,2023-03-16,1559.1237299971388
Louis Heathcote,England,2023-04-07,1529.6678480330424
Louis Heathcote,England,2023-06-29,1505.8357820840886
Louis Heathcote,England,2023-06-29,1563.500478289825
Louis Heathcote,England,2023-06-29,1596.6180134066446
Louis Heathcote,England,2023-07-27,1608.546128900888
Louis Heathcote,England,2023-08-14,1558.9287810586436
Louis Heathcote,England,2023-08-23,1480.6922188465091
Louis Heathcote,England,2023-09-03,1479.7699720002427
Louis Heathcote,England,2023-09-06,1512.1370895254631
Louis Heathcote,England,2023-09-23,1450.780620966229
Louis Heathcote,England,2023-10-03,1451.990479796406
Louis Heathcote,England,2023-10-22,1525.7588134261646
Louis Heathcote,England,2023-11-01,1526.3806065415602
Louis Heathcote,England,2023-11-18,1531.6510517259287
Louis Heathcote,England,2023-11-20,1455.126958881223
Louis Heathcote,England,2023-12-06,1467.9645628803305
Louis Heathcote,England,2023-12-08,1447.644224844559
Louis Heathcote,England,2023-12-19,1467.8678815193325
Louis Heathcote,England,2024-01-23,1584.7445986574126
Louis Heathcote,England,2024-01-25,1642.3352848913812
Louis Heathcote,England,2024-01-30,1686.5848664259195
Louis Heathcote,England,2024-03-18,1772.40101806533
Louis Heathcote,England,2024-04-09,1747.0511679887413
Louis Heathcote,England,2024-04-11,1750.924778620699
Louis Heathcote,England,2024-04-14,2061.0596080032437
Louis Heathcote,England,2024-04-16,2105.5045299794624
Louis Heathcote,England,2024-06-20,2057.5309242878398
Louis Heathcote,England,2024-06-20,2063.344170201846
Louis Heathcote,England,2024-06-20,2017.849464139938
Louis Heathcote,England,2024-07-26,1950.0095329305123
Louis Heathcote,England,2024-07-30,1976.5782791637623
Louis Heathcote,England,2024-08-31,2009.8932965333559
Louis Heathcote,England,2024-09-01,2015.642544535262
Louis Heathcote,England,2024-09-13,2061.1139726608703
Louis Heathcote,England,2024-09-14,2010.6404553394882
Louis Heathcote,England,2024-09-23,1966.7414096593527
Louis Heathcote,England,2024-09-28,1935.5508185739152
Louis Heathcote,England,2024-09-29,2007.7211063367208
Louis Heathcote,England,2024-10-01,2135.234502146057
Louis Heathcote,England,2024-10-06,2032.1230080642842
Louis Heathcote,England,2024-10-20,2109.601721299257
Louis Heathcote,England,2024-10-22,2118.6151258008754
Louis Heathcote,England,2024-10-24,2175.800017338107
Louis Heathcote,England,2024-10-25,2083.0352571348167
Louis Heathcote,England,2024-10-28,2077.0154196528997
Louis Heathcote,England,2024-10-29,1979.5568542729914
Louis Heathcote,England,2024-11-17,1958.5582505818581
Louis Heathcote,England,2024-11-19,1942.090890701805
Louis Heathcote,England,2024-12-04,1936.7102441615982
Louis Heathcote,England,2024-12-06,1921.5843779547765
Louis Heathcote,England,2024-12-18,1823.8690694461782
Louis Heathcote,England,2024-12-20,1883.3490138175425
Louis Heathcote,England,2025-02-04,1879.1547223383911
Louis Heathcote,England,2025-02-06,1851.1245070503296
Louis Heathcote,England,2025-02-24,1893.7147917060352
Louis Heathcote,England,2025-02-25,1907.15538633495
Louis Heathcote,England,2025-04-11,1820.6722484252398
Louis Heathcote,England,2025-06-22,1954.6533448638788
Louis Heathcote,England,2025-06-25,1992.6171242148405
Louis Heathcote,England,2025-07-09,1980.7305844563002
Louis Heathcote,England,2025-07-09,2014.4902442799503
Louis Heathcote,England,2025-07-09,2009.108325181684
Louis Heathcote,England,2025-08-09,2027.3940947698077
Louis Heathcote,England,2025-08-09,2083.6125338302404
Louis Heathcote,England,2025-08-10,2174.1429701362285
Louis Heathcote,England,2025-08-11,2201.7365407683483
Louis Heathcote,England,2025-08-24,2193.047531495731
Louis Heathcote,England,2025-09-01,2300.700025837452
Louis Heathcote,England,2025-09-05,2268.1045425183347
Louis Heathcote,England,2025-09-07,2245.818479647428
Louis Heathcote,England,2025-09-11,2213.3357149586095
Louis Heathcote,England,2025-09-13,2209.3778376082882
Louis Heathcote,England,2025-09-15,2291.1282638019206
Louis Heathcote,England,2025-09-23,2284.162045077134
Louis Heathcote,England,2025-09-24,2330.7594347915697
Louis Heathcote,England,2025-09-25,2311.0866141529414
Louis Heathcote,England,2025-09-26,2363.625546353702
Louis Heathcote,England,2025-10-02,2349.372003940633
Louis Heathcote,England,2025-10-07,2406.3274856307266
Louis Heathcote,England,2025-10-09,2444.0891688685247
Louis Heathcote,England,2025-10-14,2341.6224586802055
Louis Heathcote,England,2025-10-19,2318.9117948134726
Louis Heathcote,England,2025-11-03,2437.073200247511
Louis Heathcote,England,2025-11-24,2462.872216456899
Louis Heathcote,England,2025-11-25,2605.7201711837592
Louis Heathcote,England,2025-11-27,2562.1775444986997
Louis Heathcote,England,2025-12-10,2552.0362969077346
Louis Heathcote,England,2026-01-05,2560.980749450717
Louis Heathcote,England,2026-01-07,2497.546382526343
Louis Heathcote,England,2026-01-09,2489.6991126836365
Louis Heathcote,England,2026-01-10,2560.9958867129844
Louis Heathcote,England,2026-02-10,2591.9228971901557
Louis Heathcote,England,2026-02-24,2597.664462744135
Jack Borwick,Scotland,2023-01-25,1500.0
Jack Borwick,Scotland,2023-01-25,1489.2528628134905
Jack Borwick,Scotland,2023-11-19,1475.8283167487984
Jack Borwick,Scotland,2023-12-07,1478.2118625280289
Jack Borwick,Scotland,2023-12-08,1464.1848925318748
Jack Borwick,Scotland,2023-12-11,1388.4543162372709
Jack Borwick,Scotland,2024-10-28,1354.8009098340938
Jack Borwick,Scotland,2025-10-16,1385.2922024356553
Ben Woollaston,England,2022-07-07,1500.0
Ben Woollaston,England,2022-07-07,1561.9887923333063
Ben Woollaston,England,2022-07-07,1569.4150185315386
Ben Woollaston,England,2022-07-07,1601.3083853814787
Ben Woollaston,England,2022-07-23,1612.3426400962292
Ben Woollaston,England,2022-07-26,1676.3249093649395
Ben Woollaston,England,2022-07-26,1612.1418895353252
Ben Woollaston,England,2022-07-26,1549.086584535744
Ben Woollaston,England,2022-08-13,1573.0464627917822
Ben Woollaston,England,2022-08-23,1608.8441795860035
Ben Woollaston,England,2022-09-27,1615.9915273800334
Ben Woollaston,England,2022-09-28,1615.3503750639566
Ben Woollaston,England,2022-09-29,1590.5484386535115
Ben Woollaston,England,2022-10-14,1582.8303533797034
Ben Woollaston,England,2022-10-17,1610.3281856311519
Ben Woollaston,England,2022-10-29,1616.3001433842312
Ben Woollaston,England,2022-11-08,1616.542578940515
Ben Woollaston,England,2022-11-24,1676.0566969610356
Ben Woollaston,England,2022-11-25,1603.6548436971455
Ben Woollaston,England,2022-11-29,1625.8133537967342
Ben Woollaston,England,2022-12-13,1567.328016048374
Ben Woollaston,England,2023-01-12,1593.1361209476254
Ben Woollaston,England,2023-01-25,1597.3550594901412
Ben Woollaston,England,2023-01-27,1600.946622074847
Ben Woollaston,England,2023-01-28,1584.9107151847259
Ben Woollaston,England,2023-02-15,1508.9344874199542
Ben Woollaston,England,2023-03-16,1520.2524119267962
Ben Woollaston,England,2023-03-19,1498.286197789385
Ben Woollaston,England,2023-04-06,1537.1986109704208
Ben Woollaston,England,2023-04-08,1499.1971201373017
Ben Woollaston,England,2023-07-03,1528.2043690253245
Ben Woollaston,England,2023-07-03,1551.3105774175638
Ben Woollaston,England,2023-07-03,1574.8384407846063
Ben Woollaston,England,2023-07-19,1592.76419690675
Ben Woollaston,England,2023-07-19,1526.9377672861538
Ben Woollaston,England,2023-07-19,1536.1719903667704
Ben Woollaston,England,2023-07-26,1609.784711240076
Ben Woollaston,England,2023-08-22,1624.179206429608
Ben Woollaston,England,2023-08-24,1624.473150975476
Ben Woollaston,England,2023-08-24,1571.3709005601402
Ben Woollaston,England,2023-09-01,1564.2158277657657
Ben Woollaston,England,2023-09-06,1536.0138963117633
Ben Woollaston,England,2023-09-25,1571.631083532126
Ben Woollaston,England,2023-10-09,1443.9251759656577
Ben Woollaston,England,2023-10-22,1458.6083918415643
Ben Woollaston,England,2023-10-31,1401.004593124584
Ben Woollaston,England,2023-11-05,1370.1210016696075
Ben Woollaston,England,2023-11-20,1443.8910601596713
Ben Woollaston,England,2023-11-21,1555.4989038320296
Ben Woollaston,England,2023-11-23,1548.4675658828141
Ben Woollaston,England,2023-11-27,1643.3528887672135
Ben Woollaston,England,2023-12-06,1638.7552698953787
Ben Woollaston,England,2023-12-21,1671.319785851051
Ben Woollaston,England,2024-01-24,1675.621915252751
Ben Woollaston,England,2024-01-27,1717.3213721512896
Ben Woollaston,England,2024-01-31,1696.8173628804907
Ben Woollaston,England,2024-03-20,1788.0517450429375
Ben Woollaston,England,2024-03-21,1882.750985929749
Ben Woollaston,England,2024-04-11,1830.994909901941
Ben Woollaston,England,2024-06-15,1838.4774607950972
Ben Woollaston,England,2024-06-15,1833.7112309314107
Ben Woollaston,England,2024-06-15,1823.0542144013118
Ben Woollaston,England,2024-07-01,1856.3155513063098
Ben Woollaston,England,2024-07-01,1874.946494428529
Ben Woollaston,England,2024-07-01,1938.1019285981968
Ben Woollaston,England,2024-07-27,1904.6624312405238
Ben Woollaston,England,2024-07-29,1901.0318779105935
Ben Woollaston,England,2024-08-02,1980.1212838065094
Ben Woollaston,England,2024-08-31,1980.8939488262206
Ben Woollaston,England,2024-09-01,1985.539626858185
Ben Woollaston,England,2024-09-02,2089.7155535468896
Ben Woollaston,England,2024-09-03,1974.7318507605305
Ben Woollaston,England,2024-09-13,2025.4688021416905
Ben Woollaston,England,2024-09-17,2127.6406221453044
Ben Woollaston,England,2024-09-18,2104.980110397263
Ben Woollaston,England,2024-09-19,2071.2217717568024
Ben Woollaston,England,2024-09-25,2069.043804962252
Ben Woollaston,England,2024-09-29,2075.703892357693
Ben Woollaston,England,2024-10-01,2057.722363715166
Ben Woollaston,England,2024-10-07,2127.63754482882
Ben Woollaston,England,2024-10-08,2166.920616526922
Ben Woollaston,England,2024-10-09,2093.9292009193437
Ben Woollaston,England,2024-10-30,2046.8830814720563
Ben Woollaston,England,2024-11-03,2042.8871523306477
Ben Woollaston,England,2024-11-19,2024.7347817655725
Ben Woollaston,England,2024-11-21,1926.3136325229914
Ben Woollaston,England,2024-12-05,1905.9049089864607
Ben Woollaston,England,2024-12-19,1906.4806974704657
Ben Woollaston,England,2024-12-21,1896.5559564786838
Ben Woollaston,England,2025-01-27,2041.0455676553747
Ben Woollaston,England,2025-01-29,2111.7841296557604
Ben Woollaston,England,2025-02-06,2032.4843854418677
Ben Woollaston,England,2025-02-24,1999.378322570623
Ben Woollaston,England,2025-02-25,2099.2849565937277
Ben Woollaston,England,2025-03-04,2180.3708732326486
Ben Woollaston,England,2025-04-13,2120.743598430385
Ben Woollaston,England,2025-04-15,2079.324196693638
Ben Woollaston,England,2025-04-24,2352.156920730128
Ben Woollaston,England,2025-04-28,2465.9329643436995
Ben Woollaston,England,2025-06-24,2449.928708450087
Ben Woollaston,England,2025-06-28,2468.9823754486974
Ben Woollaston,England,2025-07-12,2449.810399592689
Ben Woollaston,England,2025-07-12,2456.586382741086
Ben Woollaston,England,2025-07-12,2391.1042272603127
Ben Woollaston,England,2025-08-10,2358.5490796825497
Ben Woollaston,England,2025-08-11,2365.323381824836
Ben Woollaston,England,2025-08-12,2378.03387765161
Ben Woollaston,England,2025-08-24,2419.2901965608044
Ben Woollaston,England,2025-09-02,2333.7791372914726
Ben Woollaston,England,2025-09-07,2351.8779850663573
Ben Woollaston,England,2025-09-14,2320.717918835889
Ben Woollaston,England,2025-09-16,2326.2096104028283
Ben Woollaston,England,2025-09-23,2275.2902650613814
Ben Woollaston,England,2025-09-30,2256.7951786298368
Ben Woollaston,England,2025-10-15,2298.4140362970165
Ben Woollaston,England,2025-10-19,2333.3901117856694
Ben Woollaston,England,2025-10-22,2396.076481711271
Ben Woollaston,England,2025-11-03,2336.7798132905036
Ben Woollaston,England,2025-11-25,2385.91339694195
Ben Woollaston,England,2025-11-26,2471.933698602793
Ben Woollaston,England,2025-11-29,2514.8615698166277
Ben Woollaston,England,2025-12-10,2492.697289642084
Ben Woollaston,England,2025-12-15,2423.3654375216374
Ben Woollaston,England,2026-01-07,2290.875160441025
Ben Woollaston,England,2026-01-08,2328.538459259632
Ben Woollaston,England,2026-01-08,2423.1942774301187
Ben Woollaston,England,2026-01-08,2366.0349301875835
Ben Woollaston,England,2026-01-09,2452.7811537497973
Ben Woollaston,England,2026-01-09,2485.3797757188454
Ben Woollaston,England,2026-01-09,2460.203945494013
Ben Woollaston,England,2026-01-10,2457.8212953178577
Ben Woollaston,England,2026-02-10,2369.99035891005
Cai Wei,China,2024-10-06,1500.0
Cai Wei,China,2024-10-06,1471.9796019054008
Cai Wei,China,2024-11-03,1472.9108789989084
Allan Taylor,England,2022-06-28,1500.0
Allan Taylor,England,2022-06-28,1463.0985148717873
Allan Taylor,England,2022-06-28,1425.3780708947559
Allan Taylor,England,2022-06-28,1398.6920773767763
Allan Taylor,England,2022-08-10,1374.9426046006179
Allan Taylor,England,2022-10-12,1371.3480079331641
Allan Taylor,England,2022-10-16,1324.3125752684437
Allan Taylor,England,2022-11-05,1174.78274931963
Allan Taylor,England,2022-11-21,1278.9019364052274
Allan Taylor,England,2022-11-22,1218.634508995091
Allan Taylor,England,2022-11-30,1200.6705354442943
Allan Taylor,England,2022-12-12,1235.0250870801167
Allan Taylor,England,2023-01-12,1182.6616841256043
Allan Taylor,England,2023-01-26,1171.3637084094046
Allan Taylor,England,2023-03-17,1256.372358962242
Allan Taylor,England,2023-03-19,1179.9504534999242
Allan Taylor,England,2023-04-04,1377.5906692082478
Allan Taylor,England,2023-04-06,1390.170678532988
Allan Taylor,England,2023-07-04,1393.7605216901186
Allan Taylor,England,2023-07-04,1450.5501340698959
Allan Taylor,England,2023-07-04,1429.1669895541868
Allan Taylor,England,2023-07-27,1445.0972947555845
Allan Taylor,England,2023-08-22,1464.5850539186931
Allan Taylor,England,2023-08-23,1396.3615487789987
Allan Taylor,England,2023-09-01,1422.8660922398772
Allan Taylor,England,2023-09-07,1455.2420902297276
Allan Taylor,England,2023-09-22,1447.543854590327
Allan Taylor,England,2023-09-25,1488.8031315140342
Allan Taylor,England,2023-10-03,1516.124234526924
Allan Taylor,England,2023-10-17,1428.9779099371942
Allan Taylor,England,2023-11-02,1402.0459828511184
Allan Taylor,England,2023-11-18,1421.0075690014646
Allan Taylor,England,2023-11-19,1353.7912625675062
Allan Taylor,England,2023-12-06,1332.153118123928
Allan Taylor,England,2023-12-19,1441.218191731986
Allan Taylor,England,2024-01-25,1431.3950336470125
Allan Taylor,England,2024-02-13,1400.1358732256695
Allan Taylor,England,2024-03-18,1511.6737298541786
Allan Taylor,England,2024-04-09,1481.8209048296537
Allan Taylor,England,2024-04-11,1481.2492609291805
Allan Taylor,England,2024-06-18,1469.9529425802684
Allan Taylor,England,2024-06-18,1510.7610538724923
Allan Taylor,England,2024-06-18,1475.8314634268913
Allan Taylor,England,2024-07-25,1511.7665871096954
Allan Taylor,England,2024-07-28,1500.1649228179238
Allan Taylor,England,2024-07-31,1540.5162573886662
Allan Taylor,England,2024-08-30,1539.6127795612786
Allan Taylor,England,2024-08-31,1563.9615913370085
Allan Taylor,England,2024-09-01,1635.5288689746974
Allan Taylor,England,2024-09-13,1570.6708334519612
Allan Taylor,England,2024-09-25,1548.3980739952076
Allan Taylor,England,2024-09-28,1468.1151576757477
Allan Taylor,England,2024-10-01,1453.3346823750562
Allan Taylor,England,2024-10-06,1466.3230603596671
Allan Taylor,England,2024-10-28,1467.9053073959028
Allan Taylor,England,2024-10-29,1513.6611238196876
Allan Taylor,England,2024-11-17,1444.3919927374714
Allan Taylor,England,2024-12-05,1463.3584232938426
Allan Taylor,England,2024-12-06,1482.1998067264133
Allan Taylor,England,2024-12-07,1498.0009648892487
Allan Taylor,England,2024-12-07,1483.678455234439
Allan Taylor,England,2024-12-17,1637.8736968337782
Allan Taylor,England,2024-12-18,1730.0123732555273
Allan Taylor,England,2024-12-21,1701.9719579032687
Allan Taylor,England,2025-01-27,1781.9776672622465
Allan Taylor,England,2025-02-04,1765.2124589471414
Allan Taylor,England,2025-02-05,1773.462274313136
Allan Taylor,England,2025-04-08,1745.680082371766
Allan Taylor,England,2025-04-11,1889.7637205050441
Allan Taylor,England,2025-04-14,1849.660086656409
Allan Taylor,England,2025-06-28,1848.8143804052904
Allan Taylor,England,2025-07-11,1814.5055841817402
Allan Taylor,England,2025-07-11,1794.8756459178019
Allan Taylor,England,2025-07-11,1811.2075300851884
Allan Taylor,England,2025-08-09,1791.7409977023199
Allan Taylor,England,2025-08-10,1888.571419791728
Allan Taylor,England,2025-08-24,1876.1335182117866
Allan Taylor,England,2025-08-25,1815.6034851292504
Allan Taylor,England,2025-09-01,1834.0359949564472
Allan Taylor,England,2025-09-04,1814.5391099490312
Allan Taylor,England,2025-09-06,1792.9188729256416
Allan Taylor,England,2025-09-12,1796.7039786287128
Allan Taylor,England,2025-09-14,1798.4863352245818
Allan Taylor,England,2025-09-24,1808.1634906056827
Allan Taylor,England,2025-10-16,1690.9082752240024
Allan Taylor,England,2025-11-02,1831.027314682227
Allan Taylor,England,2025-11-24,1841.537240563534
Allan Taylor,England,2025-11-25,1831.049598527951
Allan Taylor,England,2025-12-10,1837.030049791906
Allan Taylor,England,2025-12-12,1834.4421040770449
Allan Taylor,England,2026-01-06,1826.0829161705894
Allan Taylor,England,2026-01-07,1794.3631669520369
Allan Taylor,England,2026-01-09,1768.2024520092925
Allan Taylor,England,2026-01-10,1783.9744200615091
Allan Taylor,England,2026-02-12,1917.9443438491012
Stephen Maguire,Scotland,2022-07-11,1500.0
Stephen Maguire,Scotland,2022-07-11,1512.992528222204
Stephen Maguire,Scotland,2022-07-12,1523.1190076471394
Stephen Maguire,Scotland,2022-07-12,1534.3234693375343
Stephen Maguire,Scotland,2022-07-16,1542.5255887461174
Stephen Maguire,Scotland,2022-07-25,1509.457570436946
Stephen Maguire,Scotland,2022-07-25,1553.4810411096232
Stephen Maguire,Scotland,2022-07-25,1562.0950480771348
Stephen Maguire,Scotland,2022-08-14,1481.571172007067
Stephen Maguire,Scotland,2022-08-23,1551.3989933937573
Stephen Maguire,Scotland,2022-10-14,1533.0656827846653
Stephen Maguire,Scotland,2022-10-17,1537.4683071158
Stephen Maguire,Scotland,2022-10-19,1609.0571218610623
Stephen Maguire,Scotland,2022-10-20,1666.0159928444455
Stephen Maguire,Scotland,2022-10-29,1553.2042439819782
Stephen Maguire,Scotland,2022-11-07,1547.528887008674
Stephen Maguire,Scotland,2022-11-21,1578.0317868502343
Stephen Maguire,Scotland,2022-11-30,1602.514001383542
Stephen Maguire,Scotland,2022-12-01,1637.541757792174
Stephen Maguire,Scotland,2023-01-12,1637.4621020800876
Stephen Maguire,Scotland,2023-01-25,1617.0067945014569
Stephen Maguire,Scotland,2023-02-14,1538.4399126831297
Stephen Maguire,Scotland,2023-02-27,1578.7628758372143
Stephen Maguire,Scotland,2023-02-27,1640.5942943004893
Stephen Maguire,Scotland,2023-02-27,1689.4483996382012
Stephen Maguire,Scotland,2023-02-27,1663.8044978593912
Stephen Maguire,Scotland,2023-02-28,1711.7367372795486
Stephen Maguire,Scotland,2023-02-28,1718.815206877101
Stephen Maguire,Scotland,2023-02-28,1663.7198865359555
Stephen Maguire,Scotland,2023-03-18,1665.5629883999013
Stephen Maguire,Scotland,2023-03-20,1609.9717364448481
Stephen Maguire,Scotland,2023-04-09,1603.7671052531139
Stephen Maguire,Scotland,2023-04-11,1519.0054642927741
Stephen Maguire,Scotland,2023-08-19,1523.6923219362902
Stephen Maguire,Scotland,2023-09-04,1534.4348196984151
Stephen Maguire,Scotland,2023-09-07,1619.1846713086197
Stephen Maguire,Scotland,2023-09-18,1599.6399834364597
Stephen Maguire,Scotland,2023-09-26,1620.2547668936643
Stephen Maguire,Scotland,2023-10-03,1606.6896455953047
Stephen Maguire,Scotland,2023-10-04,1546.8815207312916
Stephen Maguire,Scotland,2023-10-09,1594.896179102188
Stephen Maguire,Scotland,2023-10-11,1594.2817981636306
Stephen Maguire,Scotland,2023-10-12,1608.6115248547706
Stephen Maguire,Scotland,2023-10-20,1641.924286907234
Stephen Maguire,Scotland,2023-10-24,1675.1096973399542
Stephen Maguire,Scotland,2023-10-25,1742.9505448724449
Stephen Maguire,Scotland,2023-10-26,1758.402890717342
Stephen Maguire,Scotland,2023-10-27,1848.1435266424437
Stephen Maguire,Scotland,2023-11-05,1897.3236235596994
Stephen Maguire,Scotland,2023-11-07,2037.3292013830599
Stephen Maguire,Scotland,2023-11-08,2118.009300767798
Stephen Maguire,Scotland,2023-11-09,2177.6809870402076
Stephen Maguire,Scotland,2023-11-21,2255.622274134011
Stephen Maguire,Scotland,2023-11-23,2187.468129701823
Stephen Maguire,Scotland,2023-12-21,2172.998213619025
Stephen Maguire,Scotland,2024-01-16,2107.9585483570045
Stephen Maguire,Scotland,2024-01-24,2069.01944997302
Stephen Maguire,Scotland,2024-01-25,2015.5827722060276
Stephen Maguire,Scotland,2024-01-29,1975.742842767347
Stephen Maguire,Scotland,2024-03-19,2010.3918892506267
Stephen Maguire,Scotland,2024-03-20,2098.2860871532557
Stephen Maguire,Scotland,2024-03-21,2056.734482218422
Stephen Maguire,Scotland,2024-04-14,2130.8553772344744
Stephen Maguire,Scotland,2024-04-16,2213.6059255243804
Stephen Maguire,Scotland,2024-04-21,2328.3984960136104
Stephen Maguire,Scotland,2024-04-28,2434.824273508218
Stephen Maguire,Scotland,2024-05-01,2292.2213194388974
Stephen Maguire,Scotland,2024-06-13,2284.245578432189
Stephen Maguire,Scotland,2024-06-13,2286.451287032181
Stephen Maguire,Scotland,2024-06-13,2191.988297833634
Stephen Maguire,Scotland,2024-07-27,2178.152185904985
Stephen Maguire,Scotland,2024-07-28,2116.870710446862
Stephen Maguire,Scotland,2024-08-01,2123.530765369448
Stephen Maguire,Scotland,2024-08-20,2013.79703305407
Stephen Maguire,Scotland,2024-09-01,2001.8190208105939
Stephen Maguire,Scotland,2024-09-02,2047.4422581730078
Stephen Maguire,Scotland,2024-09-17,2021.5111709778585
Stephen Maguire,Scotland,2024-09-18,1973.5695540699487
Stephen Maguire,Scotland,2024-09-24,1942.6377788699328
Stephen Maguire,Scotland,2024-09-25,1995.2024125080338
Stephen Maguire,Scotland,2024-09-26,2049.612437904039
Stephen Maguire,Scotland,2024-09-30,1907.8714202016167
Stephen Maguire,Scotland,2024-10-21,1869.571750240189
Stephen Maguire,Scotland,2024-11-18,1878.3215676069256
Stephen Maguire,Scotland,2024-11-20,2021.658124969079
Stephen Maguire,Scotland,2024-11-25,2000.2822345585225
Stephen Maguire,Scotland,2024-12-10,2033.945329201923
Stephen Maguire,Scotland,2024-12-11,2188.272424517848
Stephen Maguire,Scotland,2024-12-12,2194.4425828232784
Stephen Maguire,Scotland,2024-12-20,2158.8455393978984
Stephen Maguire,Scotland,2025-01-27,2146.671085295395
Stephen Maguire,Scotland,2025-02-10,2215.7511126458367
Stephen Maguire,Scotland,2025-02-12,2272.0775886036154
Stephen Maguire,Scotland,2025-02-13,2272.444212917153
Stephen Maguire,Scotland,2025-02-14,2326.5656149587358
Stephen Maguire,Scotland,2025-02-15,2377.6785133021235
Stephen Maguire,Scotland,2025-02-16,2516.4290219211657
Stephen Maguire,Scotland,2025-04-14,2293.943126953041
Stephen Maguire,Scotland,2025-06-23,2302.9272080797987
Stephen Maguire,Scotland,2025-06-25,2295.7749424406925
Stephen Maguire,Scotland,2025-06-30,2319.801068490837
Stephen Maguire,Scotland,2025-06-30,2297.812049352357
Stephen Maguire,Scotland,2025-06-30,2325.6179047645837
Stephen Maguire,Scotland,2025-07-18,2328.0226110410813
Stephen Maguire,Scotland,2025-07-18,2354.2732801327447
Stephen Maguire,Scotland,2025-07-18,2344.921767289294
Stephen Maguire,Scotland,2025-07-23,2447.5767142100826
Stephen Maguire,Scotland,2025-07-23,2456.843036466426
Stephen Maguire,Scotland,2025-07-23,2471.96107458326
Stephen Maguire,Scotland,2025-07-23,2449.793934248999
Stephen Maguire,Scotland,2025-08-10,2442.8201758113655
Stephen Maguire,Scotland,2025-08-11,2457.2924379681454
Stephen Maguire,Scotland,2025-08-12,2474.266010269664
Stephen Maguire,Scotland,2025-08-25,2459.1844354999407
Stephen Maguire,Scotland,2025-08-26,2640.3124550514617
Stephen Maguire,Scotland,2025-08-27,2629.1395909105822
Stephen Maguire,Scotland,2025-09-03,2613.082295220391
Stephen Maguire,Scotland,2025-09-16,2544.615215447881
Stephen Maguire,Scotland,2025-10-01,2570.3435051033875
Stephen Maguire,Scotland,2025-10-07,2583.8233957609655
Stephen Maguire,Scotland,2025-10-09,2555.0504555860357
Stephen Maguire,Scotland,2025-10-21,2609.9120884143167
Stephen Maguire,Scotland,2025-10-22,2541.2847991919843
Stephen Maguire,Scotland,2025-11-03,2520.779618949515
Stephen Maguire,Scotland,2025-11-04,2735.428143187657
Stephen Maguire,Scotland,2025-11-05,2769.8102981606967
Stephen Maguire,Scotland,2025-11-06,2779.455733812963
Stephen Maguire,Scotland,2025-11-08,2730.8806593168974
Stephen Maguire,Scotland,2025-11-12,2685.859617220991
Stephen Maguire,Scotland,2025-11-24,2705.616974391727
Stephen Maguire,Scotland,2025-11-26,2710.5759333733845
Stephen Maguire,Scotland,2025-11-29,2864.700521654382
Stephen Maguire,Scotland,2025-12-11,2834.170871376663
Stephen Maguire,Scotland,2025-12-15,2782.651927281889
Stephen Maguire,Scotland,2026-01-08,2768.948796489621
Stephen Maguire,Scotland,2026-02-03,2722.8259051248333
Stephen Maguire,Scotland,2026-02-10,2732.0743076325434
Stephen Maguire,Scotland,2026-02-23,2710.9944362869005
Stephen Maguire,Scotland,2026-02-25,2657.219363389182
Rod Lawler,England,2022-07-05,1500.0
Rod Lawler,England,2022-07-05,1511.9887923333063
Rod Lawler,England,2022-07-05,1480.4193809342476
Rod Lawler,England,2022-07-05,1467.1855079795796
Rod Lawler,England,2022-07-23,1333.6717241915176
Rod Lawler,England,2022-08-11,1338.3347556055382
Rod Lawler,England,2022-10-13,1315.5833636636246
Rod Lawler,England,2022-10-16,1295.1195056485205
Rod Lawler,England,2022-11-06,1331.6516512312116
Rod Lawler,England,2022-11-07,1356.8736486351368
Rod Lawler,England,2022-11-21,1327.7236073912113
Rod Lawler,England,2022-11-22,1348.526961309974
Rod Lawler,England,2022-12-12,1311.477338004705
Rod Lawler,England,2023-01-11,1415.1318067516659
Rod Lawler,England,2023-01-25,1396.7309822844375
Rod Lawler,England,2023-02-14,1484.6043922013
Rod Lawler,England,2023-02-15,1444.4291714376427
Rod Lawler,England,2023-07-10,1460.4835343111724
Rod Lawler,England,2023-07-10,1441.0017361840848
Rod Lawler,England,2023-07-10,1379.8203206785215
Rod Lawler,England,2023-07-29,1343.79397630418
Rod Lawler,England,2023-08-16,1423.2850431768265
Rod Lawler,England,2023-09-04,1483.4277479228974
Rod Lawler,England,2023-09-06,1453.0602592576854
Rod Lawler,England,2023-09-20,1442.6508929922109
Rod Lawler,England,2023-09-26,1441.6538352407347
Rod Lawler,England,2023-09-28,1429.0698112197483
Rod Lawler,England,2023-10-09,1420.5785753921807
Rod Lawler,England,2023-10-17,1427.0959559695357
Rod Lawler,England,2023-10-23,1369.6739497266208
Rod Lawler,England,2023-11-01,1356.4621057277136
Rod Lawler,England,2023-11-18,1343.6669344870836
Rod Lawler,England,2023-11-20,1290.7298466395946
Rod Lawler,England,2023-12-06,1278.170775668976
Rod Lawler,England,2023-12-20,1235.2615793303942
Rod Lawler,England,2024-01-22,1193.846028349756
Rod Lawler,England,2024-01-25,1139.3996403085864
Rod Lawler,England,2024-04-10,1285.7630933409346
Rod Lawler,England,2024-04-13,1353.1119374209813
Mark King,England,2022-07-13,1500.0
Mark King,England,2022-07-13,1488.9699953376762
Mark King,England,2022-07-13,1500.8854956102105
Mark King,England,2022-07-13,1439.3011868047147
Mark King,England,2022-07-16,1392.7582537658027
Mark King,England,2022-08-10,1338.7140381907009
Mark King,England,2022-08-27,1389.8867354272554
Mark King,England,2022-10-14,1414.5795037050239
Mark King,England,2022-10-19,1422.0132414439547
Mark King,England,2022-10-27,1458.666908530363
Mark King,England,2022-11-07,1483.4333823659338
Mark King,England,2022-11-08,1530.6457934636721
Mark King,England,2022-11-10,1445.8131717895037
Mark King,England,2022-11-22,1379.28405233588
Mark King,England,2022-11-29,1383.5513648629455
Mark King,England,2022-12-13,1355.6653991129622
Mark King,England,2023-01-26,1343.2784597527325
Mark King,England,2023-02-13,1285.8563972555187
Michal Szubarczyk,Poland,2025-04-08,1500.0
Michal Szubarczyk,Poland,2025-04-08,1460.6272495057754
Michal Szubarczyk,Poland,2025-06-23,1457.6453487924343
Michal Szubarczyk,Poland,2025-06-26,1473.3889434716234
Michal Szubarczyk,Poland,2025-07-17,1535.072799248107
Michal Szubarczyk,Poland,2025-07-17,1521.5636426195404
Michal Szubarczyk,Poland,2025-07-17,1498.3702258234239
Michal Szubarczyk,Poland,2025-08-08,1511.4961688988005
Michal Szubarczyk,Poland,2025-08-09,1558.5855193410737
Michal Szubarczyk,Poland,2025-08-10,1559.1087841581418
Michal Szubarczyk,Poland,2025-09-01,1678.295480106636
Michal Szubarczyk,Poland,2025-09-05,1590.434343866132
Michal Szubarczyk,Poland,2025-09-11,1489.8060940080509
Michal Szubarczyk,Poland,2025-10-01,1603.4439010671158
Michal Szubarczyk,Poland,2025-10-07,1572.15670799652
Michal Szubarczyk,Poland,2025-10-14,1543.4370152742763
Michal Szubarczyk,Poland,2025-11-02,1525.7092764692468
Michal Szubarczyk,Poland,2025-11-22,1583.5989185119863
Michal Szubarczyk,Poland,2025-11-24,1676.909264028778
Michal Szubarczyk,Poland,2025-11-25,1759.9834204378299
Michal Szubarczyk,Poland,2025-12-11,1774.381339167463
Michal Szubarczyk,Poland,2025-12-12,1768.385979659895
Michal Szubarczyk,Poland,2026-01-05,1757.1564795804827
Michal Szubarczyk,Poland,2026-01-06,1759.0025655714705
Michal Szubarczyk,Poland,2026-01-09,1733.3486800186383
Michal Szubarczyk,Poland,2026-01-10,1832.7077903438712
Michal Szubarczyk,Poland,2026-02-10,1816.8050807890068
Michal Szubarczyk,Poland,2026-02-23,1858.1315193993007
Rory McLeod,Jamaica,2022-07-11,1500.0
Rory McLeod,Jamaica,2022-07-11,1469.4108383307675
Rory McLeod,Jamaica,2022-07-11,1407.4292202985262
Rory McLeod,Jamaica,2022-07-11,1401.6294659713426
Rory McLeod,Jamaica,2022-07-17,1422.4927651862793
Rory McLeod,Jamaica,2022-08-16,1437.5445461592399
Rory McLeod,Jamaica,2022-08-18,1363.4761431853412
Rory McLeod,Jamaica,2023-01-25,1371.2888077612672
Rory McLeod,Jamaica,2023-01-27,1359.6935092876636
Rory McLeod,Jamaica,2023-03-17,1372.5693054979552
Rory McLeod,Jamaica,2023-04-04,1447.256558558597
Rory McLeod,Jamaica,2023-07-03,1382.520995604068
Rory McLeod,Jamaica,2023-07-03,1398.6273702179556
Rory McLeod,Jamaica,2023-07-03,1387.2880354339156
Rory McLeod,Jamaica,2023-08-16,1325.081754991407
Rory McLeod,Jamaica,2023-10-22,1319.4018229465735
Rory McLeod,Jamaica,2023-10-24,1357.9163646651416
Rory McLeod,Jamaica,2023-10-25,1411.9422455702497
Rory McLeod,Jamaica,2023-10-26,1382.9418628136275
Rory McLeod,Jamaica,2023-12-07,1371.8327378779627
Rory McLeod,Jamaica,2024-01-24,1331.2616150304525
Rory McLeod,Jamaica,2024-06-11,1313.1573286725843
Rory McLeod,Jamaica,2024-06-11,1320.865599686906
Rory McLeod,Jamaica,2024-06-11,1365.1067536047083
Ben Hancorn,England,2022-06-28,1500.0
Ben Hancorn,England,2022-06-28,1512.992528222204
Ben Hancorn,England,2022-06-28,1500.0139184331115
Ben Hancorn,England,2022-06-28,1514.5982299791817
Mitchell Mann,England,2022-07-12,1500.0
Mitchell Mann,England,2022-07-12,1512.992528222204
Mitchell Mann,England,2022-07-12,1499.1227435360372
Mitchell Mann,England,2022-07-12,1488.9249186206418
Mitchell Mann,England,2022-07-23,1503.687087587719
Mitchell Mann,England,2022-08-13,1528.4364189179387
Mitchell Mann,England,2022-08-17,1444.3052474635713
Mitchell Mann,England,2022-08-23,1384.0427815940923
Mitchell Mann,England,2022-09-27,1366.6468182731132
Mitchell Mann,England,2022-10-12,1378.3392963101542
Mitchell Mann,England,2022-11-06,1221.0341182873128
Mitchell Mann,England,2022-11-25,1236.1620569478666
Mitchell Mann,England,2022-11-29,1206.938018264858
Mitchell Mann,England,2022-12-12,1205.481031405382
Mitchell Mann,England,2023-01-13,1256.8919238148087
Mitchell Mann,England,2023-01-26,1245.2204872592827
Mitchell Mann,England,2023-02-15,1253.5483604405918
Mitchell Mann,England,2023-03-16,1172.9605293078812
Mitchell Mann,England,2023-04-07,1180.7516470607002
Mitchell Mann,England,2024-06-25,1252.5513455788966
Mitchell Mann,England,2024-06-25,1284.3704070472086
Mitchell Mann,England,2024-06-25,1332.9704112240759
Mitchell Mann,England,2024-07-27,1374.6521357554154
Mitchell Mann,England,2024-07-31,1369.4780164581568
Mitchell Mann,England,2024-08-30,1365.5329583288863
Mitchell Mann,England,2024-09-13,1418.1090286497895
Mitchell Mann,England,2024-09-16,1424.9070101574873
Mitchell Mann,England,2024-09-28,1425.6917764273974
Mitchell Mann,England,2024-10-06,1360.6650329416684
Mitchell Mann,England,2024-10-28,1371.03972547262
Mitchell Mann,England,2024-11-03,1365.9009707431499
Mitchell Mann,England,2024-11-16,1478.1480280560345
Mitchell Mann,England,2024-11-18,1481.8596766256628
Mitchell Mann,England,2024-12-04,1470.3089022665968
Mitchell Mann,England,2024-12-16,1444.5958651375513
Mitchell Mann,England,2024-12-20,1507.9612147028088
Mitchell Mann,England,2025-02-04,1525.005324724741
Mitchell Mann,England,2025-02-05,1540.032950404775
Mitchell Mann,England,2025-04-07,1713.4679744235932
Mitchell Mann,England,2025-04-10,1879.6637734566275
Mitchell Mann,England,2025-04-12,2005.4817913390189
Mitchell Mann,England,2025-06-23,2013.6583901899044
Mitchell Mann,England,2025-06-25,2042.1539160504092
Mitchell Mann,England,2025-07-16,2007.08993959239
Mitchell Mann,England,2025-07-16,1966.3786243124266
Mitchell Mann,England,2025-07-16,1904.8676812053395
Mitchell Mann,England,2025-08-08,1844.103587445211
Mitchell Mann,England,2025-09-01,1996.9881593465532
Mitchell Mann,England,2025-09-05,1966.9006381048544
Mitchell Mann,England,2025-09-07,1898.0733440350002
Mitchell Mann,England,2025-09-12,1934.0118716222096
Mitchell Mann,England,2025-09-14,1890.5488477340737
Mitchell Mann,England,2025-09-24,1938.7999441801787
Mitchell Mann,England,2025-09-24,1975.289886920494
Mitchell Mann,England,2025-09-25,2086.404493254401
Mitchell Mann,England,2025-09-26,2090.118947771679
Mitchell Mann,England,2025-10-01,2234.1744804536866
Mitchell Mann,England,2025-10-14,2126.4925850208842
Mitchell Mann,England,2025-11-03,2041.0407018859858
Mitchell Mann,England,2025-11-23,2013.6048175328676
Mitchell Mann,England,2025-11-24,2144.0781378671554
Mitchell Mann,England,2025-11-26,2158.0261331807997
Mitchell Mann,England,2025-12-10,2169.5182707169947
Mitchell Mann,England,2025-12-12,2170.200076946712
Mitchell Mann,England,2025-12-13,2143.8831522440846
Mitchell Mann,England,2026-01-06,2032.6006984596406
Mitchell Mann,England,2026-01-09,2026.4623579338727
Mitchell Mann,England,2026-01-10,2074.6910124924943
Mitchell Mann,England,2026-02-24,2138.8256532927294
Krzysztof Czapnik,Poland,2025-11-22,1500.0
Krzysztof Czapnik,Poland,2025-11-22,1461.807023674003
Victor Sarkis,Brazil,2022-10-13,1500.0
Victor Sarkis,Brazil,2022-10-13,1450.0022741056184
Victor Sarkis,Brazil,2022-10-29,1418.3391244494603
Victor Sarkis,Brazil,2022-11-05,1248.0971795975588
Victor Sarkis,Brazil,2022-11-23,1166.8958061650383
Victor Sarkis,Brazil,2023-01-25,1182.0333362984418
Victor Sarkis,Brazil,2023-01-27,1172.07456838344
Victor Sarkis,Brazil,2023-02-13,1150.1847571870483
Victor Sarkis,Brazil,2023-03-16,1136.843983513986
Victor Sarkis,Brazil,2023-04-05,1074.9847562628443
Victor Sarkis,Brazil,2023-06-29,1111.2324943617004
Victor Sarkis,Brazil,2023-06-29,1117.338130661901
Victor Sarkis,Brazil,2023-06-29,1080.8967750142594
Victor Sarkis,Brazil,2023-07-28,1058.9504109981563
Victor Sarkis,Brazil,2023-08-18,1029.4860604294242
Victor Sarkis,Brazil,2023-09-04,979.0500739053124
Victor Sarkis,Brazil,2023-09-07,943.5063576129221
Victor Sarkis,Brazil,2023-09-20,1018.6068310551921
Victor Sarkis,Brazil,2023-10-18,1017.3676336553202
Victor Sarkis,Brazil,2023-11-01,992.9036002376255
Victor Sarkis,Brazil,2023-11-18,908.2496163803111
Victor Sarkis,Brazil,2023-12-07,925.4733743637026
Victor Sarkis,Brazil,2023-12-08,920.729500780841
Victor Sarkis,Brazil,2023-12-21,963.1714195586547
Victor Sarkis,Brazil,2024-01-22,941.6546604993922
Victor Sarkis,Brazil,2024-01-27,917.5863798918119
Victor Sarkis,Brazil,2024-04-09,835.9576104379961
Ma Hailong,China,2023-04-03,1500.0
Ma Hailong,China,2023-04-03,1294.0133757863748
Ma Hailong,China,2023-07-14,1326.824420338621
Ma Hailong,China,2023-07-14,1329.925839402477
Ma Hailong,China,2023-07-14,1368.1199778579778
Ma Hailong,China,2023-07-28,1312.7064164807582
Ma Hailong,China,2023-08-14,1332.3192527853873
Ma Hailong,China,2023-09-03,1238.8933043568568
Ma Hailong,China,2023-09-21,1282.4147351347801
Ma Hailong,China,2023-09-26,1262.3751627054448
Ma Hailong,China,2023-09-27,1295.3411203136259
Ma Hailong,China,2023-09-28,1297.8654527302829
Ma Hailong,China,2023-10-02,1346.721147293039
Ma Hailong,China,2023-10-22,1400.337863016525
Ma Hailong,China,2023-10-23,1373.3060794019636
Ma Hailong,China,2023-10-31,1395.5327464078218
Ma Hailong,China,2023-11-18,1418.6882086166036
Ma Hailong,China,2023-11-19,1310.1825569526889
Ma Hailong,China,2023-12-07,1301.1136888077936
Ma Hailong,China,2023-12-21,1235.6922223164966
Ma Hailong,China,2024-01-23,1270.6446548586775
Ma Hailong,China,2024-01-27,1374.2307691224316
Ma Hailong,China,2024-02-13,1359.7570670224416
Ma Hailong,China,2024-04-09,1306.4436142750026
Ma Hailong,China,2024-04-12,1544.584775531378
Ma Hailong,China,2024-04-15,1550.6370821656433
Ma Hailong,China,2024-06-24,1609.2417318845896
Ma Hailong,China,2024-06-24,1616.667628657262
Ma Hailong,China,2024-06-24,1642.62024358339
Ma Hailong,China,2024-07-01,1646.6584871838631
Ma Hailong,China,2024-07-01,1631.6278806628334
Ma Hailong,China,2024-07-01,1696.5320324161305
Ma Hailong,China,2024-07-25,1777.2563469919219
Ma Hailong,China,2024-07-28,1704.3382133327846
Ma Hailong,China,2024-07-31,1700.9876763129216
Ma Hailong,China,2024-08-19,1690.1661661261528
Ma Hailong,China,2024-08-31,1650.6809686258405
Ma Hailong,China,2024-09-12,1658.0560860702847
Ma Hailong,China,2024-09-24,1652.528125495268
Ma Hailong,China,2024-09-28,1695.0491735783216
Ma Hailong,China,2024-09-29,1700.8483287423594
Ma Hailong,China,2024-10-02,1754.341030169228
Ma Hailong,China,2024-10-22,1875.383126972641
Ma Hailong,China,2024-10-23,1993.7474261643595
Ma Hailong,China,2024-10-24,2015.0909720502882
Ma Hailong,China,2024-10-29,2033.8719205763337
Ma Hailong,China,2024-10-30,2073.488274275781
Ma Hailong,China,2024-11-17,2027.0081187748553
Ma Hailong,China,2024-11-19,1951.363737259381
Ma Hailong,China,2024-12-04,1955.45617276394
Ma Hailong,China,2024-12-06,1952.4621809453427
Ma Hailong,China,2024-12-07,1929.296484996868
Ma Hailong,China,2024-12-10,1944.078015892879
Ma Hailong,China,2024-12-18,1881.3241790190189
Ma Hailong,China,2024-12-21,1839.607932747984
Ma Hailong,China,2025-02-05,1861.09845118248
Ma Hailong,China,2025-02-06,1851.681775539969
Ma Hailong,China,2025-02-11,1987.1191639412964
Ma Hailong,China,2025-02-12,1967.267359031342
Ma Hailong,China,2025-04-12,1742.5878932918556
Zheng Dian,China,2024-11-03,1500.0
Zheng Dian,China,2024-11-03,1547.5325784740273
David Grace,England,2022-06-28,1500.0
David Grace,England,2022-06-28,1531.8481320475955
David Grace,England,2022-06-28,1521.1340798935287
David Grace,England,2022-06-28,1507.5515443184001
David Grace,England,2022-07-17,1505.7761247737703
David Grace,England,2022-08-10,1508.0921860631474
David Grace,England,2022-08-16,1544.648011435744
David Grace,England,2022-08-18,1600.6958079443264
David Grace,England,2022-08-19,1574.1788117758244
David Grace,England,2022-08-28,1558.8453199587718
David Grace,England,2022-09-28,1524.7782264595469
David Grace,England,2022-10-12,1518.097204441913
David Grace,England,2022-10-19,1568.7516872067138
David Grace,England,2022-10-20,1572.5267047438622
David Grace,England,2022-10-28,1569.5855276412306
David Grace,England,2022-11-07,1485.163578159982
David Grace,England,2022-11-22,1553.7842785659427
David Grace,England,2022-11-23,1543.5547811051572
David Grace,England,2023-01-26,1553.8130587014116
David Grace,England,2023-01-27,1557.526572975995
David Grace,England,2023-01-28,1565.351577894086
David Grace,England,2023-01-28,1547.90559184865
David Grace,England,2023-02-13,1524.486931793895
David Grace,England,2023-03-17,1523.2419313623138
David Grace,England,2023-03-20,1539.5232080886221
David Grace,England,2023-03-21,1522.506398999678
David Grace,England,2023-04-07,1527.7613726009058
David Grace,England,2023-04-10,1559.1106092475236
David Grace,England,2023-04-12,1772.4493771623888
David Grace,England,2023-04-18,1766.8375014148094
David Grace,England,2023-06-26,1692.2276789847892
David Grace,England,2023-06-26,1672.141784850584
David Grace,England,2023-06-26,1650.8344783063314
David Grace,England,2023-07-28,1594.5899488742295
David Grace,England,2023-08-15,1589.529645809482
David Grace,England,2023-09-02,1509.8890050721864
David Grace,England,2023-09-08,1577.0021239588668
David Grace,England,2023-09-19,1530.7550164872473
David Grace,England,2023-09-27,1540.9270471376426
David Grace,England,2023-10-03,1549.9384911037353
David Grace,England,2023-10-19,1435.2479160218318
David Grace,England,2023-11-05,1438.6388518951833
David Grace,England,2023-11-19,1445.5641364845974
David Grace,England,2023-11-20,1369.608809526046
David Grace,England,2023-12-07,1350.8636769324796
David Grace,England,2023-12-11,1344.1310441813273
David Grace,England,2023-12-18,1396.5402548079362
David Grace,England,2024-01-22,1408.3228872530794
David Grace,England,2024-03-18,1533.1742830237663
David Grace,England,2024-04-11,1511.749391149326
David Grace,England,2024-04-13,1509.232215948021
David Grace,England,2024-06-11,1504.6396398949119
David Grace,England,2024-06-11,1510.5272267790294
David Grace,England,2024-06-11,1477.3336757565226
David Grace,England,2024-07-25,1342.3948691984638
David Grace,England,2024-07-29,1352.7679088953219
David Grace,England,2024-07-31,1464.5352580022143
David Grace,England,2024-08-31,1468.9136513800263
David Grace,England,2024-09-14,1573.201395747068
David Grace,England,2024-09-16,1613.778122863026
David Grace,England,2024-09-25,1589.902542777379
David Grace,England,2024-09-26,1616.217530992199
David Grace,England,2024-09-29,1638.329390949047
David Grace,England,2024-10-22,1701.3985164384835
David Grace,England,2024-10-30,1723.6173454778743
David Grace,England,2024-11-03,1753.6381084410632
David Grace,England,2024-11-04,1795.9012708449095
David Grace,England,2024-11-17,1750.3350764648892
David Grace,England,2024-12-04,1745.9227326178236
David Grace,England,2024-12-10,1737.056336235813
David Grace,England,2024-12-18,1723.301044181964
David Grace,England,2024-12-19,1781.2812795240766
David Grace,England,2024-12-20,1715.718457417298
David Grace,England,2025-01-27,1757.9789871048213
David Grace,England,2025-02-06,1675.179019583783
David Grace,England,2025-04-10,1813.67554718872
David Grace,England,2025-06-22,1897.7757096511825
David Grace,England,2025-07-14,1928.5191727450992
David Grace,England,2025-07-14,1885.5422218021822
David Grace,England,2025-07-14,1904.424053187946
David Grace,England,2025-08-08,1916.6419075479976
David Grace,England,2025-08-09,1902.258164072535
David Grace,England,2025-08-24,2023.7980778390383
David Grace,England,2025-08-26,2111.7451161538165
David Grace,England,2025-09-01,2122.503274438205
David Grace,England,2025-09-04,2091.2611966444356
David Grace,England,2025-09-06,2101.1807756228436
David Grace,England,2025-09-11,2093.3955275845533
David Grace,England,2025-09-13,2069.168681347963
David Grace,England,2025-09-22,2085.787694910068
David Grace,England,2025-10-08,2117.296508034458
David Grace,England,2025-10-16,2085.572581152871
David Grace,England,2025-10-22,2116.1419231271307
David Grace,England,2025-11-02,2092.8925563599614
David Grace,England,2025-11-22,1925.2488602337808
David Grace,England,2025-12-11,1943.66466442314
David Grace,England,2025-12-12,1917.9552978966512
David Grace,England,2025-12-16,1961.5222806968488
David Grace,England,2026-01-09,1941.1805753844058
David Grace,England,2026-01-10,1991.8228211160651
David Grace,England,2026-02-11,2135.300473703445
David Grace,England,2026-02-23,2225.1187851678787
David Grace,England,2026-02-25,2269.5561237225015
David Grace,England,2026-02-26,2263.3799762591557
Robbie Mcguigan,Northern Ireland,2022-07-14,1500.0
Robbie Mcguigan,Northern Ireland,2022-07-14,1512.992528222204
Robbie Mcguigan,Northern Ireland,2022-07-14,1499.2693380670037
Robbie Mcguigan,Northern Ireland,2022-07-14,1441.5651272920127
Robbie Mcguigan,Northern Ireland,2022-10-16,1451.5622340164314
Robbie Mcguigan,Northern Ireland,2022-10-17,1416.7961833077281
Robbie Mcguigan,Northern Ireland,2022-11-05,1328.9250401699971
Robbie Mcguigan,Northern Ireland,2023-01-25,1336.3730822229759
Robbie Mcguigan,Northern Ireland,2023-01-27,1323.52532370734
Robbie Mcguigan,Northern Ireland,2023-03-18,1302.531874648231
Robbie Mcguigan,Northern Ireland,2023-10-22,1333.0165399705274
Robbie Mcguigan,Northern Ireland,2023-10-24,1361.902837205249
Robbie Mcguigan,Northern Ireland,2023-11-18,1387.9154055116742
Robbie Mcguigan,Northern Ireland,2023-11-19,1324.9258328878293
Robbie Mcguigan,Northern Ireland,2024-06-17,1296.78917833867
Robbie Mcguigan,Northern Ireland,2024-06-17,1331.9272269455105
Robbie Mcguigan,Northern Ireland,2024-07-02,1320.4876415815409
Robbie Mcguigan,Northern Ireland,2024-07-02,1356.5476834865362
Robbie Mcguigan,Northern Ireland,2024-07-02,1405.8308813049287
Robbie Mcguigan,Northern Ireland,2024-07-26,1516.0147879218666
Robbie Mcguigan,Northern Ireland,2024-07-31,1490.3981067899547
Robbie Mcguigan,Northern Ireland,2024-08-30,1495.197197619347
Robbie Mcguigan,Northern Ireland,2024-08-31,1548.0868746152116
Robbie Mcguigan,Northern Ireland,2024-09-01,1558.0058522715426
Robbie Mcguigan,Northern Ireland,2024-09-13,1494.5408618502042
Robbie Mcguigan,Northern Ireland,2024-09-28,1489.036162058651
Robbie Mcguigan,Northern Ireland,2024-10-01,1444.7669161748875
Robbie Mcguigan,Northern Ireland,2024-10-06,1509.0909683997725
Robbie Mcguigan,Northern Ireland,2024-10-28,1443.3824927514247
Robbie Mcguigan,Northern Ireland,2024-11-17,1440.921122116506
Robbie Mcguigan,Northern Ireland,2024-11-18,1426.898167643744
Robbie Mcguigan,Northern Ireland,2024-12-05,1409.3201361533559
Robbie Mcguigan,Northern Ireland,2024-12-18,1357.7677553110395
Robbie Mcguigan,Northern Ireland,2024-12-20,1346.8098584678942
Robbie Mcguigan,Northern Ireland,2025-02-04,1338.0646597032278
Robbie Mcguigan,Northern Ireland,2025-04-08,1360.3639644193781
Robbie Mcguigan,Northern Ireland,2025-04-10,1523.4151923359461
Robbie Mcguigan,Northern Ireland,2025-06-22,1498.2730747499825
Robbie Mcguigan,Northern Ireland,2025-06-27,1581.0941156273766
Robbie Mcguigan,Northern Ireland,2025-07-01,1556.7640132970505
Robbie Mcguigan,Northern Ireland,2025-07-01,1580.9394531188273
Robbie Mcguigan,Northern Ireland,2025-07-01,1699.6485397593933
Robbie Mcguigan,Northern Ireland,2025-08-08,1687.831138903999
Robbie Mcguigan,Northern Ireland,2025-09-03,1634.707501501061
Robbie Mcguigan,Northern Ireland,2025-09-05,1616.2616273553117
Robbie Mcguigan,Northern Ireland,2025-09-12,1539.5510508185332
Robbie Mcguigan,Northern Ireland,2025-09-23,1589.6431628596574
Robbie Mcguigan,Northern Ireland,2025-09-25,1519.931990714441
Robbie Mcguigan,Northern Ireland,2025-10-02,1514.478299950698
Robbie Mcguigan,Northern Ireland,2025-10-16,1519.531991014142
Robbie Mcguigan,Northern Ireland,2025-10-17,1575.1252300130209
Robbie Mcguigan,Northern Ireland,2025-11-23,1571.2708063249947
Robbie Mcguigan,Northern Ireland,2025-11-24,1571.238723483475
Robbie Mcguigan,Northern Ireland,2025-12-10,1592.3184126629246
Robbie Mcguigan,Northern Ireland,2025-12-12,1613.345976308095
Robbie Mcguigan,Northern Ireland,2025-12-13,1607.387057832566
Robbie Mcguigan,Northern Ireland,2025-12-16,1655.366277202831
Robbie Mcguigan,Northern Ireland,2026-01-05,1641.095288312592
Robbie Mcguigan,Northern Ireland,2026-01-06,1665.818529763931
Robbie Mcguigan,Northern Ireland,2026-01-10,1767.8227405764956
Robbie Mcguigan,Northern Ireland,2026-02-11,1825.1545426925386
Robbie Mcguigan,Northern Ireland,2026-02-24,1836.6025585302739
Zack Richardson,England,2024-06-10,1500.0
Zack Richardson,England,2024-06-10,1565.925212863378
Zack Richardson,England,2024-06-10,1496.1181192904176
Zack Richardson,England,2024-06-10,1473.44483580493
Zack Richardson,England,2025-07-15,1471.3354887240446
Zack Richardson,England,2025-07-15,1510.3579614800346
Zack Richardson,England,2025-07-15,1517.875748878105
Zack Richardson,England,2025-12-11,1540.5156174264673
Zack Richardson,England,2025-12-12,1557.112178860193
Zack Richardson,England,2025-12-13,1575.217123084231
Zack Richardson,England,2025-12-13,1583.407147784108
Zack Richardson,England,2025-12-13,1574.7678425517006
Mateusz Baranowski,Poland,2025-04-07,1500.0
Mateusz Baranowski,Poland,2025-04-07,1598.3472044022647
Mateusz Baranowski,Poland,2025-04-10,1549.6606251990622
Mateusz Baranowski,Poland,2025-06-23,1591.230390460491
Mateusz Baranowski,Poland,2025-06-28,1584.6959807080734
Mateusz Baranowski,Poland,2025-07-09,1559.8709507537367
Mateusz Baranowski,Poland,2025-07-09,1555.3307517780088
Mateusz Baranowski,Poland,2025-07-09,1597.4002587465638
Mateusz Baranowski,Poland,2025-08-08,1521.805351594981
Mateusz Baranowski,Poland,2025-09-02,1635.0095725225144
Mateusz Baranowski,Poland,2025-09-05,1686.208341888996
Mateusz Baranowski,Poland,2025-09-07,1661.0376789704942
Mateusz Baranowski,Poland,2025-09-12,1752.5858672489594
Mateusz Baranowski,Poland,2025-09-14,1719.3210151958906
Mateusz Baranowski,Poland,2025-09-30,1724.7291000613545
Mateusz Baranowski,Poland,2025-10-08,1734.8656562177746
Mateusz Baranowski,Poland,2025-10-09,1821.8880473312558
Mateusz Baranowski,Poland,2025-10-14,1848.38313108725
Mateusz Baranowski,Poland,2025-11-22,1829.6209939195642
Mateusz Baranowski,Poland,2025-11-23,1808.0506705774574
Mateusz Baranowski,Poland,2025-12-10,1788.3601770321945
Mateusz Baranowski,Poland,2026-01-06,1771.277200676679
Mateusz Baranowski,Poland,2026-01-09,1813.4497567118956
Mateusz Baranowski,Poland,2026-02-11,1884.4899824166614
Farakh Ajaib,England,2022-07-04,1500.0
Farakh Ajaib,England,2022-07-04,1463.9962641111022
Farakh Ajaib,England,2022-07-04,1410.4585303411743
Farakh Ajaib,England,2022-07-04,1429.079497700395
Farakh Ajaib,England,2022-07-22,1451.7700182213944
Farakh Ajaib,England,2022-08-17,1452.8714928635743
Farakh Ajaib,England,2022-08-18,1449.5440661461048
Farakh Ajaib,England,2022-08-19,1449.1905152142074
Farakh Ajaib,England,2022-11-05,1473.3278485308688
Farakh Ajaib,England,2022-11-06,1363.2300060991984
Farakh Ajaib,England,2023-01-13,1291.6574885514895
Farakh Ajaib,England,2023-01-26,1280.2948832739391
Farakh Ajaib,England,2023-03-18,1306.9752055695187
Farakh Ajaib,England,2023-04-05,1190.5543925451711
Farakh Ajaib,England,2024-06-12,1247.6500975996864
Farakh Ajaib,England,2024-06-12,1190.2361031927503
Farakh Ajaib,England,2024-06-12,1277.349580383296
Farakh Ajaib,England,2024-07-26,1203.0953154434246
Farakh Ajaib,England,2024-07-28,1184.4332413374918
Farakh Ajaib,England,2024-07-31,1178.1159042161164
Farakh Ajaib,England,2024-08-30,1246.2595905528415
Farakh Ajaib,England,2024-08-31,1264.5603957802407
Farakh Ajaib,England,2024-09-12,1264.3613294690053
Farakh Ajaib,England,2024-09-28,1320.3495475162802
Farakh Ajaib,England,2024-09-29,1327.9322281281516
Farakh Ajaib,England,2024-10-02,1388.1243539045984
Farakh Ajaib,England,2024-10-28,1372.1940041487087
Farakh Ajaib,England,2024-10-30,1450.2454949896762
Farakh Ajaib,England,2024-11-16,1365.7077981680584
Farakh Ajaib,England,2024-12-05,1358.4879857278738
Farakh Ajaib,England,2024-12-09,1373.350897725808
Farakh Ajaib,England,2024-12-16,1454.2576792644438
Farakh Ajaib,England,2024-12-17,1481.4209822937173
Farakh Ajaib,England,2024-12-21,1490.4744893379732
Farakh Ajaib,England,2025-02-04,1447.5223475894497
Farakh Ajaib,England,2025-04-08,1419.517994582102
Farakh Ajaib,England,2025-04-10,1476.852110345091
Farakh Ajaib,England,2025-06-26,1446.0906264273992
Farakh Ajaib,England,2025-07-12,1443.8498063120899
Farakh Ajaib,England,2025-07-12,1485.2393665830689
Farakh Ajaib,England,2025-07-12,1490.1068301284988
Farakh Ajaib,England,2025-08-09,1518.416028133121
Farakh Ajaib,England,2025-08-09,1526.649260311256
Farakh Ajaib,England,2025-08-10,1601.1364449891369
Farakh Ajaib,England,2025-08-11,1720.0471315035602
Farakh Ajaib,England,2025-08-12,1711.1778285161415
Farakh Ajaib,England,2025-08-24,1731.7326091850289
Farakh Ajaib,England,2025-09-02,1823.6514000898133
Farakh Ajaib,England,2025-09-04,1797.972000409169
Farakh Ajaib,England,2025-09-06,1730.0484638201704
Farakh Ajaib,England,2025-09-12,1702.880173787095
Farakh Ajaib,England,2025-09-14,1733.8448522655794
Farakh Ajaib,England,2025-10-01,1714.177364473645
Farakh Ajaib,England,2025-10-07,1665.6652042814885
Farakh Ajaib,England,2025-10-16,1660.8113253060678
Farakh Ajaib,England,2025-11-23,1651.4212925203178
Farakh Ajaib,England,2025-12-11,1673.7389623194474
Farakh Ajaib,England,2025-12-12,1670.078784908097
Farakh Ajaib,England,2026-01-05,1708.4333397968658
Farakh Ajaib,England,2026-01-07,1759.5141425221768
Farakh Ajaib,England,2026-01-09,1735.7617899148283
Farakh Ajaib,England,2026-01-10,1817.490160443439
Farakh Ajaib,England,2026-02-10,1826.164922536848
Zak Surety,England,2022-07-16,1500.0
Zak Surety,England,2022-07-16,1485.2810578656133
Zak Surety,England,2022-07-20,1450.3851045973345
Zak Surety,England,2022-07-20,1394.1446443056159
Zak Surety,England,2022-07-20,1338.2135716098924
Zak Surety,England,2022-08-12,1248.762368114582
Zak Surety,England,2022-08-23,1270.0426907291376
Zak Surety,England,2022-10-17,1306.628341606769
Zak Surety,England,2022-10-27,1268.7089989465903
Zak Surety,England,2022-11-05,1336.7008285929548
Zak Surety,England,2022-11-07,1365.1286741666497
Zak Surety,England,2022-11-08,1421.0140269327599
Zak Surety,England,2022-11-10,1354.1691601945163
Zak Surety,England,2022-11-25,1328.9683555353108
Zak Surety,England,2022-11-28,1372.0497419295052
Zak Surety,England,2022-11-30,1356.6389020332922
Zak Surety,England,2023-01-11,1328.3080449328038
Zak Surety,England,2023-01-26,1310.797487209956
Zak Surety,England,2023-03-16,1316.612439926554
Zak Surety,England,2023-04-05,1314.8266941324507
Zak Surety,England,2023-04-08,1306.9696880948777
Zak Surety,England,2023-06-28,1325.2541423996838
Zak Surety,England,2023-06-28,1351.2323360072044
Zak Surety,England,2023-06-28,1323.3001305318112
Zak Surety,England,2023-07-25,1437.24690032629
Zak Surety,England,2023-08-18,1488.4523250534198
Zak Surety,England,2023-08-23,1520.1740411462767
Zak Surety,England,2023-08-24,1461.8981630083213
Zak Surety,England,2023-09-02,1466.2236970337785
Zak Surety,England,2023-09-08,1400.5636749856162
Zak Surety,England,2023-09-23,1417.514415536658
Zak Surety,England,2023-09-27,1378.9451271205678
Zak Surety,England,2023-10-17,1450.9529087402702
Zak Surety,England,2023-10-23,1440.8755030585055
Zak Surety,England,2023-10-31,1468.3509734349109
Zak Surety,England,2023-11-19,1480.9204429942051
Zak Surety,England,2023-11-21,1562.195203210033
Zak Surety,England,2023-11-22,1544.6915270519487
Zak Surety,England,2023-12-06,1545.9657245117023
Zak Surety,England,2023-12-08,1566.9966355925187
Zak Surety,England,2023-12-09,1556.6688879729306
Zak Surety,England,2023-12-12,1491.8296010249574
Zak Surety,England,2023-12-19,1598.6795191066108
Zak Surety,England,2024-01-27,1645.9553680474846
Zak Surety,England,2024-01-30,1721.3797095626276
Zak Surety,England,2024-01-31,1769.0238649093856
Zak Surety,England,2024-02-01,1741.3561774052912
Zak Surety,England,2024-02-14,1749.463602789064
Zak Surety,England,2024-03-18,1845.2613837274075
Zak Surety,England,2024-04-13,1849.9896543373136
Zak Surety,England,2024-04-15,1830.566232226902
Zak Surety,England,2024-06-21,1834.1951410421682
Zak Surety,England,2024-06-21,1770.270645071862
Zak Surety,England,2024-06-21,1744.730457139024
Zak Surety,England,2024-07-26,1749.2950983538115
Zak Surety,England,2024-07-29,1794.7369949151837
Zak Surety,England,2024-08-03,1721.963938860994
Zak Surety,England,2024-08-19,1644.5710661849573
Zak Surety,England,2024-08-30,1657.1458693924292
Zak Surety,England,2024-08-31,1632.0024910975726
Zak Surety,England,2024-09-12,1632.054591982176
Zak Surety,England,2024-09-13,1728.4129814757289
Zak Surety,England,2024-09-16,1813.4335079648783
Zak Surety,England,2024-09-18,1783.1989018811582
Zak Surety,England,2024-09-28,1794.7921560252369
Zak Surety,England,2024-10-01,1784.6286132524622
Zak Surety,England,2024-10-07,1844.527162279204
Zak Surety,England,2024-10-08,1915.654557880847
Zak Surety,England,2024-10-28,1911.6035429972908
Zak Surety,England,2024-10-30,1866.1522487934362
Zak Surety,England,2024-11-16,1826.4043914379758
Zak Surety,England,2024-11-17,1784.6648000762943
Zak Surety,England,2024-12-04,1804.5215972291603
Zak Surety,England,2024-12-06,1783.6395917699845
Zak Surety,England,2024-12-16,1808.826910818354
Zak Surety,England,2024-12-17,1741.0913719683388
Zak Surety,England,2024-12-20,1878.2311314896874
Zak Surety,England,2025-02-04,1841.8803213860406
Zak Surety,England,2025-02-24,1924.1947341803202
Zak Surety,England,2025-02-25,1951.7913461979424
Zak Surety,England,2025-02-26,2072.30022701964
Zak Surety,England,2025-02-27,2246.0909907952755
Zak Surety,England,2025-02-28,2309.471775113067
Zak Surety,England,2025-04-10,2306.1840524998656
Zak Surety,England,2025-04-12,2556.32962970078
Zak Surety,England,2025-04-15,2530.1829326457078
Zak Surety,England,2025-04-22,2661.698149962986
Zak Surety,England,2025-06-23,2645.7647011130507
Zak Surety,England,2025-06-28,2637.939086648202
Zak Surety,England,2025-07-16,2688.66592542504
Zak Surety,England,2025-07-16,2664.834511936865
Zak Surety,England,2025-07-16,2629.227052774065
Zak Surety,England,2025-08-09,2525.3938716595712
Zak Surety,England,2025-08-25,2436.733514696121
Zak Surety,England,2025-09-01,2325.561070778397
Zak Surety,England,2025-09-07,2317.8409837356066
Zak Surety,England,2025-09-13,2285.3819273853337
Zak Surety,England,2025-09-15,2241.377384730607
Zak Surety,England,2025-09-22,2234.681843159425
Zak Surety,England,2025-09-24,2147.5945399033762
Zak Surety,England,2025-10-01,2176.1434071454523
Zak Surety,England,2025-10-17,2206.951775739829
Zak Surety,England,2025-10-20,2193.189914496775
Zak Surety,England,2025-11-03,2415.7083025034995
Zak Surety,England,2025-11-04,2501.6329524989906
Zak Surety,England,2025-11-05,2716.351781072775
Zak Surety,England,2025-11-06,2601.8333466402487
Zak Surety,England,2025-11-23,2577.5615870260135
Zak Surety,England,2025-11-25,2558.3714478371794
Zak Surety,England,2025-11-26,2612.3431683088547
Zak Surety,England,2025-12-11,2605.577351665491
Zak Surety,England,2025-12-12,2585.844713282435
Zak Surety,England,2025-12-16,2675.1812729835506
Zak Surety,England,2025-12-17,2708.1912785375457
Zak Surety,England,2025-12-18,2657.1112116399504
Zak Surety,England,2026-01-06,2644.5498994252157
Zak Surety,England,2026-01-10,2632.1440412889524
Zak Surety,England,2026-01-26,2657.1390321009653
Zak Surety,England,2026-02-11,2691.1983645634946
Mark Selby,England,2022-07-07,1500.0
Mark Selby,England,2022-07-07,1463.9962641111022
Mark Selby,England,2022-07-07,1474.5457161679633
Mark Selby,England,2022-07-07,1509.3568368683882
Mark Selby,England,2022-08-16,1475.6401412348664
Mark Selby,England,2022-09-26,1506.7530145042674
Mark Selby,England,2022-09-27,1549.8616806673888
Mark Selby,England,2022-09-28,1595.697553211538
Mark Selby,England,2022-09-29,1659.3769056796748
Mark Selby,England,2022-09-30,1669.9116668032193
Mark Selby,England,2022-10-06,1593.8567035333735
Mark Selby,England,2022-10-16,1565.9834602263277
Mark Selby,England,2022-10-17,1582.2246396043972
Mark Selby,England,2022-10-19,1568.398292185976
Mark Selby,England,2022-10-20,1605.417128193626
Mark Selby,England,2022-10-21,1572.5926934648542
Mark Selby,England,2022-10-31,1617.5799638567196
Mark Selby,England,2022-10-31,1710.5309016729743
Mark Selby,England,2022-11-04,1660.5527906862417
Mark Selby,England,2022-11-15,1657.9117178851882
Mark Selby,England,2022-11-22,1594.9837626846852
Mark Selby,England,2022-11-28,1599.272569569089
Mark Selby,England,2022-11-29,1636.341434430544
Mark Selby,England,2022-11-30,1674.476520810178
Mark Selby,England,2022-12-01,1775.9032943693642
Mark Selby,England,2022-12-02,1757.3138789522764
Mark Selby,England,2022-12-12,1755.386159442417
Mark Selby,England,2022-12-13,1804.5925215287575
Mark Selby,England,2022-12-14,1813.002999704792
Mark Selby,England,2022-12-16,1813.118420706629
Mark Selby,England,2022-12-16,1891.231131474403
Mark Selby,England,2022-12-17,1996.5125149377543
Mark Selby,England,2022-12-18,2023.6978506341097
Mark Selby,England,2023-01-03,1990.9798345323288
Mark Selby,England,2023-01-03,1975.5107847131212
Mark Selby,England,2023-01-03,1991.2194178941531
Mark Selby,England,2023-01-03,1978.4002864128374
Mark Selby,England,2023-01-04,1998.8732126540117
Mark Selby,England,2023-01-04,1933.3023909508352
Mark Selby,England,2023-01-04,1907.1672868760486
Mark Selby,England,2023-01-05,1833.800514731713
Mark Selby,England,2023-01-05,1875.665567374854
Mark Selby,England,2023-01-05,1909.2914772973265
Mark Selby,England,2023-01-05,1856.6017959586027
Mark Selby,England,2023-01-06,1939.2167089870231
Mark Selby,England,2023-01-06,1876.5862547042752
Mark Selby,England,2023-01-06,1886.3948943114476
Mark Selby,England,2023-01-10,1769.8355346331105
Mark Selby,England,2023-01-17,1697.304888082244
Mark Selby,England,2023-01-26,1675.1042045264649
Mark Selby,England,2023-02-13,1697.0007360117156
Mark Selby,England,2023-02-15,1754.7836684827805
Mark Selby,England,2023-02-15,1755.7790189311368
Mark Selby,England,2023-02-21,1725.236649318202
Mark Selby,England,2023-03-18,1723.4026499320087
Mark Selby,England,2023-03-20,1724.2297697451172
Mark Selby,England,2023-03-21,1807.2482310261248
Mark Selby,England,2023-03-21,1817.3744263113726
Mark Selby,England,2023-03-22,1921.6538496280452
Mark Selby,England,2023-03-22,2030.3205304816179
Mark Selby,England,2023-03-22,2091.9801079590757
Mark Selby,England,2023-03-30,2162.271863672711
Mark Selby,England,2023-04-01,2307.6328938218835
Mark Selby,England,2023-04-20,2377.615513051574
Mark Selby,England,2023-04-24,2373.779490045279
Mark Selby,England,2023-04-26,2545.8645581694213
Mark Selby,England,2023-04-30,2509.8018282762087
Mark Selby,England,2023-05-01,2420.0223124701683
Mark Selby,England,2023-08-22,2405.5678292552757
Mark Selby,England,2023-08-23,2416.100068279269
Mark Selby,England,2023-08-24,2476.700291550634
Mark Selby,England,2023-08-25,2487.3083060800445
Mark Selby,England,2023-08-25,2500.272536438883
Mark Selby,England,2023-08-26,2456.1792679428117
Mark Selby,England,2023-09-01,2466.7092629312824
Mark Selby,England,2023-09-12,2469.3610501241633
Mark Selby,England,2023-09-14,2534.0564603975504
Mark Selby,England,2023-09-15,2460.576872650531
Mark Selby,England,2023-09-21,2463.2128079394934
Mark Selby,England,2023-09-25,2431.732967463427
Mark Selby,England,2023-09-27,2425.208408857611
Mark Selby,England,2023-09-28,2470.6819727564316
Mark Selby,England,2023-09-28,2465.6608489393216
Mark Selby,England,2023-09-29,2514.677205580697
Mark Selby,England,2023-09-30,2517.43010704586
Mark Selby,England,2023-10-01,2443.873720126833
Mark Selby,England,2023-10-03,2462.3077381523267
Mark Selby,England,2023-10-03,2407.654648302969
Mark Selby,England,2023-10-10,2344.100588911883
Mark Selby,England,2023-11-06,2346.7403679744652
Mark Selby,England,2023-11-07,2325.011258532782
Mark Selby,England,2023-11-08,2260.6551273900054
Mark Selby,England,2023-11-13,2285.8489694028926
Mark Selby,England,2023-11-27,2313.741289085199
Mark Selby,England,2023-11-29,2410.4106875432153
Mark Selby,England,2023-12-01,2360.8921671281496
Mark Selby,England,2023-12-11,2354.3387172854827
Mark Selby,England,2023-12-12,2348.8737481000426
Mark Selby,England,2023-12-13,2297.0451219071815
Mark Selby,England,2024-01-04,2246.4832774719184
Mark Selby,England,2024-01-04,2213.103932553366
Mark Selby,England,2024-01-04,2264.0130606351577
Mark Selby,England,2024-01-04,2302.2931656672204
Mark Selby,England,2024-01-05,2363.858712066937
Mark Selby,England,2024-01-05,2400.3745961984428
Mark Selby,England,2024-01-05,2436.8134558734214
Mark Selby,England,2024-01-05,2394.6452671222096
Mark Selby,England,2024-01-10,2422.7090559639073
Mark Selby,England,2024-01-12,2398.0643527334405
Mark Selby,England,2024-01-15,2395.375543784597
Mark Selby,England,2024-01-17,2466.266240199246
Mark Selby,England,2024-01-18,2397.698358068894
Mark Selby,England,2024-01-22,2408.2546840839127
Mark Selby,England,2024-01-29,2276.028539652928
Mark Selby,England,2024-02-05,2309.8939671469598
Mark Selby,England,2024-02-05,2355.4310392985753
Mark Selby,England,2024-02-05,2382.0189666550527
Mark Selby,England,2024-02-06,2353.109697335376
Mark Selby,England,2024-02-06,2357.9428551870583
Mark Selby,England,2024-02-06,2436.782258160544
Mark Selby,England,2024-02-06,2456.1962842203825
Mark Selby,England,2024-02-06,2536.520906809067
Mark Selby,England,2024-02-12,2533.516492474962
Mark Selby,England,2024-02-14,2478.823430388597
Mark Selby,England,2024-02-21,2494.8128199501384
Mark Selby,England,2024-02-22,2645.7793153530256
Mark Selby,England,2024-02-24,2636.001240966846
Mark Selby,England,2024-03-05,2622.9059234982096
Mark Selby,England,2024-03-12,2657.1371005212773
Mark Selby,England,2024-03-12,2689.173114126407
Mark Selby,England,2024-03-12,2653.3341560516983
Mark Selby,England,2024-03-12,2559.037940451771
Mark Selby,England,2024-03-13,2591.969069560484
Mark Selby,England,2024-03-13,2620.4320908024815
Mark Selby,England,2024-03-13,2625.512431637514
Mark Selby,England,2024-03-13,2662.8615131547244
Mark Selby,England,2024-03-20,2673.514373344079
Mark Selby,England,2024-03-21,2611.7595947506675
Mark Selby,England,2024-04-02,2588.621937700609
Mark Selby,England,2024-04-22,2470.616697955411
Mark Selby,England,2024-07-17,2473.659796913021
Mark Selby,England,2024-07-18,2557.123482804653
Mark Selby,England,2024-07-19,2512.1874703365875
Mark Selby,England,2024-07-28,2500.499857087052
Mark Selby,England,2024-08-19,2511.4257173952706
Mark Selby,England,2024-08-20,2547.4069891453323
Mark Selby,England,2024-08-21,2536.4601338547336
Mark Selby,England,2024-08-22,2521.8927791490487
Mark Selby,England,2024-09-03,2511.940287618032
Mark Selby,England,2024-09-16,2505.9455784260945
Mark Selby,England,2024-09-18,2501.1729101261967
Mark Selby,England,2024-09-19,2490.7568467703195
Mark Selby,England,2024-09-20,2478.278804612103
Mark Selby,England,2024-09-23,2510.1181910224595
Mark Selby,England,2024-09-25,2510.4882850563117
Mark Selby,England,2024-09-26,2545.366443544759
Mark Selby,England,2024-09-27,2555.2953069156183
Mark Selby,England,2024-09-28,2610.496609622178
Mark Selby,England,2024-09-29,2711.7564746759604
Mark Selby,England,2024-10-01,2789.7724472019177
Mark Selby,England,2024-10-20,2759.6790529288205
Mark Selby,England,2024-11-03,2787.695608615332
Mark Selby,England,2024-11-05,2766.074007519142
Mark Selby,England,2024-11-06,2673.658825172022
Mark Selby,England,2024-11-14,2729.059013004239
Mark Selby,England,2024-11-14,2761.4692846966273
Mark Selby,England,2024-11-24,2726.98164063334
Mark Selby,England,2024-12-04,2719.5246883411523
Mark Selby,England,2024-12-06,2721.801273413537
Mark Selby,England,2024-12-07,2717.2017428067634
Mark Selby,England,2024-12-07,2711.160627257459
Mark Selby,England,2024-12-07,2730.3442189369575
Mark Selby,England,2024-12-07,2699.200045725558
Mark Selby,England,2024-12-10,2717.8938097701757
Mark Selby,England,2024-12-11,2689.5776414473635
Mark Selby,England,2024-12-19,2674.6222677615506
Mark Selby,England,2024-12-22,2660.566976148244
Mark Selby,England,2025-01-08,2693.076855891049
Mark Selby,England,2025-01-08,2771.5081989745536
Mark Selby,England,2025-01-08,2749.2618939269796
Mark Selby,England,2025-01-08,2802.9640456957195
Mark Selby,England,2025-01-09,2859.8082459975913
Mark Selby,England,2025-01-09,2891.29270579137
Mark Selby,England,2025-01-09,2847.9513188715923
Mark Selby,England,2025-01-10,2858.6446017687094
Mark Selby,England,2025-01-10,2911.003900342585
Mark Selby,England,2025-01-10,2864.7057356605615
Mark Selby,England,2025-01-11,2892.0235353005614
Mark Selby,England,2025-01-11,2943.838468215577
Mark Selby,England,2025-01-11,2849.429642007077
Mark Selby,England,2025-01-11,2853.791646892984
Mark Selby,England,2025-01-11,2922.559166137303
Mark Selby,England,2025-01-13,2951.269084716745
Mark Selby,England,2025-01-16,2889.4999603720257
Mark Selby,England,2025-01-28,2875.3804485709643
Mark Selby,England,2025-01-29,2812.634616780222
Mark Selby,England,2025-02-04,2815.593963627122
Mark Selby,England,2025-02-04,2803.2516981107083
Mark Selby,England,2025-02-04,2813.140295833439
Mark Selby,England,2025-02-05,2864.4252243718265
Mark Selby,England,2025-02-05,2873.7508117788675
Mark Selby,England,2025-02-05,2925.156899879158
Mark Selby,England,2025-02-05,2957.4484060132045
Mark Selby,England,2025-02-05,3006.515611803642
Mark Selby,England,2025-02-10,3025.197806223232
Mark Selby,England,2025-02-12,3044.621726289926
Mark Selby,England,2025-02-13,3038.3279515904333
Mark Selby,England,2025-02-14,3026.8899380340226
Mark Selby,England,2025-02-15,3030.789828063266
Mark Selby,England,2025-02-16,3035.34880857691
Mark Selby,England,2025-02-23,2948.693028615846
Mark Selby,England,2025-03-05,2917.901322254421
Mark Selby,England,2025-03-06,2937.5300494961325
Mark Selby,England,2025-03-07,2975.1311881006486
Mark Selby,England,2025-03-18,3054.700908398713
Mark Selby,England,2025-03-20,3001.3362614242646
Mark Selby,England,2025-04-01,2998.4778899025505
Mark Selby,England,2025-04-03,3076.241614097953
Mark Selby,England,2025-04-05,3132.9967125504213
Mark Selby,England,2025-04-06,3211.8805436545954
Mark Selby,England,2025-04-24,3185.233016744085
Mark Selby,England,2025-06-23,3194.1736502655663
Mark Selby,England,2025-07-29,3251.0161575177885
Mark Selby,England,2025-07-31,3335.0368392970036
Mark Selby,England,2025-08-01,3355.9986534335544
Mark Selby,England,2025-08-12,3339.9416344257997
Mark Selby,England,2025-08-13,3268.82066945357
Mark Selby,England,2025-08-24,3277.76171161893
Mark Selby,England,2025-08-26,3236.738812937422
Mark Selby,England,2025-08-27,3243.619912254923
Mark Selby,England,2025-09-01,3252.5603596630576
Mark Selby,England,2025-09-15,3269.717584883294
Mark Selby,England,2025-09-17,3312.2487656043254
Mark Selby,England,2025-09-18,3307.8010594528955
Mark Selby,England,2025-09-19,3317.032810683431
Mark Selby,England,2025-09-20,3222.034181122147
Mark Selby,England,2025-09-22,3189.198995643326
Mark Selby,England,2025-09-24,3206.3745469710816
Mark Selby,England,2025-09-25,3226.1030622742487
Mark Selby,England,2025-09-25,3268.561158486647
Mark Selby,England,2025-09-26,3272.125115785339
Mark Selby,England,2025-09-27,3135.040667629234
Mark Selby,England,2025-09-30,3135.7690219912015
Mark Selby,England,2025-10-08,3095.925147382301
Mark Selby,England,2025-10-19,3088.1723533194013
Mark Selby,England,2025-10-22,3011.7316429058837
Mark Selby,England,2025-11-02,2987.4857757527693
Mark Selby,England,2025-11-04,2988.8021416393026
Mark Selby,England,2025-11-05,3038.3836299943305
Mark Selby,England,2025-11-06,3132.2811528762422
Mark Selby,England,2025-11-12,3129.6241187661863
Mark Selby,England,2025-11-12,3211.4015207717384
Mark Selby,England,2025-11-15,3268.8641572144898
Mark Selby,England,2025-11-16,3399.7697802153516
Mark Selby,England,2025-12-02,3425.884198751057
Mark Selby,England,2025-12-03,3451.8927166748135
Mark Selby,England,2025-12-05,3457.922593622236
Mark Selby,England,2025-12-06,3554.0116258576536
Mark Selby,England,2025-12-07,3633.0805245641363
Mark Selby,England,2025-12-16,3650.232605400566
Mark Selby,England,2025-12-17,3692.397822076352
Mark Selby,England,2025-12-18,3734.5508387563273
Mark Selby,England,2025-12-19,3695.9223710353754
Mark Selby,England,2026-01-11,3666.0733879120053
Mark Selby,England,2026-01-19,3703.319236245675
Mark Selby,England,2026-01-19,3728.723353359302
Mark Selby,England,2026-01-19,3756.1442116000135
Mark Selby,England,2026-01-20,3715.7405929794327
Mark Selby,England,2026-01-20,3766.3849219745107
Mark Selby,England,2026-01-20,3769.791456361964
Mark Selby,England,2026-01-20,3827.4646543393887
Mark Selby,England,2026-01-20,3835.955638145557
Mark Selby,England,2026-01-27,3894.895750809291
Mark Selby,England,2026-01-28,4015.047828894933
Mark Selby,England,2026-02-03,4073.9879342940603
Mark Selby,England,2026-02-05,4084.3901334542106
Mark Selby,England,2026-02-10,4109.828212858361
Mark Selby,England,2026-02-10,4137.548543063097
Mark Selby,England,2026-02-10,4162.923557587152
Mark Selby,England,2026-02-10,4115.736845219809
Mark Selby,England,2026-02-11,4043.552967756633
Mark Selby,England,2026-02-11,4070.011006071376
Mark Selby,England,2026-02-11,4120.592430757148
Mark Selby,England,2026-02-11,4148.416146618511
Mark Selby,England,2026-02-12,4157.356244226262
Mark Selby,England,2026-02-17,4158.084546784971
Mark Selby,England,2026-02-20,4063.6625114360886
Mark Selby,England,2026-02-23,4057.0274291004885
Sean O'Sullivan,England,2022-07-19,1500.0
Sean O'Sullivan,England,2022-07-19,1463.0985148717873
Sean O'Sullivan,England,2022-07-19,1470.198311734895
Sean O'Sullivan,England,2022-07-19,1410.1021002466427
Sean O'Sullivan,England,2022-08-13,1393.9731051060166
Sean O'Sullivan,England,2022-08-16,1426.251445317116
Sean O'Sullivan,England,2022-08-17,1375.5181237692846
Sean O'Sullivan,England,2022-08-28,1385.2342613114224
Sean O'Sullivan,England,2022-10-10,1411.8894266327507
Sean O'Sullivan,England,2022-10-18,1449.586110097028
Sean O'Sullivan,England,2022-11-06,1334.663504885646
Sean O'Sullivan,England,2022-11-22,1260.1360925261201
Sean O'Sullivan,England,2022-11-29,1216.164872950716
Sean O'Sullivan,England,2022-12-12,1271.4102652378863
Sean O'Sullivan,England,2023-01-25,1253.7949691595863
Sean O'Sullivan,England,2023-02-13,1235.703184880792
Sean O'Sullivan,England,2023-03-17,1341.2635905262562
Sean O'Sullivan,England,2023-04-05,1307.0128550854245
Sean O'Sullivan,England,2023-04-07,1343.2727062447545
Sean O'Sullivan,England,2023-07-13,1295.2413157960077
Sean O'Sullivan,England,2023-07-13,1255.213906844362
Sean O'Sullivan,England,2023-07-13,1229.6431422462392
Sean O'Sullivan,England,2023-07-28,1253.7061766414586
Sean O'Sullivan,England,2023-09-03,1281.4140806023559
Sean O'Sullivan,England,2023-09-18,1328.691081951884
Sean O'Sullivan,England,2023-09-25,1275.5227682823718
Sean O'Sullivan,England,2023-10-02,1262.035001295284
Sean O'Sullivan,England,2023-10-17,1311.9096159006274
Sean O'Sullivan,England,2023-10-23,1357.4720734301525
Sean O'Sullivan,England,2023-10-25,1347.0656712002467
Sean O'Sullivan,England,2023-11-18,1309.4036262939046
Sean O'Sullivan,England,2023-11-20,1281.4828930781075
Sean O'Sullivan,England,2023-12-06,1271.0086771201002
Sean O'Sullivan,England,2023-12-11,1310.829748647761
Sean O'Sullivan,England,2023-12-19,1306.660870662132
Sean O'Sullivan,England,2024-01-23,1371.6949268501476
Sean O'Sullivan,England,2024-01-26,1351.6757353732733
Sean O'Sullivan,England,2024-03-18,1304.6226520774799
Sean O'Sullivan,England,2024-04-09,1289.2520596088996
Sean O'Sullivan,England,2024-12-05,1287.7204719121346
Lu Ning,China,2022-07-01,1500.0
Lu Ning,China,2022-07-01,1513.9415986495453
Lu Ning,China,2022-07-01,1570.447903181506
Lu Ning,China,2022-07-01,1626.4139307858052
Lu Ning,China,2022-07-23,1493.504173820931
Lu Ning,China,2022-07-25,1506.6094256470071
Lu Ning,China,2022-07-25,1581.3410821527982
Lu Ning,China,2022-07-25,1615.4505674485656
Lu Ning,China,2022-07-29,1605.5714901640883
Lu Ning,China,2022-07-29,1642.3062381662116
Lu Ning,China,2022-07-29,1674.0294645130293
Lu Ning,China,2022-07-29,1681.382968525046
Lu Ning,China,2022-08-10,1709.9403559475572
Lu Ning,China,2022-08-25,1744.984505614383
Lu Ning,China,2022-09-27,1755.0850021652877
Lu Ning,China,2022-09-28,1671.4406602381828
Lu Ning,China,2022-10-12,1649.4878436448384
Lu Ning,China,2022-10-18,1579.8827727473847
Lu Ning,China,2022-10-28,1587.414403802164
Lu Ning,China,2022-11-08,1540.4483923315845
Lu Ning,China,2022-11-23,1437.6974537423428
Liam Davies,Wales,2022-11-05,1500.0
Liam Davies,Wales,2022-11-05,1418.5745527030665
Liam Davies,Wales,2023-02-14,1509.468532759173
Liam Davies,Wales,2023-02-14,1413.3805243542058
Liam Davies,Wales,2023-04-05,1376.6223725086975
Liam Davies,Wales,2023-04-08,1217.8796769274452
Liam Davies,Wales,2023-11-18,1227.5553572621234
Liam Davies,Wales,2023-12-06,1246.4552738290813
Liam Davies,Wales,2023-12-08,1258.8815837223901
Liam Davies,Wales,2023-12-09,1273.17809830266
Liam Davies,Wales,2023-12-09,1266.3442561679176
Liam Davies,Wales,2024-02-12,1277.923078373149
Liam Davies,Wales,2024-02-13,1371.001089064437
Liam Davies,Wales,2024-02-13,1301.2329470390978
Liam Davies,Wales,2024-04-08,1271.926124873772
Liam Davies,Wales,2024-04-11,1215.9427988073546
Liam Davies,Wales,2024-06-10,1231.8199309547538
Liam Davies,Wales,2024-06-10,1223.679210621144
Liam Davies,Wales,2024-06-10,1353.5849136473605
Liam Davies,Wales,2024-07-26,1418.493213192334
Liam Davies,Wales,2024-08-30,1479.747380218968
Liam Davies,Wales,2024-08-31,1434.9773841997446
Liam Davies,Wales,2024-09-12,1476.668448197059
Liam Davies,Wales,2024-09-16,1421.8870662146753
Liam Davies,Wales,2024-09-23,1552.350057082934
Liam Davies,Wales,2024-09-25,1525.2771171875452
Liam Davies,Wales,2024-09-26,1520.5110276554146
Liam Davies,Wales,2024-09-28,1532.6544173856419
Liam Davies,Wales,2024-09-29,1497.3312751512833
Liam Davies,Wales,2024-09-30,1414.2691334495314
Liam Davies,Wales,2024-10-06,1430.1017035780264
Liam Davies,Wales,2024-10-28,1457.0670865658083
Liam Davies,Wales,2024-11-16,1485.9880730533373
Liam Davies,Wales,2024-11-17,1445.7557222280752
Liam Davies,Wales,2024-12-05,1464.003318177833
Liam Davies,Wales,2024-12-06,1484.7912859569958
Liam Davies,Wales,2024-12-07,1481.923057605639
Liam Davies,Wales,2024-12-18,1584.5772056180815
Liam Davies,Wales,2024-12-19,1513.967536278121
Liam Davies,Wales,2024-12-20,1559.5633277689487
Liam Davies,Wales,2025-02-04,1630.992713353112
Liam Davies,Wales,2025-02-05,1804.203540459687
Liam Davies,Wales,2025-02-10,1770.0973491733057
Liam Davies,Wales,2025-04-08,1741.7886351135473
Liam Davies,Wales,2025-04-10,1759.32210990028
Liam Davies,Wales,2025-06-22,1839.801564636186
Liam Davies,Wales,2025-06-25,1869.3979120031875
Liam Davies,Wales,2025-07-07,1920.6482256834893
Liam Davies,Wales,2025-07-07,1957.2170457380928
Liam Davies,Wales,2025-07-07,1969.2980362742094
Liam Davies,Wales,2025-07-21,2021.7056131176016
Liam Davies,Wales,2025-07-21,2080.045924652584
Liam Davies,Wales,2025-07-21,2157.8353739024087
Liam Davies,Wales,2025-08-09,2077.5549111245473
Liam Davies,Wales,2025-08-24,2164.395830545735
Liam Davies,Wales,2025-09-01,2132.627289656867
Liam Davies,Wales,2025-09-05,2100.09849905335
Liam Davies,Wales,2025-09-07,2081.3797781067674
Liam Davies,Wales,2025-09-12,2073.792299469437
Liam Davies,Wales,2025-09-14,2047.365312079035
Liam Davies,Wales,2025-09-15,2052.117793297961
Liam Davies,Wales,2025-09-23,2070.8453420529845
Liam Davies,Wales,2025-09-24,2095.7531112259717
Liam Davies,Wales,2025-09-25,2079.5202591865686
Liam Davies,Wales,2025-10-01,2168.040803224448
Liam Davies,Wales,2025-10-14,2135.333447847525
Liam Davies,Wales,2025-10-15,2158.335120774849
Liam Davies,Wales,2025-11-23,2147.796724054996
Liam Davies,Wales,2025-12-11,2140.4071786854197
Liam Davies,Wales,2025-12-12,2117.9782681795414
Liam Davies,Wales,2026-01-06,2102.281586089701
Liam Davies,Wales,2026-01-07,2104.05337055861
Liam Davies,Wales,2026-01-09,2125.6762939579503
Liam Davies,Wales,2026-01-10,2122.837134130984
Liam Davies,Wales,2026-02-12,2197.2439196808996
Ryan Thomerson,Australia,2022-07-16,1500.0
Ryan Thomerson,Australia,2022-07-16,1408.161306647622
Ryan Thomerson,Australia,2022-07-18,1357.7093096531082
Ryan Thomerson,Australia,2022-07-18,1394.3501876668092
Ryan Thomerson,Australia,2022-07-18,1362.426535379032
Ryan Thomerson,Australia,2022-08-09,1335.984945107298
Ryan Thomerson,Australia,2022-08-26,1323.9667544462584
Ryan Thomerson,Australia,2022-10-12,1245.5064368501528
Ryan Thomerson,Australia,2022-11-06,1130.4231181173802
Ryan Thomerson,Australia,2022-11-24,1204.310978533624
Ryan Thomerson,Australia,2022-11-25,1184.9614009283368
Ryan Thomerson,Australia,2022-12-12,1138.5295329138085
Ryan Thomerson,Australia,2023-01-11,1170.9051981903228
Ryan Thomerson,Australia,2023-01-25,1156.1583600954252
Ryan Thomerson,Australia,2023-02-15,1140.394028360617
Ryan Thomerson,Australia,2023-03-17,1142.6001419177674
Ryan Thomerson,Australia,2023-04-05,1134.7779211188208
Ryan Thomerson,Australia,2023-07-04,1125.7735008164443
Ryan Thomerson,Australia,2023-07-04,1139.1260696820527
Ryan Thomerson,Australia,2023-07-04,1147.8370850282452
Ryan Thomerson,Australia,2023-07-28,1132.522366754859
Ryan Thomerson,Australia,2023-08-17,1138.5879308860897
Ryan Thomerson,Australia,2023-09-01,1107.014415038039
Ryan Thomerson,Australia,2023-09-07,1085.6824030979244
Ryan Thomerson,Australia,2023-09-22,1217.4973740099379
Ryan Thomerson,Australia,2023-10-22,1257.6382759500764
Ryan Thomerson,Australia,2023-10-30,1210.4699350205901
Ryan Thomerson,Australia,2023-11-19,1228.3005484682878
Ryan Thomerson,Australia,2023-11-20,1132.5461889127469
Ryan Thomerson,Australia,2023-12-06,1128.1376420692923
Ryan Thomerson,Australia,2023-12-22,1079.7928141741022
Ryan Thomerson,Australia,2024-01-23,1135.4340545446
Ryan Thomerson,Australia,2024-01-27,1181.9948639705003
Ryan Thomerson,Australia,2024-04-08,1035.0826740161324
Ryan Thomerson,Australia,2024-11-17,1106.7394608254274
Ryan Thomerson,Australia,2025-04-09,1240.8949501046254
Alfie Davies,Wales,2023-06-28,1500.0
Alfie Davies,Wales,2023-06-28,1504.2750122527332
Alfie Davies,Wales,2023-06-28,1431.7775401482252
Alfie Davies,Wales,2023-06-28,1473.5145319468495
Alfie Davies,Wales,2023-07-28,1443.7764004287608
Alfie Davies,Wales,2023-10-18,1435.150156887527
Alfie Davies,Wales,2023-12-06,1446.9011528080628
Alfie Davies,Wales,2023-12-08,1433.5376665402769
Alfie Davies,Wales,2023-12-22,1419.8654423612477
Alfie Davies,Wales,2024-01-31,1511.8619064484412
Alfie Davies,Wales,2024-01-31,1498.4713328250266
Alfie Davies,Wales,2024-02-12,1498.830075228888
Alfie Davies,Wales,2024-02-14,1523.8672337270095
Alfie Davies,Wales,2024-06-22,1500.589299344219
Alfie Davies,Wales,2024-06-22,1476.6898191179353
Alfie Davies,Wales,2024-06-22,1480.160982516349
Alfie Davies,Wales,2025-07-10,1497.6365672296124
Alfie Davies,Wales,2025-07-10,1561.16912947008
Alfie Davies,Wales,2025-07-10,1572.4474215386426
Alfie Davies,Wales,2025-09-22,1570.5634964586689
Alfie Davies,Wales,2025-12-11,1567.146930400159
Julien Leclercq,Belgium,2022-07-21,1500.0
Julien Leclercq,Belgium,2022-07-21,1440.0
Julien Leclercq,Belgium,2022-07-21,1460.518555401008
Julien Leclercq,Belgium,2022-07-21,1424.3915845084396
Julien Leclercq,Belgium,2022-07-22,1331.3083621395594
Julien Leclercq,Belgium,2022-08-09,1350.433646845834
Julien Leclercq,Belgium,2022-08-27,1384.5038190040202
Julien Leclercq,Belgium,2022-10-12,1351.461785319615
Julien Leclercq,Belgium,2022-10-18,1298.7181769201345
Julien Leclercq,Belgium,2022-10-25,1367.3629347115996
Julien Leclercq,Belgium,2022-11-05,1345.8205464594898
Julien Leclercq,Belgium,2022-11-25,1417.5603463147993
Julien Leclercq,Belgium,2022-11-26,1335.672882719262
Julien Leclercq,Belgium,2022-12-13,1282.6931890837643
Julien Leclercq,Belgium,2023-01-12,1360.7793492299209
Julien Leclercq,Belgium,2023-01-26,1369.1750670687718
Julien Leclercq,Belgium,2023-01-27,1404.0977099117474
Julien Leclercq,Belgium,2023-01-28,1409.5541156743354
Julien Leclercq,Belgium,2023-01-28,1420.2876945284993
Julien Leclercq,Belgium,2023-01-28,1430.8559204616329
Julien Leclercq,Belgium,2023-01-28,1439.2632004345992
Julien Leclercq,Belgium,2023-01-28,1425.9222289978356
Julien Leclercq,Belgium,2023-02-15,1492.686566355717
Julien Leclercq,Belgium,2023-02-15,1493.0867137911175
Julien Leclercq,Belgium,2023-03-17,1557.1743194690728
Julien Leclercq,Belgium,2023-04-08,1479.211472267199
Julien Leclercq,Belgium,2023-06-30,1463.2157339906882
Julien Leclercq,Belgium,2023-06-30,1556.9308405259171
Julien Leclercq,Belgium,2023-06-30,1611.9376589571912
Julien Leclercq,Belgium,2023-07-26,1619.1491960214826
Julien Leclercq,Belgium,2023-08-19,1644.8396238357816
Julien Leclercq,Belgium,2023-09-04,1621.81388177802
Julien Leclercq,Belgium,2023-09-06,1631.9654675666927
Julien Leclercq,Belgium,2023-09-22,1697.953625914479
Julien Leclercq,Belgium,2023-09-26,1731.940708382967
Julien Leclercq,Belgium,2023-09-27,1670.6088118653604
Julien Leclercq,Belgium,2023-10-03,1700.1633333511768
Julien Leclercq,Belgium,2023-10-18,1699.4947627534957
Julien Leclercq,Belgium,2023-10-24,1677.188256964197
Julien Leclercq,Belgium,2023-11-02,1697.4617153117545
Julien Leclercq,Belgium,2023-11-19,1653.8172431287114
Julien Leclercq,Belgium,2023-11-21,1615.4590794736268
Julien Leclercq,Belgium,2023-12-07,1619.586220119857
Julien Leclercq,Belgium,2023-12-08,1603.473665761323
Julien Leclercq,Belgium,2023-12-13,1588.4007816576884
Julien Leclercq,Belgium,2024-01-24,1540.248883105199
Julien Leclercq,Belgium,2024-01-25,1613.1057004770385
Julien Leclercq,Belgium,2024-01-29,1633.2339310506695
Julien Leclercq,Belgium,2024-01-30,1632.4417450168953
Julien Leclercq,Belgium,2024-01-31,1712.6110377099415
Julien Leclercq,Belgium,2024-02-01,1679.1024398037844
Julien Leclercq,Belgium,2024-02-14,1661.7293714991918
Julien Leclercq,Belgium,2024-04-12,1615.0213497242692
Julien Leclercq,Belgium,2024-04-15,1584.4612122694316
Julien Leclercq,Belgium,2024-06-14,1655.604509128882
Julien Leclercq,Belgium,2024-06-14,1630.7311056605124
Julien Leclercq,Belgium,2024-06-14,1561.9061873394178
Julien Leclercq,Belgium,2024-07-27,1647.1886031143752
Julien Leclercq,Belgium,2024-07-29,1620.0979810495398
Julien Leclercq,Belgium,2024-08-20,1673.6773605948094
Julien Leclercq,Belgium,2024-08-30,1750.047514531035
Julien Leclercq,Belgium,2024-08-31,1797.2110917004743
Julien Leclercq,Belgium,2024-09-13,1725.0522069178014
Julien Leclercq,Belgium,2024-09-23,1710.368113335231
Julien Leclercq,Belgium,2024-09-28,1658.7923010217382
Julien Leclercq,Belgium,2024-09-30,1614.6421843511716
Julien Leclercq,Belgium,2024-10-28,1649.2006523950183
Julien Leclercq,Belgium,2024-10-29,1687.2086096017233
Julien Leclercq,Belgium,2024-11-18,1784.1430878412032
Julien Leclercq,Belgium,2024-11-19,1849.3029394326145
Julien Leclercq,Belgium,2024-11-21,1816.7802086977777
Julien Leclercq,Belgium,2024-12-04,1804.5479613590173
Julien Leclercq,Belgium,2024-12-10,1877.817746222257
Julien Leclercq,Belgium,2024-12-16,1895.5577844430723
Julien Leclercq,Belgium,2024-12-17,1887.9476735848054
Julien Leclercq,Belgium,2024-12-21,2008.4621465828698
Julien Leclercq,Belgium,2025-02-04,1904.677951745844
Julien Leclercq,Belgium,2025-04-08,1857.8818640106408
Julien Leclercq,Belgium,2025-04-11,1879.1558392152656
Julien Leclercq,Belgium,2025-06-24,1897.3228453572524
Julien Leclercq,Belgium,2025-06-28,1938.2232427045678
Julien Leclercq,Belgium,2025-07-16,1959.5647598979774
Julien Leclercq,Belgium,2025-07-16,1946.1232676454115
Julien Leclercq,Belgium,2025-07-16,1984.013648224021
Julien Leclercq,Belgium,2025-08-09,1953.9113711326293
Julien Leclercq,Belgium,2025-08-10,1962.9469758870553
Julien Leclercq,Belgium,2025-09-02,1948.0226726393423
Julien Leclercq,Belgium,2025-09-04,1980.968004557607
Julien Leclercq,Belgium,2025-09-06,2003.3068474184354
Julien Leclercq,Belgium,2025-09-11,2023.1375053994595
Julien Leclercq,Belgium,2025-09-13,1996.8977542123662
Julien Leclercq,Belgium,2025-09-30,1991.4376612565795
Julien Leclercq,Belgium,2025-10-14,2042.6062280169615
Julien Leclercq,Belgium,2025-10-15,1987.655533247506
Julien Leclercq,Belgium,2025-11-24,1969.0664724210392
Julien Leclercq,Belgium,2025-11-25,2151.6348691682465
Julien Leclercq,Belgium,2025-11-27,2312.5863338857116
Julien Leclercq,Belgium,2025-11-30,2343.3866339733386
Julien Leclercq,Belgium,2025-12-10,2361.2970383639304
Julien Leclercq,Belgium,2025-12-12,2359.080417392909
Julien Leclercq,Belgium,2025-12-13,2345.6345692175487
Julien Leclercq,Belgium,2026-01-05,2335.019479071659
Julien Leclercq,Belgium,2026-01-06,2403.297179478618
Julien Leclercq,Belgium,2026-01-08,2439.359462101085
Julien Leclercq,Belgium,2026-01-09,2408.9419416146993
Julien Leclercq,Belgium,2026-01-10,2442.2248609414896
Julien Leclercq,Belgium,2026-01-27,2460.0371413392686
Julien Leclercq,Belgium,2026-02-11,2532.8799845528756
Julien Leclercq,Belgium,2026-02-23,2546.1035794881136
Sydney Wilson,England,2023-07-08,1500.0
Sydney Wilson,England,2023-07-08,1509.7600337689223
Sydney Wilson,England,2023-07-08,1477.7246980811356
Sydney Wilson,England,2023-07-08,1450.5907675888516
Sydney Wilson,England,2023-07-25,1408.338415862224
Sydney Wilson,England,2023-10-19,1407.2817731047671
Sydney Wilson,England,2023-11-18,1352.8589761540666
Sydney Wilson,England,2023-12-06,1341.8468907943013
Sydney Wilson,England,2023-12-11,1334.4590515829073
Sydney Wilson,England,2023-12-22,1326.1252235448392
Sydney Wilson,England,2024-01-27,1295.1180272962545
Sydney Wilson,England,2024-04-09,1256.4843845198066
Oliver Brown,England,2022-07-01,1500.0
Oliver Brown,England,2022-07-01,1440.0
Oliver Brown,England,2022-07-01,1435.5997103424293
Oliver Brown,England,2022-07-01,1404.486799151033
Oliver Brown,England,2022-07-16,1424.8755210329518
Oliver Brown,England,2022-08-16,1407.4342905873052
Oliver Brown,England,2022-08-23,1371.3833722975467
Oliver Brown,England,2022-09-26,1386.7757467721642
Oliver Brown,England,2022-10-13,1342.0764354060157
Oliver Brown,England,2022-10-26,1306.1206472040649
Oliver Brown,England,2022-11-05,1329.8913635577658
Oliver Brown,England,2022-11-07,1279.2456727431759
Oliver Brown,England,2022-11-23,1206.156025306941
Oliver Brown,England,2023-01-12,1211.2131074566475
Oliver Brown,England,2023-01-26,1201.4676426764704
Oliver Brown,England,2023-03-18,1192.8998654324714
Oliver Brown,England,2023-04-04,1127.1701656001806
Oliver Brown,England,2023-07-05,1113.4079994575857
Oliver Brown,England,2023-07-05,1127.8160203849327
Oliver Brown,England,2023-07-05,1179.9769006063634
Oliver Brown,England,2023-07-25,1246.8560724418473
Oliver Brown,England,2023-08-15,1274.8935945094945
Oliver Brown,England,2023-08-22,1252.7370234299985
Oliver Brown,England,2023-09-01,1232.108494448103
Oliver Brown,England,2023-09-08,1264.6139854992214
Oliver Brown,England,2023-09-22,1222.7104777439872
Oliver Brown,England,2023-09-26,1235.9918225097604
Oliver Brown,England,2023-10-04,1212.767123076233
Oliver Brown,England,2023-10-20,1179.7904088074044
Oliver Brown,England,2023-11-18,1059.2607125092022
Oliver Brown,England,2023-12-06,1073.0048288103176
Oliver Brown,England,2023-12-08,1071.7547976551093
Oliver Brown,England,2023-12-11,1064.1703073492222
Oliver Brown,England,2023-12-18,1092.8191356726206
Oliver Brown,England,2024-01-23,1166.648052393471
Oliver Brown,England,2024-01-30,1234.1670245922742
Oliver Brown,England,2024-02-12,1257.3618421384635
Oliver Brown,England,2024-03-19,1296.8874547334055
Oliver Brown,England,2024-04-09,1279.3153302502906
Oliver Brown,England,2024-04-12,1478.1924412545254
Oliver Brown,England,2024-04-15,1591.5336121424682
Oliver Brown,England,2025-06-24,1577.0326631283567
Oliver Brown,England,2025-06-28,1523.296858407284
Oliver Brown,England,2025-07-05,1514.7387875487539
Oliver Brown,England,2025-07-05,1554.182027179239
Oliver Brown,England,2025-07-05,1567.454343673757
Oliver Brown,England,2025-08-09,1564.620492963638
Oliver Brown,England,2025-08-09,1541.8323613564173
Oliver Brown,England,2025-09-02,1476.1605574260086
Oliver Brown,England,2025-09-04,1521.837603066561
Oliver Brown,England,2025-09-11,1539.0760900502103
Oliver Brown,England,2025-10-16,1467.0512664677444
Oliver Brown,England,2025-11-02,1487.9440400464239
Oliver Brown,England,2025-11-22,1408.979390523593
Oliver Brown,England,2025-12-11,1418.7370656252228
Oliver Brown,England,2025-12-12,1431.3035656646355
Oliver Brown,England,2025-12-13,1414.6387694822445
Oliver Brown,England,2026-01-05,1434.983010817862
Oliver Brown,England,2026-01-09,1456.948479145063
Oliver Brown,England,2026-02-10,1497.8291368655807
Stan Moody,England,2023-04-03,1500.0
Stan Moody,England,2023-04-03,1524.3480859431863
Stan Moody,England,2023-04-06,1307.6936645587086
Stan Moody,England,2023-07-06,1300.0794187328343
Stan Moody,England,2023-07-06,1313.7217877975927
Stan Moody,England,2023-07-06,1294.898129078244
Stan Moody,England,2023-07-25,1379.3911776575055
Stan Moody,England,2023-09-03,1340.785184842765
Stan Moody,England,2023-09-19,1354.6116037785919
Stan Moody,England,2023-09-25,1340.4805127026286
Stan Moody,England,2023-10-02,1431.748618421717
Stan Moody,England,2023-10-20,1521.339095942104
Stan Moody,England,2023-10-23,1539.5748251202087
Stan Moody,England,2023-10-25,1585.89209668065
Stan Moody,England,2023-10-26,1616.834125857874
Stan Moody,England,2023-11-02,1576.393145352325
Stan Moody,England,2023-11-18,1557.4099143060125
Stan Moody,England,2023-11-19,1635.5601135967358
Stan Moody,England,2023-12-07,1638.775210389938
Stan Moody,England,2023-12-08,1650.2529180095237
Stan Moody,England,2023-12-09,1633.8986316095331
Stan Moody,England,2023-12-21,1601.0980865910092
Stan Moody,England,2024-01-23,1571.0909211533724
Stan Moody,England,2024-01-26,1580.1904242109695
Stan Moody,England,2024-02-14,1641.4267127868932
Stan Moody,England,2024-02-15,1573.8544528622213
Stan Moody,England,2024-04-10,1433.3417298516442
Stan Moody,England,2024-06-15,1475.808295569181
Stan Moody,England,2024-06-15,1493.0637971371482
Stan Moody,England,2024-06-15,1499.5199771678685
Stan Moody,England,2024-07-26,1592.0850039333939
Stan Moody,England,2024-07-30,1685.754509009123
Stan Moody,England,2024-08-02,1787.2270944143604
Stan Moody,England,2024-08-30,1815.9468279463615
Stan Moody,England,2024-08-31,1819.9037832761692
Stan Moody,England,2024-09-01,1811.4174101370236
Stan Moody,England,2024-09-13,1789.846953600549
Stan Moody,England,2024-09-24,1796.2332004420355
Stan Moody,England,2024-09-25,1851.5380316160883
Stan Moody,England,2024-09-26,1807.6565831113478
Stan Moody,England,2024-09-28,1818.0985350794006
Stan Moody,England,2024-09-29,1877.9126562932931
Stan Moody,England,2024-10-01,1904.9807862407401
Stan Moody,England,2024-10-06,1994.6208165928479
Stan Moody,England,2024-10-08,1997.8229257716166
Stan Moody,England,2024-10-20,2066.3154509583615
Stan Moody,England,2024-10-23,2159.1330932098576
Stan Moody,England,2024-10-24,2175.2696859474227
Stan Moody,England,2024-10-28,2145.9819874504815
Stan Moody,England,2024-10-30,2125.467671637779
Stan Moody,England,2024-11-03,2115.6426156844973
Stan Moody,England,2024-11-18,2077.3748877253265
Stan Moody,England,2024-11-19,2229.040186481183
Stan Moody,England,2024-11-21,2242.613966918267
Stan Moody,England,2024-12-04,2212.991024874212
Stan Moody,England,2024-12-09,2281.654923499696
Stan Moody,England,2024-12-16,2317.5004978392226
Stan Moody,England,2024-12-17,2282.1095565685155
Stan Moody,England,2025-02-04,2306.797732280609
Stan Moody,England,2025-02-06,2326.606478637141
Stan Moody,England,2025-02-10,2383.9301626881415
Stan Moody,England,2025-02-23,2422.3706032333675
Stan Moody,England,2025-02-24,2460.1956971407017
Stan Moody,England,2025-02-25,2459.1447805797648
Stan Moody,England,2025-04-11,2480.835862768034
Stan Moody,England,2025-04-14,2520.5303140599444
Stan Moody,England,2025-06-23,2504.522980048471
Stan Moody,England,2025-06-27,2565.042965304266
Stan Moody,England,2025-07-05,2544.794037402159
Stan Moody,England,2025-07-05,2497.294728769194
Stan Moody,England,2025-07-05,2475.020924113108
Stan Moody,England,2025-08-09,2492.7797195784215
Stan Moody,England,2025-08-10,2546.8609358023327
Stan Moody,England,2025-08-11,2402.396886488864
Stan Moody,England,2025-08-25,2509.5895067126244
Stan Moody,England,2025-08-26,2540.2510201629148
Stan Moody,England,2025-08-27,2676.2007089575854
Stan Moody,England,2025-08-28,2677.7668388469183
Stan Moody,England,2025-09-02,2661.7107982648054
Stan Moody,England,2025-09-06,2653.8663492678684
Stan Moody,England,2025-09-14,2550.0526229900465
Stan Moody,England,2025-09-23,2657.024028395719
Stan Moody,England,2025-09-24,2625.222580553834
Stan Moody,England,2025-09-25,2717.334158676776
Stan Moody,England,2025-09-26,2658.919041160113
Stan Moody,England,2025-09-30,2635.8602042559332
Stan Moody,England,2025-10-08,2745.3897231515384
Stan Moody,England,2025-10-09,2593.814916034216
Stan Moody,England,2025-10-17,2586.1944439075355
Stan Moody,England,2025-10-21,2654.279155831687
Stan Moody,England,2025-11-24,2680.0668434559125
Stan Moody,England,2025-11-25,2605.53406582319
Stan Moody,England,2025-12-10,2599.0185444209774
Stan Moody,England,2025-12-12,2583.0185444209774
Stan Moody,England,2025-12-12,2583.0185444209774
Stan Moody,England,2025-12-13,2576.827603267552
Stan Moody,England,2025-12-13,2552.1156155977983
Stan Moody,England,2025-12-15,2547.208351259623
Stan Moody,England,2026-01-07,2634.4569953875434
Stan Moody,England,2026-01-10,2605.873348516744
Stan Moody,England,2026-02-12,2628.194660815367
Stan Moody,England,2026-02-24,2687.2218404877617
Stan Moody,England,2026-02-25,2726.613375218451
Ashley Carty,England,2023-06-26,1500.0
Ashley Carty,England,2023-06-26,1499.0552553994294
Ashley Carty,England,2023-06-26,1487.6614996302774
Ashley Carty,England,2023-06-26,1514.090611468336
Ashley Carty,England,2023-07-18,1494.0525864032013
Ashley Carty,England,2023-07-18,1489.5875183417195
Ashley Carty,England,2023-07-18,1518.1949307234747
Ashley Carty,England,2023-07-26,1560.5167206845872
Ashley Carty,England,2023-08-17,1632.9900672346214
Ashley Carty,England,2023-08-22,1741.471985004162
Ashley Carty,England,2023-08-24,1824.5674978386808
Ashley Carty,England,2023-08-24,1833.6885843571074
Ashley Carty,England,2023-08-25,1780.2769120944708
Ashley Carty,England,2023-09-01,1824.9114414899154
Ashley Carty,England,2023-09-08,1778.7473328811957
Ashley Carty,England,2023-09-21,1705.5663159307946
Ashley Carty,England,2023-09-27,1742.3581025602414
Ashley Carty,England,2023-09-27,1638.5352257173631
Ashley Carty,England,2023-10-10,1650.0668460028303
Ashley Carty,England,2023-10-11,1636.3249946348776
Ashley Carty,England,2023-10-20,1611.5233376014469
Ashley Carty,England,2023-10-30,1590.492496036272
Ashley Carty,England,2023-11-19,1528.7894484387555
Ashley Carty,England,2023-12-07,1544.4246533552036
Ashley Carty,England,2023-12-08,1529.5241918830861
Ashley Carty,England,2023-12-12,1565.8190547633862
Ashley Carty,England,2023-12-14,1542.247299556417
Ashley Carty,England,2023-12-22,1706.098362443482
Ashley Carty,England,2024-01-23,1702.376952605363
Ashley Carty,England,2024-01-29,1627.8535845411618
Ashley Carty,England,2024-02-12,1673.8313960594223
Ashley Carty,England,2024-04-10,1595.000317883747
Ashley Carty,England,2024-04-13,1466.6942800707006
Ashley Carty,England,2024-06-12,1552.0088807787224
Ashley Carty,England,2024-06-12,1560.226157117015
Ashley Carty,England,2024-06-12,1561.210360590415
Ashley Carty,England,2024-06-28,1571.9007525916845
Ashley Carty,England,2024-06-28,1586.1891190374458
Ashley Carty,England,2024-06-28,1676.056415600766
Ashley Carty,England,2024-07-25,1717.7925872634917
Ashley Carty,England,2024-07-28,1643.0685021258448
Ashley Carty,England,2024-08-01,1651.4998006271837
Ashley Carty,England,2024-08-31,1676.6328151137234
Ashley Carty,England,2024-09-01,1709.3352133520318
Ashley Carty,England,2024-09-02,1679.0413672772875
Ashley Carty,England,2024-09-12,1649.2970767817524
Ashley Carty,England,2024-09-13,1634.3890603340956
Ashley Carty,England,2024-09-24,1710.4364477026143
Ashley Carty,England,2024-09-25,1785.9926072145217
Ashley Carty,England,2024-09-29,1762.4208803477106
Ashley Carty,England,2024-09-30,1663.05604423081
Ashley Carty,England,2024-10-29,1643.4924100263713
Ashley Carty,England,2024-10-30,1581.6083975544943
Ashley Carty,England,2024-11-17,1663.608571131142
Ashley Carty,England,2024-11-19,1727.9744089774267
Ashley Carty,England,2024-12-04,1730.5647708298043
Ashley Carty,England,2024-12-06,1740.2389090012286
Ashley Carty,England,2024-12-07,1718.5084739303663
Ashley Carty,England,2024-12-16,1662.1107605622872
Ashley Carty,England,2024-12-20,1655.7364040052298
Ashley Carty,England,2025-02-05,1597.609584619957
Ashley Carty,England,2025-04-11,1594.8111107987695
Ashley Carty,England,2025-04-14,1598.6485267181306
Ashley Carty,England,2025-06-25,1642.9748188567544
Ashley Carty,England,2025-07-08,1647.8512644556854
Ashley Carty,England,2025-07-08,1661.5374874376828
Ashley Carty,England,2025-07-08,1619.9343649943667
Ashley Carty,England,2025-09-22,1593.1081663464126
Ashley Carty,England,2025-12-10,1581.0802407401625
Jiang Jun,China,2023-06-28,1500.0
Jiang Jun,China,2023-06-28,1458.0444229589932
Jiang Jun,China,2023-06-28,1444.1079922431616
Jiang Jun,China,2023-06-28,1480.6727597860472
Jiang Jun,China,2023-07-26,1532.277739138553
Jiang Jun,China,2023-08-23,1551.7155291379408
Jiang Jun,China,2023-09-02,1436.2389686142153
Jiang Jun,China,2023-09-06,1366.2706126462783
Jiang Jun,China,2023-09-23,1322.484420620677
Jiang Jun,China,2023-09-25,1336.4453674179854
Jiang Jun,China,2023-10-19,1349.0093116627515
Jiang Jun,China,2023-10-24,1383.6184189155038
Jiang Jun,China,2023-11-01,1354.2668173022678
Jiang Jun,China,2023-11-18,1333.7748303731796
Jiang Jun,China,2023-11-19,1420.4239254949557
Jiang Jun,China,2023-11-21,1403.3847802748076
Jiang Jun,China,2023-12-06,1406.6974078919766
Jiang Jun,China,2023-12-08,1392.8582386930175
Jiang Jun,China,2023-12-20,1390.1548530466575
Jiang Jun,China,2024-01-22,1398.7569650598143
Jiang Jun,China,2024-02-12,1472.126032095556
Jiang Jun,China,2024-04-09,1509.100862105584
Jiang Jun,China,2024-04-12,1745.5139916604053
Jiang Jun,China,2024-04-15,1920.4063663008335
Jiang Jun,China,2024-04-17,1954.145817724721
Jiang Jun,China,2024-06-25,1950.9338356612843
Jiang Jun,China,2024-06-25,1905.0691710073145
Jiang Jun,China,2024-06-25,1912.7316027379554
Jiang Jun,China,2024-07-26,1864.0129010691871
Jiang Jun,China,2024-07-28,1878.9509283095936
Jiang Jun,China,2024-08-01,1839.668643792699
Jiang Jun,China,2024-08-31,1842.0454385724295
Jiang Jun,China,2024-09-01,1814.472804421597
Jiang Jun,China,2024-09-12,1808.180835932794
Jiang Jun,China,2024-09-14,1875.9647670184304
Jiang Jun,China,2024-09-17,1960.4223980123752
Jiang Jun,China,2024-09-18,1988.410022269807
Jiang Jun,China,2024-09-28,1982.6239677513975
Jiang Jun,China,2024-09-29,2015.042629162078
Jiang Jun,China,2024-10-01,2104.9049992734363
Jiang Jun,China,2024-10-20,2136.4257034097436
Jiang Jun,China,2024-10-28,2108.855425888663
Jiang Jun,China,2024-10-30,2040.6491040119492
Jiang Jun,China,2024-11-03,2023.1172100071965
Jiang Jun,China,2024-11-05,2183.6929433169894
Jiang Jun,China,2024-11-06,2237.114905805944
Jiang Jun,China,2024-11-18,2144.4041233733265
Jiang Jun,China,2024-12-04,2118.845739368131
Jiang Jun,China,2024-12-16,2154.9611206494396
Jiang Jun,China,2024-12-17,2171.9843507109103
Jiang Jun,China,2025-01-28,2201.995274732667
Jiang Jun,China,2025-02-05,2148.146395632635
Jiang Jun,China,2025-02-23,2134.3171653395348
Jiang Jun,China,2025-04-12,2107.3772597403936
Jiang Jun,China,2025-04-14,2199.4087518386664
Jiang Jun,China,2025-06-22,2322.4683093175076
Jiang Jun,China,2025-07-08,2255.0303594982297
Jiang Jun,China,2025-07-08,2281.5996791817624
Jiang Jun,China,2025-07-08,2349.814829477889
Jiang Jun,China,2025-08-08,2294.577479043599
Jiang Jun,China,2025-09-03,2381.579108865278
Jiang Jun,China,2025-09-05,2283.9946901734693
Jiang Jun,China,2025-09-11,2326.2496549428147
Jiang Jun,China,2025-09-13,2321.9926077252417
Jiang Jun,China,2025-09-23,2339.3845482678794
Jiang Jun,China,2025-09-30,2308.056454398291
Jiang Jun,China,2025-10-07,2294.334802351704
Jiang Jun,China,2025-10-14,2261.578836673653
Jiang Jun,China,2025-10-15,2250.772804509042
Jiang Jun,China,2025-11-02,2390.212256893811
Jiang Jun,China,2025-11-04,2458.907908490779
Jiang Jun,China,2025-11-05,2487.217566344096
Jiang Jun,China,2025-11-23,2512.9457225893507
Jiang Jun,China,2025-11-24,2491.9420408348465
Jiang Jun,China,2025-11-25,2523.627054901867
Jiang Jun,China,2025-12-10,2494.3353852438277
Jiang Jun,China,2025-12-16,2636.945571148524
Jiang Jun,China,2025-12-17,2678.0990830241285
Jiang Jun,China,2025-12-18,2721.005391674538
Jiang Jun,China,2025-12-19,2637.487770759695
Jiang Jun,China,2026-01-06,2621.4470118083614
Jiang Jun,China,2026-01-07,2646.5956204606123
Jiang Jun,China,2026-01-09,2614.412065569339
Jiang Jun,China,2026-01-10,2625.262898871655
Jiang Jun,China,2026-01-27,2599.2473140167344
Jiang Jun,China,2026-02-12,2624.778637994172
Jiang Jun,China,2026-02-23,2741.423530563676
Jiang Jun,China,2026-02-25,2756.9603918598305
Jiang Jun,China,2026-02-26,2727.228944273818
Jiang Jun,China,2026-02-27,2801.8976731769267
Zak Sheldon,Northern Ireland,2025-09-04,1500.0
Zak Sheldon,Northern Ireland,2025-09-04,1449.5795221168714
Akani Songsermsawad,Thailand,2024-07-25,1500.0
Akani Songsermsawad,Thailand,2024-07-25,1580.0073413896841
Akani Songsermsawad,Thailand,2024-07-29,1713.0909772247344
Akani Songsermsawad,Thailand,2024-08-02,1718.7150988502497
Akani Songsermsawad,Thailand,2024-08-19,1849.6028711006766
Akani Songsermsawad,Thailand,2024-08-21,1825.086436636842
Akani Songsermsawad,Thailand,2024-08-30,1823.848832849274
Akani Songsermsawad,Thailand,2024-08-31,1765.4804002717478
Akani Songsermsawad,Thailand,2024-09-25,1749.5367848772976
Akani Songsermsawad,Thailand,2024-09-26,1742.4476549668666
Akani Songsermsawad,Thailand,2024-10-01,1869.2454270219555
Akani Songsermsawad,Thailand,2024-10-07,1795.4355391412814
Akani Songsermsawad,Thailand,2024-11-16,1690.799081500562
Akani Songsermsawad,Thailand,2024-12-18,1682.565496804121
Akani Songsermsawad,Thailand,2024-12-19,1675.6752204483803
Akani Songsermsawad,Thailand,2024-12-22,1837.2578810247437
Akani Songsermsawad,Thailand,2025-02-23,1859.6109910498733
Akani Songsermsawad,Thailand,2025-04-08,1832.204770390426
Akani Songsermsawad,Thailand,2025-04-10,1846.7806052417457
Akani Songsermsawad,Thailand,2025-04-13,2019.9975801635353
Akani Songsermsawad,Thailand,2025-04-15,1988.032204764406
Akani Songsermsawad,Thailand,2025-06-22,2090.8952411635696
Akani Songsermsawad,Thailand,2025-06-26,2061.6850370929615
Akani Songsermsawad,Thailand,2025-08-09,1964.7910156779024
Akani Songsermsawad,Thailand,2025-09-02,2097.5161257887266
Akani Songsermsawad,Thailand,2025-09-04,2068.4238760966928
Akani Songsermsawad,Thailand,2025-09-06,2092.4346018008378
Akani Songsermsawad,Thailand,2025-09-11,2086.259048167015
Akani Songsermsawad,Thailand,2025-09-13,2090.5268517794734
Akani Songsermsawad,Thailand,2025-09-16,2108.041786917709
Akani Songsermsawad,Thailand,2025-09-24,2081.685434430646
Akani Songsermsawad,Thailand,2025-09-30,2124.2960045083005
Akani Songsermsawad,Thailand,2025-10-08,2126.084910953824
Akani Songsermsawad,Thailand,2025-11-23,2065.0474977805843
Akani Songsermsawad,Thailand,2026-01-06,2050.57949197987
Akani Songsermsawad,Thailand,2026-01-07,2097.796405392897
Akani Songsermsawad,Thailand,2026-01-09,2019.9522022347433
Aidan Murphy (II),England,2025-09-11,1500.0
Aidan Murphy (II),England,2025-09-11,1464.3904208360846
Ng On Yee,Hong Kong,2022-07-17,1500.0
Ng On Yee,Hong Kong,2022-07-17,1403.3712641111022
Ng On Yee,Hong Kong,2022-07-18,1353.0649762418332
Ng On Yee,Hong Kong,2022-07-18,1342.409963523098
Ng On Yee,Hong Kong,2022-07-18,1293.0074297822207
Ng On Yee,Hong Kong,2022-08-11,1305.3293682738206
Ng On Yee,Hong Kong,2022-08-23,1248.073584367291
Ng On Yee,Hong Kong,2022-09-27,1224.532080048486
Ng On Yee,Hong Kong,2022-10-07,1143.0662349760669
Ng On Yee,Hong Kong,2022-10-29,1094.2443631795225
Ng On Yee,Hong Kong,2022-11-05,1143.2070385584286
Ng On Yee,Hong Kong,2022-11-06,1067.694136767853
Ng On Yee,Hong Kong,2022-11-21,1047.2929612401617
Ng On Yee,Hong Kong,2022-11-29,1025.5834772102721
Ng On Yee,Hong Kong,2023-01-13,1048.5773300218245
Ng On Yee,Hong Kong,2023-01-25,1040.7556481089496
Ng On Yee,Hong Kong,2023-03-16,1022.1588484285403
Ng On Yee,Hong Kong,2023-04-05,1161.4557906337661
Ng On Yee,Hong Kong,2025-06-24,1229.9673089717912
Ng On Yee,Hong Kong,2025-06-26,1211.0337854390143
Ng On Yee,Hong Kong,2025-07-04,1251.0354449469078
Ng On Yee,Hong Kong,2025-07-04,1268.5435446651438
Ng On Yee,Hong Kong,2025-07-04,1300.9150447872375
Ng On Yee,Hong Kong,2025-07-18,1344.4579126667757
Ng On Yee,Hong Kong,2025-07-18,1387.30426342919
Ng On Yee,Hong Kong,2025-07-18,1385.564005687102
Ng On Yee,Hong Kong,2025-08-09,1347.386955466822
Ng On Yee,Hong Kong,2025-09-05,1378.2457313631458
Ng On Yee,Hong Kong,2025-09-11,1416.070077110043
Ng On Yee,Hong Kong,2025-09-30,1355.5096748256626
Ng On Yee,Hong Kong,2025-10-07,1426.356591687357
Ng On Yee,Hong Kong,2025-10-14,1406.2814578547286
Ng On Yee,Hong Kong,2025-11-22,1461.0034604319162
Ng On Yee,Hong Kong,2025-12-11,1483.6466924852336
Ng On Yee,Hong Kong,2025-12-12,1504.264973106019
Ng On Yee,Hong Kong,2025-12-13,1502.2439337808546
Ng On Yee,Hong Kong,2026-01-06,1467.0769471600643
Ng On Yee,Hong Kong,2026-01-09,1452.2399105948484
Ng On Yee,Hong Kong,2026-02-10,1445.8922832113312
Neil Robertson,Australia,2022-10-07,1500.0
Neil Robertson,Australia,2022-10-07,1564.7007398888602
Neil Robertson,Australia,2022-10-08,1581.627142406072
Neil Robertson,Australia,2022-10-16,1617.8565778500297
Neil Robertson,Australia,2022-10-17,1595.1290127517577
Neil Robertson,Australia,2022-10-19,1670.7368681127582
Neil Robertson,Australia,2022-10-20,1698.1396600104301
Neil Robertson,Australia,2022-10-21,1784.698963349323
Neil Robertson,Australia,2022-10-22,1703.3842575362457
Neil Robertson,Australia,2022-11-01,1681.7013599493519
Neil Robertson,Australia,2022-11-13,1582.100960585503
Neil Robertson,Australia,2022-11-22,1553.2464645107057
Neil Robertson,Australia,2022-11-23,1585.9727369588766
Neil Robertson,Australia,2022-11-28,1629.5267268192113
Neil Robertson,Australia,2022-11-29,1674.756923174701
Neil Robertson,Australia,2022-11-30,1732.2423050752207
Neil Robertson,Australia,2022-12-01,1802.199185356269
Neil Robertson,Australia,2022-12-02,1897.6769680456953
Neil Robertson,Australia,2022-12-03,1878.018049447634
Neil Robertson,Australia,2022-12-12,1921.7459832704383
Neil Robertson,Australia,2022-12-13,1915.664069850468
Neil Robertson,Australia,2022-12-14,1911.0896732870478
Neil Robertson,Australia,2022-12-15,1952.9773373248736
Neil Robertson,Australia,2022-12-16,2062.006396640923
Neil Robertson,Australia,2022-12-17,2058.745442881511
Neil Robertson,Australia,2023-01-10,2049.07198873005
Neil Robertson,Australia,2023-01-16,1975.8300514129687
Neil Robertson,Australia,2023-02-02,2015.3267850477878
Neil Robertson,Australia,2023-02-03,2005.2406858219829
Neil Robertson,Australia,2023-02-07,2054.0425939006627
Neil Robertson,Australia,2023-02-07,2083.050122973174
Neil Robertson,Australia,2023-02-07,2065.7691253719736
Neil Robertson,Australia,2023-02-07,2010.9949636056704
Neil Robertson,Australia,2023-02-08,2005.3739964844592
Neil Robertson,Australia,2023-02-08,1966.2778264432868
Neil Robertson,Australia,2023-02-08,1936.0785149987237
Neil Robertson,Australia,2023-02-09,1954.2749476458139
Neil Robertson,Australia,2023-02-09,1926.521692061043
Neil Robertson,Australia,2023-02-09,1851.391458560752
Neil Robertson,Australia,2023-02-10,1894.7894590874243
Neil Robertson,Australia,2023-02-10,1895.8335989535883
Neil Robertson,Australia,2023-02-10,1882.367148165049
Neil Robertson,Australia,2023-02-11,1918.4668142635317
Neil Robertson,Australia,2023-02-11,1944.4543614155207
Neil Robertson,Australia,2023-02-13,1941.9989532346924
Neil Robertson,Australia,2023-02-14,1816.610960991781
Neil Robertson,Australia,2023-03-01,1851.2037264975002
Neil Robertson,Australia,2023-03-01,1908.623665077681
Neil Robertson,Australia,2023-03-01,1840.1534643821365
Neil Robertson,Australia,2023-03-01,1815.4716944282561
Neil Robertson,Australia,2023-03-02,1776.9186167106318
Neil Robertson,Australia,2023-03-02,1829.346248369954
Neil Robertson,Australia,2023-03-02,1791.1672856810528
Neil Robertson,Australia,2023-03-16,1838.345682894321
Neil Robertson,Australia,2023-03-19,1785.2453567514033
Neil Robertson,Australia,2023-04-16,1949.6166657109327
Neil Robertson,Australia,2023-04-22,1831.7137481230307
Neil Robertson,Australia,2023-08-22,1786.4687049424967
Neil Robertson,Australia,2023-09-01,1797.5022843604308
Neil Robertson,Australia,2023-09-13,1886.084275784146
Neil Robertson,Australia,2023-09-14,1933.4841438565666
Neil Robertson,Australia,2023-09-16,2116.022695684418
Neil Robertson,Australia,2023-09-22,2143.660941759896
Neil Robertson,Australia,2023-09-25,2162.40271957374
Neil Robertson,Australia,2023-09-26,2065.5646970388716
Neil Robertson,Australia,2023-10-02,1988.3505760092337
Neil Robertson,Australia,2023-10-10,1926.3283308779087
Neil Robertson,Australia,2023-10-22,1908.7792003488
Neil Robertson,Australia,2023-10-23,1833.261238038035
Neil Robertson,Australia,2023-11-06,1708.5469493379687
Neil Robertson,Australia,2023-11-28,1674.744919056058
Neil Robertson,Australia,2024-01-09,1765.4304932231712
Neil Robertson,Australia,2024-01-22,1801.071355340887
Neil Robertson,Australia,2024-01-29,1853.030615203613
Neil Robertson,Australia,2024-01-30,1925.2090384527198
Neil Robertson,Australia,2024-02-01,1894.499674833534
Neil Robertson,Australia,2024-02-01,1924.386830343456
Neil Robertson,Australia,2024-02-05,1904.5837681928874
Neil Robertson,Australia,2024-02-05,1893.7420063916475
Neil Robertson,Australia,2024-02-05,1931.31821845611
Neil Robertson,Australia,2024-02-05,1970.9722064802359
Neil Robertson,Australia,2024-02-06,2056.0790266883464
Neil Robertson,Australia,2024-02-06,2128.3056201628206
Neil Robertson,Australia,2024-02-06,2086.0981961699576
Neil Robertson,Australia,2024-02-07,2164.03144722147
Neil Robertson,Australia,2024-02-07,2170.3924227614734
Neil Robertson,Australia,2024-02-07,2110.214664258314
Neil Robertson,Australia,2024-02-08,2139.461254186601
Neil Robertson,Australia,2024-02-08,2109.176179846019
Neil Robertson,Australia,2024-02-08,2107.119909410981
Neil Robertson,Australia,2024-02-08,2178.610748526177
Neil Robertson,Australia,2024-02-08,2192.8218042040394
Neil Robertson,Australia,2024-02-12,2187.0989848748136
Neil Robertson,Australia,2024-02-13,2180.8572379063007
Neil Robertson,Australia,2024-02-14,2131.860336618065
Neil Robertson,Australia,2024-03-12,2196.195565713082
Neil Robertson,Australia,2024-03-12,2211.651749679528
Neil Robertson,Australia,2024-03-12,2159.6472956424263
Neil Robertson,Australia,2024-03-13,2175.8195738499744
Neil Robertson,Australia,2024-03-13,2161.4442173643874
Neil Robertson,Australia,2024-03-13,2117.6253725678903
Neil Robertson,Australia,2024-03-19,2153.759325953938
Neil Robertson,Australia,2024-03-20,2156.6956428813633
Neil Robertson,Australia,2024-03-21,2253.4144527786366
Neil Robertson,Australia,2024-03-22,2386.9352913742523
Neil Robertson,Australia,2024-03-23,2471.6221733548596
Neil Robertson,Australia,2024-04-15,2542.716670489515
Neil Robertson,Australia,2024-04-17,2514.6738580818915
Neil Robertson,Australia,2024-06-10,2491.9189042847806
Neil Robertson,Australia,2024-06-10,2520.392504631284
Neil Robertson,Australia,2024-06-10,2498.699572370031
Neil Robertson,Australia,2024-07-25,2509.5553663489663
Neil Robertson,Australia,2024-07-30,2545.4117979672988
Neil Robertson,Australia,2024-08-01,2514.1394955520445
Neil Robertson,Australia,2024-08-20,2429.8668003093953
Neil Robertson,Australia,2024-09-01,2398.659762657754
Neil Robertson,Australia,2024-09-02,2436.8653597670145
Neil Robertson,Australia,2024-09-03,2525.6163647082353
Neil Robertson,Australia,2024-09-04,2581.7267485004454
Neil Robertson,Australia,2024-09-05,2586.8077496081482
Neil Robertson,Australia,2024-09-17,2606.168351765846
Neil Robertson,Australia,2024-09-18,2646.65845134795
Neil Robertson,Australia,2024-09-19,2640.70674485553
Neil Robertson,Australia,2024-09-20,2632.300663933605
Neil Robertson,Australia,2024-09-21,2639.108903751295
Neil Robertson,Australia,2024-09-22,2698.961281747943
Neil Robertson,Australia,2024-09-24,2742.654151997789
Neil Robertson,Australia,2024-09-25,2712.180094182948
Neil Robertson,Australia,2024-10-01,2690.1956136727476
Neil Robertson,Australia,2024-10-06,2579.4778338961432
Neil Robertson,Australia,2024-10-21,2548.356972909434
Neil Robertson,Australia,2024-10-23,2542.665843319401
Neil Robertson,Australia,2024-10-24,2564.255946269511
Neil Robertson,Australia,2024-10-25,2567.827047116846
Neil Robertson,Australia,2024-11-04,2648.3158321763167
Neil Robertson,Australia,2024-11-05,2482.45800693372
Neil Robertson,Australia,2024-11-13,2510.8078024123965
Neil Robertson,Australia,2024-11-13,2568.4393411356514
Neil Robertson,Australia,2024-11-16,2522.1768539327713
Neil Robertson,Australia,2024-11-19,2551.00316186969
Neil Robertson,Australia,2024-11-21,2554.180293265647
Neil Robertson,Australia,2024-11-26,2498.9099006785755
Neil Robertson,Australia,2024-12-05,2493.971554369622
Neil Robertson,Australia,2024-12-06,2497.799412883713
Neil Robertson,Australia,2024-12-07,2468.634510206148
Neil Robertson,Australia,2024-12-10,2443.4891195837636
Neil Robertson,Australia,2024-12-11,2341.2919529329147
Neil Robertson,Australia,2025-01-12,2415.122700299677
Neil Robertson,Australia,2025-01-16,2357.0914668502883
Neil Robertson,Australia,2025-01-20,2333.827099538512
Neil Robertson,Australia,2025-01-20,2365.9493391142273
Neil Robertson,Australia,2025-01-20,2295.731997192714
Neil Robertson,Australia,2025-01-20,2214.269531225661
Neil Robertson,Australia,2025-01-21,2266.019716278387
Neil Robertson,Australia,2025-01-21,2289.8982670575447
Neil Robertson,Australia,2025-01-27,2276.742188603847
Neil Robertson,Australia,2025-01-29,2339.3192510642566
Neil Robertson,Australia,2025-01-30,2487.609277040207
Neil Robertson,Australia,2025-01-31,2443.752370566213
Neil Robertson,Australia,2025-02-10,2443.618644482283
Neil Robertson,Australia,2025-02-12,2399.213661218053
Neil Robertson,Australia,2025-03-05,2438.2576880328616
Neil Robertson,Australia,2025-03-06,2465.8525237476074
Neil Robertson,Australia,2025-03-07,2629.2100604909306
Neil Robertson,Australia,2025-03-08,2801.2989530325067
Neil Robertson,Australia,2025-03-09,2863.243015744779
Neil Robertson,Australia,2025-03-18,2868.617457175498
Neil Robertson,Australia,2025-03-20,2953.183589571196
Neil Robertson,Australia,2025-03-21,2997.536101424784
Neil Robertson,Australia,2025-04-03,2758.3989717528784
Neil Robertson,Australia,2025-04-20,2682.467749115067
Neil Robertson,Australia,2025-06-23,2716.4079566217906
Neil Robertson,Australia,2025-07-28,2746.9603385832743
Neil Robertson,Australia,2025-07-29,2746.6104448609544
Neil Robertson,Australia,2025-08-12,2785.2567499053775
Neil Robertson,Australia,2025-08-13,2980.186582964373
Neil Robertson,Australia,2025-08-14,3090.111903016916
Neil Robertson,Australia,2025-08-15,3093.1893741296963
Neil Robertson,Australia,2025-08-16,3296.807419125454
Neil Robertson,Australia,2025-09-16,3338.9672646202353
Neil Robertson,Australia,2025-09-17,3259.916322795806
Neil Robertson,Australia,2025-09-22,3252.0684779222656
Neil Robertson,Australia,2025-09-23,3294.251759976459
Neil Robertson,Australia,2025-09-25,3216.8330273017696
Neil Robertson,Australia,2025-09-30,3242.5611455430762
Neil Robertson,Australia,2025-10-07,3226.5012440318737
Neil Robertson,Australia,2025-10-08,3260.44165537907
Neil Robertson,Australia,2025-10-09,3270.5948982920713
Neil Robertson,Australia,2025-11-04,3271.4796994663316
Neil Robertson,Australia,2025-11-05,3175.909471329812
Neil Robertson,Australia,2025-11-13,3218.4502145411902
Neil Robertson,Australia,2025-11-13,3279.827548389083
Neil Robertson,Australia,2025-11-15,3191.9019025850143
Neil Robertson,Australia,2025-11-20,3314.213871274715
Neil Robertson,Australia,2025-11-21,3336.5547152644217
Neil Robertson,Australia,2025-11-21,3287.6005566961508
Neil Robertson,Australia,2025-11-30,3263.3336815290095
Neil Robertson,Australia,2025-12-03,3332.704863935355
Neil Robertson,Australia,2025-12-05,3333.460334331428
Neil Robertson,Australia,2025-12-06,3274.3630741961547
Neil Robertson,Australia,2026-01-08,3251.4251842807034
Neil Robertson,Australia,2026-01-08,3300.453946635254
Neil Robertson,Australia,2026-01-08,3284.9618434091362
Neil Robertson,Australia,2026-01-09,3213.076830052762
Neil Robertson,Australia,2026-01-09,3215.066356071082
Neil Robertson,Australia,2026-01-09,3175.243816952553
Neil Robertson,Australia,2026-01-09,3163.7491821252447
Neil Robertson,Australia,2026-01-09,3124.707227277762
Neil Robertson,Australia,2026-01-14,3151.7879916534253
Neil Robertson,Australia,2026-01-16,3159.3854621745504
Neil Robertson,Australia,2026-01-19,3110.309546241154
Neil Robertson,Australia,2026-01-19,3089.0189746946794
Neil Robertson,Australia,2026-01-19,3047.5639568211377
Neil Robertson,Australia,2026-01-20,3086.037886299302
Neil Robertson,Australia,2026-01-20,3125.2751154536795
Neil Robertson,Australia,2026-01-20,3202.6793562933863
Neil Robertson,Australia,2026-01-28,3262.2133034302237
Neil Robertson,Australia,2026-01-29,3296.1611608043713
Neil Robertson,Australia,2026-01-30,3285.661278578773
Neil Robertson,Australia,2026-01-31,3159.7263698555607
Neil Robertson,Australia,2026-02-04,3057.8785111395646
Neil Robertson,Australia,2026-02-17,2953.6641468471257
Neil Robertson,Australia,2026-02-23,2970.8309810267774
Neil Robertson,Australia,2026-02-25,2989.9511856118706
Neil Robertson,Australia,2026-02-26,3026.8492066131316
Neil Robertson,Australia,2026-02-27,3012.15546297807
Thepchaiya Un-Nooh,Thailand,2022-07-12,1500.0
Thepchaiya Un-Nooh,Thailand,2022-07-12,1507.5694927120194
Thepchaiya Un-Nooh,Thailand,2022-07-12,1519.995410344992
Thepchaiya Un-Nooh,Thailand,2022-07-12,1507.3886761997576
Thepchaiya Un-Nooh,Thailand,2022-07-24,1377.447866488142
Thepchaiya Un-Nooh,Thailand,2022-08-11,1455.8408453858276
Thepchaiya Un-Nooh,Thailand,2022-08-28,1494.625245835641
Thepchaiya Un-Nooh,Thailand,2022-09-28,1477.947329888548
Thepchaiya Un-Nooh,Thailand,2022-10-12,1544.0128444584
Thepchaiya Un-Nooh,Thailand,2022-10-17,1524.9986834152858
Thepchaiya Un-Nooh,Thailand,2022-11-07,1591.3797298363759
Thepchaiya Un-Nooh,Thailand,2022-11-08,1538.3553118407594
Thepchaiya Un-Nooh,Thailand,2022-11-23,1460.300598441026
Thepchaiya Un-Nooh,Thailand,2022-12-01,1569.607963582974
Thepchaiya Un-Nooh,Thailand,2022-12-01,1629.7008926405697
Thepchaiya Un-Nooh,Thailand,2022-12-02,1710.7333109511583
Thepchaiya Un-Nooh,Thailand,2022-12-03,1716.240385279755
Thepchaiya Un-Nooh,Thailand,2022-12-12,1718.6848203306315
Thepchaiya Un-Nooh,Thailand,2022-12-14,1735.5365970111748
Thepchaiya Un-Nooh,Thailand,2022-12-14,1771.301148109603
Thepchaiya Un-Nooh,Thailand,2022-12-15,1757.189546837178
Thepchaiya Un-Nooh,Thailand,2023-01-11,1706.4373420345728
Thepchaiya Un-Nooh,Thailand,2023-01-16,1706.6600196906584
Thepchaiya Un-Nooh,Thailand,2023-01-25,1708.2417263100012
Thepchaiya Un-Nooh,Thailand,2023-01-27,1686.3305297429763
Thepchaiya Un-Nooh,Thailand,2023-03-18,1710.157672198148
Thepchaiya Un-Nooh,Thailand,2023-03-20,1688.4062821592024
Thepchaiya Un-Nooh,Thailand,2023-04-08,1742.4483252591942
Thepchaiya Un-Nooh,Thailand,2023-04-11,1804.3395107446959
Thepchaiya Un-Nooh,Thailand,2023-06-29,1867.9612585580667
Thepchaiya Un-Nooh,Thailand,2023-06-29,1871.922662617556
Thepchaiya Un-Nooh,Thailand,2023-06-29,1909.9079761572248
Thepchaiya Un-Nooh,Thailand,2023-07-19,1922.9790153436263
Thepchaiya Un-Nooh,Thailand,2023-07-19,1899.5797463819076
Thepchaiya Un-Nooh,Thailand,2023-07-19,1959.3279894054876
Thepchaiya Un-Nooh,Thailand,2023-07-25,1970.1809026799067
Thepchaiya Un-Nooh,Thailand,2023-08-19,1963.7612592065177
Thepchaiya Un-Nooh,Thailand,2023-08-23,2104.208208231967
Thepchaiya Un-Nooh,Thailand,2023-08-24,1973.6964047377355
Thepchaiya Un-Nooh,Thailand,2023-09-03,1936.8261323230151
Thepchaiya Un-Nooh,Thailand,2023-09-07,1834.4205064612547
Thepchaiya Un-Nooh,Thailand,2023-09-19,1842.7244599589656
Thepchaiya Un-Nooh,Thailand,2023-09-26,1754.4077303990248
Thepchaiya Un-Nooh,Thailand,2023-10-10,1718.0721335730207
Thepchaiya Un-Nooh,Thailand,2023-10-31,1693.77865025171
Thepchaiya Un-Nooh,Thailand,2023-11-05,1779.1731435601469
Thepchaiya Un-Nooh,Thailand,2023-11-07,1860.5833380319632
Thepchaiya Un-Nooh,Thailand,2023-11-08,1996.6706192100612
Thepchaiya Un-Nooh,Thailand,2023-11-20,2099.8301404090566
Thepchaiya Un-Nooh,Thailand,2023-11-22,2144.178508928625
Thepchaiya Un-Nooh,Thailand,2023-11-28,2178.0707978413247
Thepchaiya Un-Nooh,Thailand,2023-12-07,2177.759988635219
Thepchaiya Un-Nooh,Thailand,2023-12-08,2177.8310117693904
Thepchaiya Un-Nooh,Thailand,2023-12-09,2152.216479118243
Thepchaiya Un-Nooh,Thailand,2023-12-13,2130.92843207909
Thepchaiya Un-Nooh,Thailand,2023-12-18,2121.416308206582
Thepchaiya Un-Nooh,Thailand,2024-01-16,2154.165692627737
Thepchaiya Un-Nooh,Thailand,2024-01-24,2120.2351527121823
Thepchaiya Un-Nooh,Thailand,2024-01-25,2078.0535879901367
Thepchaiya Un-Nooh,Thailand,2024-01-30,2197.0427675155674
Thepchaiya Un-Nooh,Thailand,2024-01-31,2210.450639009292
Thepchaiya Un-Nooh,Thailand,2024-02-01,2235.376157591404
Thepchaiya Un-Nooh,Thailand,2024-04-13,2159.4527192235155
Thepchaiya Un-Nooh,Thailand,2024-06-14,2194.303934743043
Thepchaiya Un-Nooh,Thailand,2024-06-14,2172.943660189649
Thepchaiya Un-Nooh,Thailand,2024-06-14,2153.8131327909186
Thepchaiya Un-Nooh,Thailand,2024-06-29,2174.668577908373
Thepchaiya Un-Nooh,Thailand,2024-06-29,2153.7063976700447
Thepchaiya Un-Nooh,Thailand,2024-06-29,2075.291081226963
Thepchaiya Un-Nooh,Thailand,2024-07-25,2111.322803077249
Thepchaiya Un-Nooh,Thailand,2024-07-30,2116.892437139669
Thepchaiya Un-Nooh,Thailand,2024-07-31,2144.9854941396943
Thepchaiya Un-Nooh,Thailand,2024-08-20,2180.3636082363305
Thepchaiya Un-Nooh,Thailand,2024-08-21,2176.8396546773815
Thepchaiya Un-Nooh,Thailand,2024-09-01,2148.131375399507
Thepchaiya Un-Nooh,Thailand,2024-09-02,2155.9328706491174
Thepchaiya Un-Nooh,Thailand,2024-09-03,2202.962834957733
Thepchaiya Un-Nooh,Thailand,2024-09-14,2222.447862805306
Thepchaiya Un-Nooh,Thailand,2024-09-16,2224.4281072892745
Thepchaiya Un-Nooh,Thailand,2024-09-24,2239.510428556661
Thepchaiya Un-Nooh,Thailand,2024-09-26,2318.0814718123565
Thepchaiya Un-Nooh,Thailand,2024-09-26,2396.480176576197
Thepchaiya Un-Nooh,Thailand,2024-09-29,2390.2503490144823
Thepchaiya Un-Nooh,Thailand,2024-09-30,2393.528276351728
Thepchaiya Un-Nooh,Thailand,2024-10-22,2395.984978873194
Thepchaiya Un-Nooh,Thailand,2024-10-29,2365.5748548742054
Thepchaiya Un-Nooh,Thailand,2024-11-04,2435.372305261432
Thepchaiya Un-Nooh,Thailand,2024-11-05,2324.1723551563427
Thepchaiya Un-Nooh,Thailand,2024-11-19,2229.9531294530098
Thepchaiya Un-Nooh,Thailand,2024-12-04,2227.1231040019816
Thepchaiya Un-Nooh,Thailand,2024-12-06,2204.632926333004
Thepchaiya Un-Nooh,Thailand,2024-12-19,2290.55307388946
Thepchaiya Un-Nooh,Thailand,2024-12-20,2301.888146252279
Thepchaiya Un-Nooh,Thailand,2025-01-27,2319.966271726254
Thepchaiya Un-Nooh,Thailand,2025-01-29,2277.8601585161778
Thepchaiya Un-Nooh,Thailand,2025-02-06,2200.4352510711747
Thepchaiya Un-Nooh,Thailand,2025-02-25,2171.239479219984
Thepchaiya Un-Nooh,Thailand,2025-04-14,2086.0568078893807
Thepchaiya Un-Nooh,Thailand,2025-06-23,2070.3128462573377
Thepchaiya Un-Nooh,Thailand,2025-06-28,2069.4322075796786
Thepchaiya Un-Nooh,Thailand,2025-07-15,2131.638611619987
Thepchaiya Un-Nooh,Thailand,2025-07-15,2134.2715021791428
Thepchaiya Un-Nooh,Thailand,2025-07-15,2181.9457160470633
Thepchaiya Un-Nooh,Thailand,2025-07-18,2185.884298364848
Thepchaiya Un-Nooh,Thailand,2025-07-18,2185.5276674333986
Thepchaiya Un-Nooh,Thailand,2025-07-18,2128.827397720394
Thepchaiya Un-Nooh,Thailand,2025-08-10,2178.8163700805007
Thepchaiya Un-Nooh,Thailand,2025-08-11,2289.660110655808
Thepchaiya Un-Nooh,Thailand,2025-08-12,2293.087180567333
Thepchaiya Un-Nooh,Thailand,2025-08-25,2343.215838227338
Thepchaiya Un-Nooh,Thailand,2025-08-26,2382.0501069625498
Thepchaiya Un-Nooh,Thailand,2025-08-27,2334.824442979925
Thepchaiya Un-Nooh,Thailand,2025-09-02,2343.8311022931834
Thepchaiya Un-Nooh,Thailand,2025-09-06,2367.5344117749096
Thepchaiya Un-Nooh,Thailand,2025-09-14,2360.246043673812
Thepchaiya Un-Nooh,Thailand,2025-09-16,2374.904051841498
Thepchaiya Un-Nooh,Thailand,2025-10-07,2413.734410078495
Thepchaiya Un-Nooh,Thailand,2025-10-09,2450.8104074535445
Thepchaiya Un-Nooh,Thailand,2025-10-17,2468.066396876324
Thepchaiya Un-Nooh,Thailand,2025-10-20,2498.353575981107
Thepchaiya Un-Nooh,Thailand,2025-10-22,2498.9470813112375
Thepchaiya Un-Nooh,Thailand,2025-10-23,2506.485824800112
Thepchaiya Un-Nooh,Thailand,2025-11-02,2557.217254328482
Thepchaiya Un-Nooh,Thailand,2025-11-04,2537.81750933361
Thepchaiya Un-Nooh,Thailand,2025-11-25,2563.853953388782
Thepchaiya Un-Nooh,Thailand,2025-11-27,2533.9256663643446
Thepchaiya Un-Nooh,Thailand,2025-12-10,2506.2418310271237
Thepchaiya Un-Nooh,Thailand,2025-12-16,2544.7027144544886
Thepchaiya Un-Nooh,Thailand,2025-12-17,2593.2903022317564
Thepchaiya Un-Nooh,Thailand,2025-12-18,2534.3669195035936
Thepchaiya Un-Nooh,Thailand,2026-01-07,2543.394058355205
Thepchaiya Un-Nooh,Thailand,2026-01-08,2599.7192181757064
Thepchaiya Un-Nooh,Thailand,2026-01-10,2520.9618541764617
Thepchaiya Un-Nooh,Thailand,2026-02-04,2418.694611636098
Thepchaiya Un-Nooh,Thailand,2026-02-11,2428.1997472877542
Elliot Slessor,England,2022-07-07,1500.0
Elliot Slessor,England,2022-07-07,1511.9887923333063
Elliot Slessor,England,2022-07-07,1524.084963368541
Elliot Slessor,England,2022-07-07,1534.2791261968882
Elliot Slessor,England,2022-07-17,1592.1700704081663
Elliot Slessor,England,2022-07-28,1530.6921204510322
Elliot Slessor,England,2022-07-28,1503.5173490218622
Elliot Slessor,England,2022-07-28,1451.1297492549074
Elliot Slessor,England,2022-08-13,1499.479073400505
Elliot Slessor,England,2022-08-27,1483.6456644237899
Elliot Slessor,England,2022-09-27,1415.8219539932577
Elliot Slessor,England,2022-10-12,1394.1913751206725
Elliot Slessor,England,2022-10-19,1340.2184023255331
Elliot Slessor,England,2022-10-26,1378.9511088604754
Elliot Slessor,England,2022-11-07,1270.735841838897
Elliot Slessor,England,2022-11-23,1314.3635493512327
Elliot Slessor,England,2022-11-24,1398.7635201401802
Elliot Slessor,England,2022-12-14,1364.2783975670066
Elliot Slessor,England,2023-01-12,1424.9048511122162
Elliot Slessor,England,2023-01-26,1428.1990909395179
Elliot Slessor,England,2023-01-27,1414.4844218741289
Elliot Slessor,England,2023-02-02,1560.9407330133613
Elliot Slessor,England,2023-02-02,1533.354298160028
Elliot Slessor,England,2023-02-14,1461.9183871301825
Elliot Slessor,England,2023-03-17,1434.650444882563
Elliot Slessor,England,2023-03-19,1380.015536143831
Elliot Slessor,England,2023-04-08,1371.8560211462332
Elliot Slessor,England,2023-04-10,1471.9987334826774
Elliot Slessor,England,2023-04-12,1688.2632720874685
Elliot Slessor,England,2023-04-18,1821.6533456551301
Elliot Slessor,England,2023-06-29,1760.360751238066
Elliot Slessor,England,2023-06-29,1741.4644252832911
Elliot Slessor,England,2023-06-29,1661.227201373158
Elliot Slessor,England,2023-07-25,1627.00241357597
Elliot Slessor,England,2023-08-17,1582.9224070836501
Elliot Slessor,England,2023-08-22,1613.288189331066
Elliot Slessor,England,2023-09-02,1616.8135215702946
Elliot Slessor,England,2023-09-21,1635.8637853898917
Elliot Slessor,England,2023-10-03,1617.636146548885
Elliot Slessor,England,2023-10-04,1739.5196683586987
Elliot Slessor,England,2023-10-05,1707.6651123086458
Elliot Slessor,England,2023-10-09,1667.2952190834537
Elliot Slessor,England,2023-10-23,1658.116784794205
Elliot Slessor,England,2023-11-05,1646.2911483457294
Elliot Slessor,England,2023-11-20,1698.6013425501908
Elliot Slessor,England,2023-11-21,1728.4058598412157
Elliot Slessor,England,2023-11-23,1725.5611836445985
Elliot Slessor,England,2023-11-26,1866.130563042221
Elliot Slessor,England,2023-12-06,1862.6450817432126
Elliot Slessor,England,2023-12-08,1863.4760489735531
Elliot Slessor,England,2023-12-09,1865.9097684506785
Elliot Slessor,England,2023-12-09,1870.1644817265576
Elliot Slessor,England,2023-12-09,1858.0765895336833
Elliot Slessor,England,2023-12-11,1854.9418838249844
Elliot Slessor,England,2023-12-18,1850.6610172410344
Elliot Slessor,England,2024-01-23,1861.3284908150347
Elliot Slessor,England,2024-01-31,1770.651793990547
Elliot Slessor,England,2024-02-12,1885.305346601436
Elliot Slessor,England,2024-02-15,1922.8646263271219
Elliot Slessor,England,2024-02-15,2018.0456798244948
Elliot Slessor,England,2024-02-16,2014.0172408131723
Elliot Slessor,England,2024-02-17,2021.5172991117674
Elliot Slessor,England,2024-02-26,1979.8360337350261
Elliot Slessor,England,2024-02-26,2026.493318592267
Elliot Slessor,England,2024-02-26,2018.560078243677
Elliot Slessor,England,2024-02-26,2075.727940699866
Elliot Slessor,England,2024-02-27,2131.4171345573236
Elliot Slessor,England,2024-02-27,2085.542063004294
Elliot Slessor,England,2024-02-27,2095.872196306939
Elliot Slessor,England,2024-02-28,2151.143624636753
Elliot Slessor,England,2024-02-28,2176.3733577208263
Elliot Slessor,England,2024-02-28,2148.9993037973004
Elliot Slessor,England,2024-02-29,2202.0816749385426
Elliot Slessor,England,2024-02-29,2217.454110978312
Elliot Slessor,England,2024-02-29,2213.8960322055764
Elliot Slessor,England,2024-02-29,2169.7573239106932
Elliot Slessor,England,2024-03-19,2300.3100830061226
Elliot Slessor,England,2024-03-20,2340.1406598532476
Elliot Slessor,England,2024-03-21,2383.3145686577936
Elliot Slessor,England,2024-03-22,2300.697010595044
Elliot Slessor,England,2024-04-14,2223.6628389713264
Elliot Slessor,England,2024-06-12,2277.6324408221576
Elliot Slessor,England,2024-06-12,2281.9608323398606
Elliot Slessor,England,2024-06-12,2188.3642705972343
Elliot Slessor,England,2024-07-26,2149.2393701156434
Elliot Slessor,England,2024-07-29,2135.9460634060406
Elliot Slessor,England,2024-08-03,2130.3035906375885
Elliot Slessor,England,2024-08-19,2083.314855490234
Elliot Slessor,England,2024-09-01,2102.8034830506695
Elliot Slessor,England,2024-09-02,2113.399892204256
Elliot Slessor,England,2024-09-03,2228.7405977757303
Elliot Slessor,England,2024-09-04,2277.2388078589624
Elliot Slessor,England,2024-09-13,2174.371921092951
Elliot Slessor,England,2024-09-24,2152.2345144301553
Elliot Slessor,England,2024-09-25,2185.421494703533
Elliot Slessor,England,2024-09-26,2267.8627981254
Elliot Slessor,England,2024-09-27,2204.2165246786763
Elliot Slessor,England,2024-09-29,2199.8745355404644
Elliot Slessor,England,2024-10-01,2227.8925149957413
Elliot Slessor,England,2024-10-07,2215.8746701116766
Elliot Slessor,England,2024-10-08,2155.518400394802
Elliot Slessor,England,2024-10-21,2159.6816909715076
Elliot Slessor,England,2024-10-23,2217.8765953680086
Elliot Slessor,England,2024-10-24,2199.8450673478496
Elliot Slessor,England,2024-10-25,2196.511774805718
Elliot Slessor,England,2024-10-26,2142.0776758612383
Elliot Slessor,England,2024-10-30,2038.6084628887418
Elliot Slessor,England,2024-11-03,2160.600521018914
Elliot Slessor,England,2024-11-18,2235.818782321003
Elliot Slessor,England,2024-11-20,2244.243490148061
Elliot Slessor,England,2024-12-05,2240.555042831821
Elliot Slessor,England,2024-12-06,2238.0088838031375
Elliot Slessor,England,2024-12-07,2248.3379880537514
Elliot Slessor,England,2024-12-07,2235.4718543998565
Elliot Slessor,England,2024-12-20,2196.329323651523
Elliot Slessor,England,2025-01-03,2149.9302345330275
Elliot Slessor,England,2025-01-03,2134.2383052558184
Elliot Slessor,England,2025-01-03,2120.054979153999
Elliot Slessor,England,2025-01-03,2089.414508370051
Elliot Slessor,England,2025-01-04,2178.5092732782364
Elliot Slessor,England,2025-01-04,2244.560779324427
Elliot Slessor,England,2025-01-28,2242.284736462417
Elliot Slessor,England,2025-01-29,2355.3828820342815
Elliot Slessor,England,2025-01-30,2325.7699527585664
Elliot Slessor,England,2025-02-10,2346.80941940128
Elliot Slessor,England,2025-02-12,2420.9758434375485
Elliot Slessor,England,2025-02-23,2458.533497627018
Elliot Slessor,England,2025-02-25,2426.762496409392
Elliot Slessor,England,2025-03-05,2397.547972203993
Elliot Slessor,England,2025-04-13,2345.150570495112
Elliot Slessor,England,2025-04-15,2468.054549439201
Elliot Slessor,England,2025-06-22,2455.3223341775556
Elliot Slessor,England,2025-06-25,2412.0601328351895
Elliot Slessor,England,2025-07-05,2439.0002903827544
Elliot Slessor,England,2025-07-05,2484.987327679087
Elliot Slessor,England,2025-07-05,2461.614733022076
Elliot Slessor,England,2025-07-18,2437.4857507775896
Elliot Slessor,England,2025-07-18,2417.788941723663
Elliot Slessor,England,2025-07-18,2421.055585023347
Elliot Slessor,England,2025-08-10,2416.5512699199576
Elliot Slessor,England,2025-08-11,2375.738424923535
Elliot Slessor,England,2025-08-12,2473.0168756578655
Elliot Slessor,England,2025-08-13,2493.899311363655
Elliot Slessor,England,2025-08-14,2656.088297018726
Elliot Slessor,England,2025-08-15,2688.3728453617673
Elliot Slessor,England,2025-08-24,2623.655741301711
Elliot Slessor,England,2025-09-02,2582.5989069846873
Elliot Slessor,England,2025-09-16,2565.365506128188
Elliot Slessor,England,2025-09-17,2653.6912520219053
Elliot Slessor,England,2025-09-18,2744.909556353352
Elliot Slessor,England,2025-09-19,2769.113294695151
Elliot Slessor,England,2025-10-01,2794.8467999471677
Elliot Slessor,England,2025-10-07,2866.947473577482
Elliot Slessor,England,2025-10-09,2857.546282975375
Elliot Slessor,England,2025-10-20,2876.961841254312
Elliot Slessor,England,2025-10-22,2880.6926057216015
Elliot Slessor,England,2025-11-03,2931.4360784696933
Elliot Slessor,England,2025-11-04,3003.115912301084
Elliot Slessor,England,2025-11-25,2978.844051545072
Elliot Slessor,England,2025-11-26,2957.2282162158185
Elliot Slessor,England,2025-12-02,3010.3831852446774
Elliot Slessor,England,2025-12-04,2869.3736973290565
Elliot Slessor,England,2025-12-10,2896.3029644414323
Elliot Slessor,England,2025-12-12,2914.0596812592626
Elliot Slessor,England,2025-12-13,2908.2102425291523
Elliot Slessor,England,2025-12-13,2881.470383304703
Elliot Slessor,England,2025-12-16,2923.822569898296
Elliot Slessor,England,2025-12-17,2831.9075969030896
Elliot Slessor,England,2026-01-02,2866.053358442967
Elliot Slessor,England,2026-01-02,2869.06662040838
Elliot Slessor,England,2026-01-02,2787.1759072210834
Elliot Slessor,England,2026-01-03,2827.8733860545312
Elliot Slessor,England,2026-01-03,2786.9546350919522
Elliot Slessor,England,2026-01-03,2724.9968034632993
Elliot Slessor,England,2026-01-04,2746.7879610476625
Elliot Slessor,England,2026-01-04,2726.407623587379
Elliot Slessor,England,2026-01-04,2649.115664889816
Elliot Slessor,England,2026-01-05,2738.899286269876
Elliot Slessor,England,2026-01-05,2761.923167027564
Elliot Slessor,England,2026-01-05,2673.5201114587717
Elliot Slessor,England,2026-01-05,2663.576053767195
Elliot Slessor,England,2026-01-05,2737.5856086385675
Elliot Slessor,England,2026-01-08,2752.671837404859
Elliot Slessor,England,2026-01-27,2714.6525014922463
Elliot Slessor,England,2026-02-03,2756.8713330594
Elliot Slessor,England,2026-02-05,2741.044340525552
Elliot Slessor,England,2026-02-10,2844.2465557549685
Elliot Slessor,England,2026-02-10,2843.2919169013576
Elliot Slessor,England,2026-02-10,2882.5142432441403
Elliot Slessor,England,2026-02-10,2838.796463312257
Elliot Slessor,England,2026-02-11,2931.2184578367282
Elliot Slessor,England,2026-02-11,2983.564704420468
Elliot Slessor,England,2026-02-11,3054.3773003551364
Elliot Slessor,England,2026-02-12,3013.3175610244134
Elliot Slessor,England,2026-02-18,3144.763416314984
Elliot Slessor,England,2026-02-24,3088.6325312827407
Ahmed Abul,Kuwait,2024-08-30,1500.0
Ahmed Abul,Kuwait,2024-08-30,1429.2989378231089
Zhao Hanyang,China,2025-06-22,1500.0
Zhao Hanyang,China,2025-06-22,1554.142435501771
Zhao Hanyang,China,2025-06-28,1593.3639746122462
Zhao Hanyang,China,2025-06-30,1613.006308394385
Zhao Hanyang,China,2025-06-30,1598.606886218157
Zhao Hanyang,China,2025-06-30,1581.7911317149112
Zhao Hanyang,China,2025-08-08,1575.0028424263924
Zhao Hanyang,China,2025-08-09,1638.5452761523534
Zhao Hanyang,China,2025-08-24,1710.9523194003543
Zhao Hanyang,China,2025-09-02,1649.794689555717
Zhao Hanyang,China,2025-09-05,1637.9522770838169
Zhao Hanyang,China,2025-09-11,1643.7434791418052
Zhao Hanyang,China,2025-09-13,1690.7377106509794
Zhao Hanyang,China,2025-09-16,1722.814085481418
Zhao Hanyang,China,2025-10-02,1753.8264682465224
Zhao Hanyang,China,2025-10-14,1760.7760666971558
Zhao Hanyang,China,2025-11-22,1629.066114006797
Zhao Hanyang,China,2025-12-10,1616.1048351822121
Zhao Hanyang,China,2026-01-06,1630.3348855019503
Zhao Hanyang,China,2026-01-07,1699.7042268461946
Zhao Hanyang,China,2026-01-09,1683.2983108175208
Zhao Hanyang,China,2026-02-12,1797.3804748586651
Reanne Evans,England,2022-07-14,1500.0
Reanne Evans,England,2022-07-14,1468.7023533081338
Reanne Evans,England,2022-07-14,1456.3423466064469
Reanne Evans,England,2022-07-14,1399.4265834810224
Reanne Evans,England,2022-07-22,1301.5450450786611
Reanne Evans,England,2022-08-12,1205.6009048541405
Reanne Evans,England,2022-10-12,1156.527474221503
Reanne Evans,England,2022-10-16,1163.0149529261885
Reanne Evans,England,2022-11-05,1105.4509856176012
Reanne Evans,England,2022-11-25,1101.3227531917046
Reanne Evans,England,2022-12-12,1084.4762746842532
Reanne Evans,England,2023-01-12,1032.178791716254
Reanne Evans,England,2023-01-26,1052.5379545066305
Reanne Evans,England,2023-01-27,1047.767428798229
Reanne Evans,England,2023-03-18,1040.777594174619
Reanne Evans,England,2023-04-05,1028.059312000873
Reanne Evans,England,2023-07-11,1020.0193156887955
Reanne Evans,England,2023-07-11,1050.5768993801605
Reanne Evans,England,2023-07-11,1082.8382593674437
Reanne Evans,England,2023-07-27,1099.5451316102117
Reanne Evans,England,2023-08-19,1085.044130724127
Reanne Evans,England,2023-08-23,1088.7675216677276
Reanne Evans,England,2023-09-03,1047.651487914676
Reanne Evans,England,2023-09-06,1025.2095847990256
Reanne Evans,England,2023-09-20,1039.374774055264
Reanne Evans,England,2023-10-17,1001.0445668511263
Reanne Evans,England,2023-11-02,1015.0945773127601
Reanne Evans,England,2023-11-19,1027.1396152982013
Reanne Evans,England,2023-12-07,1020.371499966829
Reanne Evans,England,2023-12-22,1069.5509021453763
Reanne Evans,England,2024-01-23,1095.0816077423162
Reanne Evans,England,2024-01-26,1091.387247364994
Reanne Evans,England,2024-04-09,906.7489795740587
Reanne Evans,England,2024-06-27,891.450211908388
Reanne Evans,England,2024-06-27,912.6623822060491
Reanne Evans,England,2024-06-27,886.7978054911707
Reanne Evans,England,2024-07-25,932.2047729837926
Reanne Evans,England,2024-07-29,996.5700705906024
Reanne Evans,England,2024-07-31,975.1845660535976
Reanne Evans,England,2024-08-30,938.5383500016485
Reanne Evans,England,2024-09-12,909.7737181378851
Reanne Evans,England,2024-09-28,892.8051312691714
Reanne Evans,England,2024-10-28,906.7864890404436
Reanne Evans,England,2024-11-03,904.0069864759622
Reanne Evans,England,2024-12-04,903.1162484238918
Reanne Evans,England,2024-12-18,997.66720580602
Reanne Evans,England,2024-12-19,1013.0105522695075
Reanne Evans,England,2024-12-21,999.0695055303827
Reanne Evans,England,2025-02-04,1085.4864541018446
Reanne Evans,England,2025-02-05,1081.7482986550035
Reanne Evans,England,2025-04-07,1112.6453581205612
Reanne Evans,England,2025-06-22,1219.9301549677027
Reanne Evans,England,2025-06-28,1287.941886658124
Reanne Evans,England,2025-07-15,1302.964792896445
Reanne Evans,England,2025-07-15,1291.1571594654743
Reanne Evans,England,2025-07-15,1261.4896709735565
Reanne Evans,England,2025-08-08,1277.0340978779047
Reanne Evans,England,2025-08-09,1383.0476223410892
Reanne Evans,England,2025-08-10,1372.8638007683828
Reanne Evans,England,2025-08-26,1378.159650044282
Reanne Evans,England,2025-09-03,1369.5277951813703
Reanne Evans,England,2025-09-06,1364.4668886498707
Reanne Evans,England,2025-09-11,1399.204964771576
Reanne Evans,England,2025-09-24,1351.9881690325387
Reanne Evans,England,2025-10-02,1361.852810491216
Reanne Evans,England,2025-10-14,1349.422888644957
Reanne Evans,England,2025-11-22,1360.8865994317173
Reanne Evans,England,2025-11-23,1441.0885337329
Reanne Evans,England,2025-12-11,1427.962615885687
Reanne Evans,England,2026-01-05,1365.9193823149387
Reanne Evans,England,2026-02-10,1350.0281538474087
Jordan Brown,Northern Ireland,2022-07-20,1500.0
Jordan Brown,Northern Ireland,2022-07-20,1541.3066463912455
Jordan Brown,Northern Ireland,2022-07-20,1542.3850903328507
Jordan Brown,Northern Ireland,2022-07-20,1554.323774837888
Jordan Brown,Northern Ireland,2022-07-20,1577.58228508834
Jordan Brown,Northern Ireland,2022-07-23,1638.7633051836624
Jordan Brown,Northern Ireland,2022-07-26,1625.7922502697886
Jordan Brown,Northern Ireland,2022-07-26,1668.3460535748825
Jordan Brown,Northern Ireland,2022-07-26,1695.9296617239886
Jordan Brown,Northern Ireland,2022-08-14,1689.0854984659038
Jordan Brown,Northern Ireland,2022-08-17,1610.921499162901
Jordan Brown,Northern Ireland,2022-08-24,1624.989987279009
Jordan Brown,Northern Ireland,2022-09-27,1624.0001142842455
Jordan Brown,Northern Ireland,2022-09-29,1679.6381352243043
Jordan Brown,Northern Ireland,2022-09-29,1584.9566111731485
Jordan Brown,Northern Ireland,2022-10-12,1552.5126240917975
Jordan Brown,Northern Ireland,2022-10-17,1579.5149795854709
Jordan Brown,Northern Ireland,2022-10-19,1494.3955046323056
Jordan Brown,Northern Ireland,2022-10-26,1437.5329211107608
Jordan Brown,Northern Ireland,2022-11-08,1471.8521992434787
Jordan Brown,Northern Ireland,2022-11-10,1508.1806408970365
Jordan Brown,Northern Ireland,2022-11-12,1569.681294831426
Jordan Brown,Northern Ireland,2022-11-24,1545.3153007991882
Jordan Brown,Northern Ireland,2022-12-19,1558.2966715896437
Jordan Brown,Northern Ireland,2022-12-19,1588.561006523567
Jordan Brown,Northern Ireland,2022-12-19,1607.1780071385383
Jordan Brown,Northern Ireland,2022-12-20,1583.5241482743484
Jordan Brown,Northern Ireland,2022-12-20,1647.7444464519588
Jordan Brown,Northern Ireland,2022-12-20,1703.9259160752313
Jordan Brown,Northern Ireland,2022-12-20,1750.8049377497928
Jordan Brown,Northern Ireland,2022-12-21,1684.3680135300337
Jordan Brown,Northern Ireland,2022-12-21,1708.2034715079658
Jordan Brown,Northern Ireland,2022-12-21,1732.7347251793797
Jordan Brown,Northern Ireland,2022-12-21,1784.6070988992594
Jordan Brown,Northern Ireland,2022-12-22,1790.1785432320542
Jordan Brown,Northern Ireland,2022-12-22,1737.7070993996217
Jordan Brown,Northern Ireland,2022-12-22,1737.3321887350114
Jordan Brown,Northern Ireland,2023-01-03,1708.4073359292631
Jordan Brown,Northern Ireland,2023-01-03,1690.5842657789397
Jordan Brown,Northern Ireland,2023-01-03,1645.8948598427417
Jordan Brown,Northern Ireland,2023-01-03,1720.1229671920628
Jordan Brown,Northern Ireland,2023-01-04,1677.140499186345
Jordan Brown,Northern Ireland,2023-01-04,1753.481350251922
Jordan Brown,Northern Ireland,2023-01-12,1761.8094967814593
Jordan Brown,Northern Ireland,2023-01-25,1762.223497884605
Jordan Brown,Northern Ireland,2023-01-27,1741.7357540265207
Jordan Brown,Northern Ireland,2023-02-15,1670.3142258944654
Jordan Brown,Northern Ireland,2023-03-17,1569.069522028556
Jordan Brown,Northern Ireland,2023-04-09,1580.6840966650227
Jordan Brown,Northern Ireland,2023-04-11,1547.2502116320536
Jordan Brown,Northern Ireland,2023-06-30,1481.115902028725
Jordan Brown,Northern Ireland,2023-06-30,1490.3561187035634
Jordan Brown,Northern Ireland,2023-06-30,1473.970580194135
Jordan Brown,Northern Ireland,2023-07-28,1509.4821842121828
Jordan Brown,Northern Ireland,2023-08-18,1511.3356077921474
Jordan Brown,Northern Ireland,2023-08-23,1470.5905454702533
Jordan Brown,Northern Ireland,2023-09-05,1482.9308860880096
Jordan Brown,Northern Ireland,2023-09-08,1407.2768473994088
Jordan Brown,Northern Ireland,2023-09-18,1433.0822351463776
Jordan Brown,Northern Ireland,2023-10-10,1436.9820529996516
Jordan Brown,Northern Ireland,2023-10-18,1440.0011774794389
Jordan Brown,Northern Ireland,2023-10-23,1522.8210756910414
Jordan Brown,Northern Ireland,2023-10-25,1530.253613708525
Jordan Brown,Northern Ireland,2023-10-31,1536.960851765419
Jordan Brown,Northern Ireland,2023-11-05,1699.7888732857373
Jordan Brown,Northern Ireland,2023-11-07,1853.7929537696473
Jordan Brown,Northern Ireland,2023-11-08,2047.3241347609753
Jordan Brown,Northern Ireland,2023-11-09,2107.157546182858
Jordan Brown,Northern Ireland,2023-11-10,2128.7249431382224
Jordan Brown,Northern Ireland,2023-11-21,2033.315212559372
Jordan Brown,Northern Ireland,2023-12-07,2036.923897722235
Jordan Brown,Northern Ireland,2023-12-08,2016.7086593113108
Jordan Brown,Northern Ireland,2023-12-13,1931.911726672793
Jordan Brown,Northern Ireland,2023-12-20,1930.803028984499
Jordan Brown,Northern Ireland,2024-01-16,1901.6359027810547
Jordan Brown,Northern Ireland,2024-01-26,1947.5213103959572
Jordan Brown,Northern Ireland,2024-01-30,1974.6817607126482
Jordan Brown,Northern Ireland,2024-01-31,1845.0083247791836
Jordan Brown,Northern Ireland,2024-02-14,1825.637379521004
Jordan Brown,Northern Ireland,2024-02-28,1824.4414405170037
Jordan Brown,Northern Ireland,2024-02-28,1931.0678155019052
Jordan Brown,Northern Ireland,2024-02-28,1975.081205004491
Jordan Brown,Northern Ireland,2024-02-29,1952.728977607075
Jordan Brown,Northern Ireland,2024-02-29,1951.2476134059739
Jordan Brown,Northern Ireland,2024-02-29,1906.606036204873
Jordan Brown,Northern Ireland,2024-03-18,1896.0354800602322
Jordan Brown,Northern Ireland,2024-03-19,1908.8651472555885
Jordan Brown,Northern Ireland,2024-04-13,1736.4411763849182
Jordan Brown,Northern Ireland,2024-06-17,1800.2483340999256
Jordan Brown,Northern Ireland,2024-06-17,1770.1870341353094
Jordan Brown,Northern Ireland,2024-06-17,1759.0939897731412
Jordan Brown,Northern Ireland,2024-07-25,1733.9351321630475
Jordan Brown,Northern Ireland,2024-08-19,1778.3109015263879
Jordan Brown,Northern Ireland,2024-09-01,1762.7768582463148
Jordan Brown,Northern Ireland,2024-09-02,1806.619775807002
Jordan Brown,Northern Ireland,2024-09-14,1798.0409262873586
Jordan Brown,Northern Ireland,2024-09-23,1803.2829093426533
Jordan Brown,Northern Ireland,2024-09-29,1832.9307662225103
Jordan Brown,Northern Ireland,2024-10-01,1776.3513991515456
Jordan Brown,Northern Ireland,2024-10-06,1860.2409643518208
Jordan Brown,Northern Ireland,2024-10-07,1874.0632857337064
Jordan Brown,Northern Ireland,2024-10-20,1811.2689720602932
Jordan Brown,Northern Ireland,2024-10-30,1786.080189632524
Jordan Brown,Northern Ireland,2024-11-17,1648.216686900279
Jordan Brown,Northern Ireland,2024-12-04,1644.355162650397
Jordan Brown,Northern Ireland,2024-12-10,1631.8088306058107
Jordan Brown,Northern Ireland,2024-12-17,1598.6026887916335
Jordan Brown,Northern Ireland,2024-12-20,1630.3963994157323
Jordan Brown,Northern Ireland,2025-02-06,1649.681504666922
Jordan Brown,Northern Ireland,2025-02-11,1705.2394097427066
Jordan Brown,Northern Ireland,2025-02-24,1753.4713367027327
Jordan Brown,Northern Ireland,2025-04-10,1752.8715917938694
Jordan Brown,Northern Ireland,2025-04-13,1738.1154293822053
Jordan Brown,Northern Ireland,2025-06-22,1817.9341120043823
Jordan Brown,Northern Ireland,2025-06-25,1838.1417792140755
Jordan Brown,Northern Ireland,2025-07-15,1768.1314572746962
Jordan Brown,Northern Ireland,2025-07-15,1774.3694270042138
Jordan Brown,Northern Ireland,2025-07-15,1744.4388462320046
Jordan Brown,Northern Ireland,2025-08-09,1796.8347318026222
Jordan Brown,Northern Ireland,2025-08-10,1744.4367345895803
Jordan Brown,Northern Ireland,2025-08-25,1731.7554677727567
Jordan Brown,Northern Ireland,2025-09-02,1706.8705498744857
Jordan Brown,Northern Ireland,2025-09-07,1766.2593303299006
Jordan Brown,Northern Ireland,2025-09-13,1797.0352065690217
Jordan Brown,Northern Ireland,2025-10-02,1850.1638642198639
Jordan Brown,Northern Ireland,2025-10-08,1857.6230667785662
Jordan Brown,Northern Ireland,2025-10-15,1766.264086705828
Jordan Brown,Northern Ireland,2025-10-19,1858.4548462351038
Jordan Brown,Northern Ireland,2025-10-22,1931.0482183545664
Jordan Brown,Northern Ireland,2025-10-23,2047.1477189407822
Jordan Brown,Northern Ireland,2025-10-24,2124.7294519400493
Jordan Brown,Northern Ireland,2025-11-24,2078.7166231562046
Jordan Brown,Northern Ireland,2025-12-10,2076.472819479224
Jordan Brown,Northern Ireland,2025-12-12,2069.4855232791747
Jordan Brown,Northern Ireland,2026-01-07,2037.4560831911517
Jordan Brown,Northern Ireland,2026-01-10,2009.2856953028186
Jordan Brown,Northern Ireland,2026-01-27,1991.8217841281105
Jordan Brown,Northern Ireland,2026-02-10,2014.649458817697
Haitham Al Mahri,Oman,2024-08-30,1500.0
Haitham Al Mahri,Oman,2024-08-30,1380.2986232565795
Abdulraouf Sayegh,Saudi Arabia,2024-08-30,1500.0
Abdulraouf Sayegh,Saudi Arabia,2024-08-30,1503.3978613333659
Abdulraouf Sayegh,Saudi Arabia,2024-12-18,1496.4190838100367
Stuart Bingham,England,2022-07-17,1500.0
Stuart Bingham,England,2022-07-17,1497.5708778196288
Stuart Bingham,England,2022-07-18,1435.9126827056832
Stuart Bingham,England,2022-07-18,1454.6276900500818
Stuart Bingham,England,2022-07-18,1469.5089033594625
Stuart Bingham,England,2022-07-26,1521.7323885600167
Stuart Bingham,England,2022-07-26,1570.9222090232395
Stuart Bingham,England,2022-07-26,1611.029908586753
Stuart Bingham,England,2022-07-29,1579.8096832436322
Stuart Bingham,England,2022-07-29,1596.0235672862805
Stuart Bingham,England,2022-07-29,1581.7065793369047
Stuart Bingham,England,2022-08-16,1600.9159117304612
Stuart Bingham,England,2022-08-18,1612.1268492115705
Stuart Bingham,England,2022-09-26,1592.5744227850396
Stuart Bingham,England,2022-09-27,1548.495788080453
Stuart Bingham,England,2022-10-16,1558.8724859279291
Stuart Bingham,England,2022-10-18,1456.6431340080637
Stuart Bingham,England,2022-11-14,1478.1346261251804
Stuart Bingham,England,2022-11-17,1506.9108227154125
Stuart Bingham,England,2022-11-24,1451.911468612479
Stuart Bingham,England,2022-11-28,1417.9647155581765
Stuart Bingham,England,2022-12-12,1410.724450886312
Stuart Bingham,England,2022-12-19,1453.1103647940101
Stuart Bingham,England,2022-12-19,1421.5091872571136
Stuart Bingham,England,2022-12-19,1418.8893061725637
Stuart Bingham,England,2022-12-20,1489.5708433842224
Stuart Bingham,England,2022-12-20,1558.2278843262598
Stuart Bingham,England,2022-12-20,1621.5147647162853
Stuart Bingham,England,2022-12-21,1595.0498063678606
Stuart Bingham,England,2022-12-21,1589.4689404329933
Stuart Bingham,England,2022-12-21,1669.2246917945436
Stuart Bingham,England,2022-12-22,1620.9912264088878
Stuart Bingham,England,2022-12-22,1652.0583137033957
Stuart Bingham,England,2022-12-22,1744.9073943139756
Stuart Bingham,England,2022-12-22,1785.2747259301689
Stuart Bingham,England,2022-12-23,1833.2736755214612
Stuart Bingham,England,2023-01-11,1956.765027608895
Stuart Bingham,England,2023-01-13,2019.5164217043998
Stuart Bingham,England,2023-01-14,1924.1841735932846
Stuart Bingham,England,2023-01-17,1853.7367447679594
Stuart Bingham,England,2023-01-26,1825.373846088685
Stuart Bingham,England,2023-02-13,1757.2636513232037
Stuart Bingham,England,2023-03-01,1729.9070964564312
Stuart Bingham,England,2023-03-01,1755.360445142259
Stuart Bingham,England,2023-03-01,1793.557269808086
Stuart Bingham,England,2023-03-02,1806.467879167218
Stuart Bingham,England,2023-03-02,1767.5506259654685
Stuart Bingham,England,2023-03-02,1811.2455238418536
Stuart Bingham,England,2023-03-16,1804.5905300414972
Stuart Bingham,England,2023-03-20,1815.1196792073465
Stuart Bingham,England,2023-03-21,1817.5123176768097
Stuart Bingham,England,2023-03-21,1814.741328856003
Stuart Bingham,England,2023-03-22,1830.2585440667433
Stuart Bingham,England,2023-04-16,1908.7472578168902
Stuart Bingham,England,2023-04-22,1651.2484303081874
Stuart Bingham,England,2023-07-04,1598.2068117511085
Stuart Bingham,England,2023-07-04,1638.6849090493365
Stuart Bingham,England,2023-07-04,1602.2910198071322
Stuart Bingham,England,2023-07-29,1602.326465740206
Stuart Bingham,England,2023-08-19,1617.7854345629944
Stuart Bingham,England,2023-08-23,1620.6657341658606
Stuart Bingham,England,2023-09-02,1698.2121171508043
Stuart Bingham,England,2023-09-08,1594.9111971289258
Stuart Bingham,England,2023-09-20,1559.8779852806204
Stuart Bingham,England,2023-09-27,1519.5292421543736
Stuart Bingham,England,2023-10-10,1631.922836878498
Stuart Bingham,England,2023-10-11,1677.2719819017732
Stuart Bingham,England,2023-10-20,1716.034469332785
Stuart Bingham,England,2023-10-24,1725.2602911246101
Stuart Bingham,England,2023-10-25,1662.5942202949225
Stuart Bingham,England,2023-10-31,1692.2810215174798
Stuart Bingham,England,2023-11-05,1818.677577995383
Stuart Bingham,England,2023-11-07,1823.4878985317841
Stuart Bingham,England,2023-11-21,1733.8052028240086
Stuart Bingham,England,2023-12-06,1712.227187874261
Stuart Bingham,England,2023-12-13,1734.9383542714422
Stuart Bingham,England,2023-12-14,1770.903250680074
Stuart Bingham,England,2023-12-14,1898.9856969842476
Stuart Bingham,England,2023-12-15,1963.0230518699573
Stuart Bingham,England,2023-12-20,1829.0244714184328
Stuart Bingham,England,2024-01-02,1792.9764728119442
Stuart Bingham,England,2024-01-02,1780.9392160226132
Stuart Bingham,England,2024-01-02,1897.0692764717455
Stuart Bingham,England,2024-01-03,1969.727735740169
Stuart Bingham,England,2024-01-03,2021.050812861046
Stuart Bingham,England,2024-01-03,2037.5315762222642
Stuart Bingham,England,2024-01-03,2062.473223430691
Stuart Bingham,England,2024-01-03,2082.5075952120096
Stuart Bingham,England,2024-01-24,2021.0325454296878
Stuart Bingham,England,2024-01-26,1942.162360128998
Stuart Bingham,England,2024-03-12,1952.6267140288508
Stuart Bingham,England,2024-03-12,1999.8679036194815
Stuart Bingham,England,2024-03-12,2078.7780019177467
Stuart Bingham,England,2024-03-12,2146.4977189392635
Stuart Bingham,England,2024-03-13,2084.029904148066
Stuart Bingham,England,2024-03-13,2109.2819918664263
Stuart Bingham,England,2024-03-13,2083.5819573406093
Stuart Bingham,England,2024-04-14,2104.725791890347
Stuart Bingham,England,2024-04-16,2193.730163504729
Stuart Bingham,England,2024-04-22,2417.086108532058
Stuart Bingham,England,2024-04-29,2401.5014753827422
Stuart Bingham,England,2024-05-01,2740.3397544610293
Stuart Bingham,England,2024-05-04,2642.77339776639
Stuart Bingham,England,2024-06-21,2620.031013162126
Stuart Bingham,England,2024-06-21,2671.556890133551
Stuart Bingham,England,2024-06-21,2624.371846491554
Stuart Bingham,England,2024-06-28,2552.078093364882
Stuart Bingham,England,2024-06-28,2505.6559702204386
Stuart Bingham,England,2024-06-28,2537.713647619206
Stuart Bingham,England,2024-07-29,2426.9205089667757
Stuart Bingham,England,2024-08-02,2398.430215589494
Stuart Bingham,England,2024-08-19,2409.4753588132726
Stuart Bingham,England,2024-08-20,2396.612375038362
Stuart Bingham,England,2024-08-21,2360.1277181449327
Stuart Bingham,England,2024-09-01,2329.654700968775
Stuart Bingham,England,2024-09-02,2290.6408400210703
Stuart Bingham,England,2024-09-03,2417.2179987668937
Stuart Bingham,England,2024-09-04,2380.681761530191
Stuart Bingham,England,2024-09-16,2358.692587121553
Stuart Bingham,England,2024-09-24,2353.125969043566
Stuart Bingham,England,2024-09-25,2327.539758435972
Stuart Bingham,England,2024-09-30,2330.554732028202
Stuart Bingham,England,2024-10-20,2302.4086361341965
Stuart Bingham,England,2024-10-22,2295.4294948770794
Stuart Bingham,England,2024-10-24,2357.2807780707517
Stuart Bingham,England,2024-11-04,2210.146580035495
Stuart Bingham,England,2024-11-18,2188.8479025676456
Stuart Bingham,England,2024-11-20,2232.209441041291
Stuart Bingham,England,2024-11-26,2387.015983422312
Stuart Bingham,England,2024-11-28,2387.5055255682214
Stuart Bingham,England,2024-12-05,2366.3504580907734
Stuart Bingham,England,2024-12-09,2412.71626929679
Stuart Bingham,England,2024-12-11,2408.520199733759
Stuart Bingham,England,2024-12-12,2361.011631983909
Stuart Bingham,England,2024-12-20,2250.8444525445334
Stuart Bingham,England,2025-01-10,2286.508355017488
Stuart Bingham,England,2025-01-10,2305.3589560170954
Stuart Bingham,England,2025-01-10,2326.285029414101
Stuart Bingham,England,2025-01-11,2278.6761339490704
Stuart Bingham,England,2025-01-11,2383.2845994097092
Stuart Bingham,England,2025-01-11,2462.1172227854427
Stuart Bingham,England,2025-01-11,2482.2204016946594
Stuart Bingham,England,2025-01-20,2477.4619001412216
Stuart Bingham,England,2025-01-20,2424.7166233294224
Stuart Bingham,England,2025-01-20,2453.0476158260444
Stuart Bingham,England,2025-01-21,2449.562133521208
Stuart Bingham,England,2025-01-21,2391.331960575211
Stuart Bingham,England,2025-01-21,2412.8595270155556
Stuart Bingham,England,2025-01-27,2277.2344364745377
Stuart Bingham,England,2025-02-10,2154.19777584777
Stuart Bingham,England,2025-03-04,2259.1814778622556
Stuart Bingham,England,2025-03-06,2356.252645605504
Stuart Bingham,England,2025-03-07,2464.902622706285
Stuart Bingham,England,2025-03-08,2626.651974566234
Stuart Bingham,England,2025-03-09,2429.719101027243
Stuart Bingham,England,2025-03-18,2512.2393580455937
Stuart Bingham,England,2025-04-14,2343.2110641861236
Stuart Bingham,England,2025-06-24,2255.8900433497074
Stuart Bingham,England,2025-06-26,2304.911357384396
Stuart Bingham,England,2025-07-05,2285.7022425541936
Stuart Bingham,England,2025-07-05,2311.8844935165002
Stuart Bingham,England,2025-07-05,2338.7062808606674
Stuart Bingham,England,2025-07-21,2295.9621522535945
Stuart Bingham,England,2025-07-21,2244.991501596946
Stuart Bingham,England,2025-07-21,2238.302476779585
Stuart Bingham,England,2025-08-10,2206.194593363397
Stuart Bingham,England,2025-08-11,2230.657565275019
Stuart Bingham,England,2025-08-12,2323.1485442766666
Stuart Bingham,England,2025-08-13,2323.942063343475
Stuart Bingham,England,2025-09-03,2315.567651355576
Stuart Bingham,England,2025-09-16,2384.0192142472183
Stuart Bingham,England,2025-09-17,2430.195613316646
Stuart Bingham,England,2025-09-23,2443.589432759819
Stuart Bingham,England,2025-10-01,2473.2939075408253
Stuart Bingham,England,2025-10-07,2447.9622535165695
Stuart Bingham,England,2025-10-09,2544.841522426941
Stuart Bingham,England,2025-10-10,2456.650276815394
Stuart Bingham,England,2025-10-20,2423.313249945445
Stuart Bingham,England,2025-11-02,2424.428598007641
Stuart Bingham,England,2025-11-25,2450.3592274767925
Stuart Bingham,England,2025-11-26,2496.627684173458
Stuart Bingham,England,2025-12-11,2515.862146165125
Stuart Bingham,England,2025-12-12,2510.535901652944
Stuart Bingham,England,2025-12-13,2509.7034681719415
Stuart Bingham,England,2025-12-13,2515.238348734625
Stuart Bingham,England,2025-12-13,2520.5132525054005
Stuart Bingham,England,2025-12-13,2523.790796119296
Stuart Bingham,England,2025-12-13,2498.8256227616357
Stuart Bingham,England,2025-12-15,2554.2689061125543
Stuart Bingham,England,2025-12-17,2651.777785464186
Stuart Bingham,England,2025-12-18,2652.909175892054
Stuart Bingham,England,2026-01-08,2636.996804140588
Stuart Bingham,England,2026-01-19,2661.101898353655
Stuart Bingham,England,2026-01-19,2726.505408714082
Stuart Bingham,England,2026-01-19,2768.8592520242805
Stuart Bingham,England,2026-01-20,2773.3854188054006
Stuart Bingham,England,2026-01-20,2764.310299720455
Stuart Bingham,England,2026-01-20,2758.5508071242734
Stuart Bingham,England,2026-01-28,2902.4909047313263
Stuart Bingham,England,2026-01-29,2888.703725622571
Stuart Bingham,England,2026-01-30,2831.850643724102
Stuart Bingham,England,2026-02-03,2743.075778342545
Stuart Bingham,England,2026-02-10,2702.0163628563705
Stuart Bingham,England,2026-02-24,2704.1131659390358
Stuart Bingham,England,2026-02-25,2709.056732239191
Stuart Bingham,England,2026-02-26,2820.928413227978
Stuart Bingham,England,2026-02-27,2789.396957870983
Billy Joe Castle,England,2023-04-04,1500.0
Billy Joe Castle,England,2023-04-04,1401.0477859807477
Brian Cini,Malta,2025-04-09,1500.0
Brian Cini,Malta,2025-04-09,1523.826211577056
Brian Cini,Malta,2025-11-22,1521.7303171988813
Jimmy White,England,2022-07-24,1500.0
Jimmy White,England,2022-07-24,1516.9714290126458
Jimmy White,England,2022-08-12,1435.0543685258112
Jimmy White,England,2022-08-17,1403.098410723675
Jimmy White,England,2022-08-25,1464.8376840538044
Jimmy White,England,2022-10-12,1453.2900426077085
Jimmy White,England,2022-10-18,1378.5909653125723
Jimmy White,England,2022-10-30,1281.5131779744333
Jimmy White,England,2022-11-05,1329.567546831702
Jimmy White,England,2022-11-06,1359.296875572027
Jimmy White,England,2022-11-07,1419.4799473133676
Jimmy White,England,2022-11-09,1422.4920928000595
Jimmy White,England,2022-11-12,1414.582415041141
Jimmy White,England,2022-11-22,1443.1432406276263
Jimmy White,England,2022-11-23,1430.1669315832164
Jimmy White,England,2023-01-11,1413.0835413424916
Jimmy White,England,2023-01-25,1394.0828969727786
Jimmy White,England,2023-02-02,1419.8791552491512
Jimmy White,England,2023-02-02,1422.352085692715
Jimmy White,England,2023-02-15,1403.4886675109487
Jimmy White,England,2023-03-17,1448.5205645901062
Jimmy White,England,2023-03-19,1489.5444870280555
Jimmy White,England,2023-03-21,1561.939252892939
Jimmy White,England,2023-03-21,1516.0562692392564
Jimmy White,England,2023-04-06,1374.34381230224
Jimmy White,England,2023-07-11,1353.4582965751058
Jimmy White,England,2023-07-11,1314.6119627817245
Jimmy White,England,2023-07-11,1261.210024020511
Jimmy White,England,2023-07-25,1253.3711061453089
Jimmy White,England,2023-08-19,1193.2814388772308
Jimmy White,England,2023-09-05,1133.7537136128467
Jimmy White,England,2023-09-08,1185.7144544037717
Jimmy White,England,2023-09-18,1158.083167143805
Jimmy White,England,2023-10-22,1200.1824488763032
Jimmy White,England,2023-10-31,1212.4565716012798
Jimmy White,England,2023-11-13,1205.4240225160254
Jimmy White,England,2023-11-18,1179.7277620605842
Jimmy White,England,2023-12-06,1170.5595364583678
Jimmy White,England,2023-12-12,1231.8087307939418
Jimmy White,England,2023-12-14,1217.2501941361802
Jimmy White,England,2023-12-20,1236.646976771216
Jimmy White,England,2024-01-23,1221.825251988836
Jimmy White,England,2024-01-27,1205.3322715228921
Jimmy White,England,2024-04-11,1235.7267591170692
Jimmy White,England,2024-07-27,1320.952343350652
Jimmy White,England,2024-07-28,1409.895425148442
Jimmy White,England,2024-08-01,1334.298615111112
Jimmy White,England,2024-08-30,1354.7815441101718
Jimmy White,England,2024-08-31,1384.0358296218453
Jimmy White,England,2024-09-01,1412.9694896938074
Jimmy White,England,2024-09-13,1445.690431674018
Jimmy White,England,2024-09-14,1402.336097932553
Jimmy White,England,2024-09-28,1445.5108001806764
Jimmy White,England,2024-09-29,1502.146258546054
Jimmy White,England,2024-09-30,1402.622657846141
Jimmy White,England,2024-10-07,1417.525344268725
Jimmy White,England,2024-10-21,1492.335000285576
Jimmy White,England,2024-10-23,1504.7352690658229
Jimmy White,England,2024-10-29,1507.8626928622234
Jimmy White,England,2024-10-30,1484.0006482160861
Jimmy White,England,2024-11-17,1501.3438489831544
Jimmy White,England,2024-11-18,1555.4803480976884
Jimmy White,England,2024-12-04,1550.4794325598812
Jimmy White,England,2024-12-16,1531.273508940783
Jimmy White,England,2024-12-22,1517.7163080659698
Jimmy White,England,2025-02-04,1508.7358280471005
Jimmy White,England,2025-02-06,1510.44124555869
Jimmy White,England,2025-04-08,1482.7198209569456
Jimmy White,England,2025-04-11,1407.5972123023707
Jimmy White,England,2025-06-24,1593.4947446823153
Jimmy White,England,2025-06-25,1603.6445324295687
Jimmy White,England,2025-08-08,1530.2639527228548
Jimmy White,England,2025-08-24,1550.6608937928638
Jimmy White,England,2025-09-05,1525.1478242188573
Jimmy White,England,2025-09-11,1574.9935545940502
Jimmy White,England,2025-09-13,1593.6351069744646
Jimmy White,England,2025-10-02,1602.0846156180198
Jimmy White,England,2025-10-14,1596.2187136809976
Jimmy White,England,2025-11-22,1507.9642271692653
Jimmy White,England,2025-12-11,1489.9945715890462
Jimmy White,England,2026-01-05,1499.5191229107597
Jimmy White,England,2026-01-09,1566.2937799706756
Jimmy White,England,2026-01-10,1595.79397092871
Jimmy White,England,2026-02-11,1640.1464497372701
Mostafa Dorgham,Egypt,2023-08-19,1500.0
Mostafa Dorgham,Egypt,2023-08-19,1428.9547712682402
Mostafa Dorgham,Egypt,2023-09-04,1394.1126187185794
Mostafa Dorgham,Egypt,2023-09-21,1368.4641692084356
Mostafa Dorgham,Egypt,2023-10-02,1339.0878428021952
Mostafa Dorgham,Egypt,2023-10-17,1367.537902909321
Mostafa Dorgham,Egypt,2023-11-18,1351.2862529166293
Mostafa Dorgham,Egypt,2023-12-06,1358.2721353954405
Mostafa Dorgham,Egypt,2023-12-08,1353.6052061110497
Mostafa Dorgham,Egypt,2023-12-11,1380.337797559615
Mostafa Dorgham,Egypt,2023-12-20,1465.742251151727
Mostafa Dorgham,Egypt,2024-01-24,1457.8298934505785
Mostafa Dorgham,Egypt,2024-01-26,1485.6525058478805
Mostafa Dorgham,Egypt,2024-04-09,1420.3500660874518
Mostafa Dorgham,Egypt,2024-04-12,1414.0559221849119
Mostafa Dorgham,Egypt,2024-06-12,1401.6973992998064
Mostafa Dorgham,Egypt,2024-06-12,1396.504322945552
Mostafa Dorgham,Egypt,2024-06-12,1349.00506345742
Mostafa Dorgham,Egypt,2024-07-25,1360.4391034346422
Mostafa Dorgham,Egypt,2024-07-28,1472.0016356912854
Mostafa Dorgham,Egypt,2024-08-01,1478.681286518898
Mostafa Dorgham,Egypt,2024-08-30,1412.3605200547086
Mostafa Dorgham,Egypt,2024-09-13,1468.7678848325625
Mostafa Dorgham,Egypt,2024-09-14,1421.4070205321382
Mostafa Dorgham,Egypt,2024-09-28,1389.5044716741259
Mostafa Dorgham,Egypt,2024-09-30,1374.192732697398
Mostafa Dorgham,Egypt,2024-10-07,1421.0499073058959
Mostafa Dorgham,Egypt,2024-10-28,1437.3681599147721
Mostafa Dorgham,Egypt,2024-10-30,1437.8519292277838
Mostafa Dorgham,Egypt,2024-11-16,1420.5815145263828
Mostafa Dorgham,Egypt,2024-11-17,1481.9216844710757
Mostafa Dorgham,Egypt,2024-12-05,1477.77919079848
Mostafa Dorgham,Egypt,2024-12-18,1490.9688785099677
Mostafa Dorgham,Egypt,2024-12-22,1572.4246943587768
Mostafa Dorgham,Egypt,2025-02-04,1500.4759711107538
Mostafa Dorgham,Egypt,2025-04-09,1401.495546305829
Mostafa Dorgham,Egypt,2025-11-22,1325.807757219814
Andres Petrov,Estonia,2022-07-04,1500.0
Andres Petrov,Estonia,2022-07-04,1440.0
Andres Petrov,Estonia,2022-07-04,1414.588185123186
Andres Petrov,Estonia,2022-07-04,1408.1619130300996
Andres Petrov,Estonia,2022-07-16,1409.351318464197
Andres Petrov,Estonia,2022-08-26,1389.0687812225503
Andres Petrov,Estonia,2022-09-26,1351.0445418048919
Andres Petrov,Estonia,2022-10-29,1366.0947697829115
Andres Petrov,Estonia,2022-11-06,1397.3354308585926
Andres Petrov,Estonia,2022-11-07,1472.8575315297153
Andres Petrov,Estonia,2022-11-08,1500.7359626363996
Andres Petrov,Estonia,2022-11-10,1456.5006787752225
Andres Petrov,Estonia,2022-11-25,1377.7698350098162
Andres Petrov,Estonia,2022-11-28,1337.054920351107
Andres Petrov,Estonia,2022-12-14,1284.2535587829611
Andres Petrov,Estonia,2023-01-13,1274.0981688083957
Andres Petrov,Estonia,2023-01-26,1264.6410746958159
Andres Petrov,Estonia,2023-03-16,1205.9439901716776
Andres Petrov,Estonia,2023-04-03,1272.6001264957276
Andres Petrov,Estonia,2023-07-08,1251.8626229774986
Andres Petrov,Estonia,2023-07-08,1257.2362059256818
Andres Petrov,Estonia,2023-07-08,1212.4271877757503
Andres Petrov,Estonia,2023-07-26,1211.4630126285408
Andres Petrov,Estonia,2023-08-14,1155.083529389616
Andres Petrov,Estonia,2023-09-03,1214.106713738544
Andres Petrov,Estonia,2023-09-06,1219.2151603252498
Andres Petrov,Estonia,2023-09-22,1232.5501314774237
Andres Petrov,Estonia,2023-10-20,1301.4455796723507
Andres Petrov,Estonia,2023-10-23,1366.894902368034
Andres Petrov,Estonia,2023-10-25,1333.4059922755669
Andres Petrov,Estonia,2023-10-30,1323.0164759945342
Andres Petrov,Estonia,2023-11-19,1245.2939306897915
Andres Petrov,Estonia,2023-12-07,1239.687199177392
Andres Petrov,Estonia,2023-12-18,1097.1950609150836
Andres Petrov,Estonia,2024-01-24,1114.3903248625033
Andres Petrov,Estonia,2024-01-25,1051.4407888211265
Andres Petrov,Estonia,2024-04-09,1126.8753180960684
Andres Petrov,Estonia,2024-04-11,1273.275087477957
Andres Petrov,Estonia,2024-11-17,1225.3545966821955
James Cahill,England,2022-07-07,1500.0
James Cahill,England,2022-07-07,1445.2752140873358
James Cahill,England,2022-07-07,1411.4812497655066
James Cahill,England,2022-07-07,1446.5839302893376
James Cahill,England,2022-07-17,1513.6097177543397
James Cahill,England,2022-08-13,1472.8118627779913
James Cahill,England,2022-08-16,1395.8220792354443
James Cahill,England,2022-08-28,1358.6611493809023
James Cahill,England,2022-10-13,1364.9365795222518
James Cahill,England,2022-10-28,1371.6399122085593
James Cahill,England,2022-11-05,1442.894784094759
James Cahill,England,2022-11-06,1376.4526309362966
James Cahill,England,2022-11-23,1487.5061259717459
James Cahill,England,2022-11-24,1421.943318369051
James Cahill,England,2023-01-12,1349.7479625158649
James Cahill,England,2023-01-25,1341.3302255238214
James Cahill,England,2023-03-18,1376.5112185677056
James Cahill,England,2023-03-20,1486.303292796472
James Cahill,England,2023-03-21,1528.0551296167105
James Cahill,England,2023-03-21,1593.5107468956583
James Cahill,England,2023-04-05,1566.2916537700403
James Cahill,England,2023-04-08,1514.5768252897258
James Cahill,England,2023-04-10,1465.564842299368
James Cahill,England,2023-07-08,1408.1671359891059
James Cahill,England,2023-07-08,1456.5997147842309
James Cahill,England,2023-07-08,1480.1575115994003
James Cahill,England,2023-07-19,1499.2929223074882
James Cahill,England,2023-07-19,1514.9003696861737
James Cahill,England,2023-07-19,1477.019064083084
James Cahill,England,2023-07-27,1477.0620787854275
James Cahill,England,2023-08-14,1415.316222145742
James Cahill,England,2023-08-23,1439.9291086508103
James Cahill,England,2023-09-02,1421.2444759194282
James Cahill,England,2023-09-08,1471.0050500366676
James Cahill,England,2023-09-19,1401.00006927777
James Cahill,England,2023-10-03,1438.2219486259298
James Cahill,England,2023-10-18,1430.0008580679148
James Cahill,England,2023-10-24,1411.5473110498763
James Cahill,England,2023-11-02,1465.4774594027876
James Cahill,England,2023-11-19,1456.0370573844582
James Cahill,England,2023-11-20,1523.603264834348
James Cahill,England,2023-12-07,1509.965955599109
James Cahill,England,2023-12-12,1564.788535918512
James Cahill,England,2023-12-19,1534.9221904788692
James Cahill,England,2024-01-22,1558.4700760855476
James Cahill,England,2024-01-27,1582.624648991469
James Cahill,England,2024-04-11,1558.2980348844615
James Cahill,England,2024-04-14,1486.2401640645387
James Cahill,England,2025-06-30,1522.7275100117297
James Cahill,England,2025-06-30,1500.233723679163
James Cahill,England,2025-06-30,1490.8270026601358
Daniel Holoyda,Poland,2023-06-30,1500.0
Daniel Holoyda,Poland,2023-06-30,1476.2037111370705
Daniel Holoyda,Poland,2023-06-30,1431.4921317676728
Daniel Holoyda,Poland,2023-06-30,1365.2005494661764
Martin Gould,England,2022-07-22,1500.0
Martin Gould,England,2022-07-22,1380.9491888361158
Martin Gould,England,2022-08-11,1311.5393310326156
Martin Gould,England,2022-08-28,1328.9808121172741
Martin Gould,England,2022-10-12,1319.400888149337
Martin Gould,England,2022-10-19,1380.5229997533067
Martin Gould,England,2022-10-30,1419.6496415491881
Martin Gould,England,2022-11-08,1310.388283136021
Martin Gould,England,2022-11-22,1354.1535409874082
Martin Gould,England,2022-11-23,1320.7087506315384
Martin Gould,England,2022-11-30,1341.1914659825002
Martin Gould,England,2022-12-13,1487.84255263035
Martin Gould,England,2022-12-15,1541.9325835247898
Martin Gould,England,2022-12-15,1453.0984165283114
Martin Gould,England,2023-01-13,1459.2795650642108
Martin Gould,England,2023-01-25,1468.5947315449662
Martin Gould,England,2023-01-27,1472.1476255127538
Martin Gould,England,2023-01-28,1455.9967926941563
Martin Gould,England,2023-02-15,1423.6949831188397
Martin Gould,England,2023-03-16,1461.3173181116429
Martin Gould,England,2023-03-20,1515.839457998258
Martin Gould,England,2023-03-21,1483.715736314558
Martin Gould,England,2023-04-10,1445.463012802323
Martin Gould,England,2023-07-03,1404.6015787853626
Martin Gould,England,2023-07-03,1392.366139368593
Martin Gould,England,2023-07-03,1408.7632117750316
Martin Gould,England,2023-07-25,1440.0659540783479
Martin Gould,England,2023-08-18,1474.3083729111318
Martin Gould,England,2023-09-06,1523.9394168064841
Martin Gould,England,2023-10-03,1502.9209776904595
Martin Gould,England,2023-10-17,1521.9218449431753
Martin Gould,England,2023-11-02,1542.7202452229951
Martin Gould,England,2023-11-19,1518.3856151039515
Martin Gould,England,2023-11-20,1525.9391494046386
Martin Gould,England,2023-12-19,1531.867699606751
Vladislav Gradinari,Moldova,2023-01-25,1500.0
Vladislav Gradinari,Moldova,2023-01-25,1499.8179460239771
Vladislav Gradinari,Moldova,2023-01-27,1501.772978050081
Vladislav Gradinari,Moldova,2023-01-28,1488.7602302903529
Vladislav Gradinari,Moldova,2024-04-09,1377.566281155145
Vladislav Gradinari,Moldova,2024-11-16,1335.9180721266555
Vladislav Gradinari,Moldova,2024-12-05,1353.1889854096403
Vladislav Gradinari,Moldova,2024-12-06,1373.5106547311984
Vladislav Gradinari,Moldova,2024-12-07,1362.150396904947
Vladislav Gradinari,Moldova,2025-12-11,1346.3668896671818
John Higgins,Scotland,2022-07-24,1500.0
John Higgins,Scotland,2022-07-24,1496.1861489961652
John Higgins,Scotland,2022-09-26,1609.47545975323
John Higgins,Scotland,2022-09-27,1624.173533586527
John Higgins,Scotland,2022-10-06,1687.0314881813144
John Higgins,Scotland,2022-10-08,1726.9129818841293
John Higgins,Scotland,2022-10-17,1723.3724093595047
John Higgins,Scotland,2022-10-18,1779.4730301969767
John Higgins,Scotland,2022-10-20,1686.1360940639852
John Higgins,Scotland,2022-10-31,1730.3431688946223
John Higgins,Scotland,2022-10-31,1684.2601476593607
John Higgins,Scotland,2022-11-13,1642.004358760709
John Higgins,Scotland,2022-11-25,1663.0742442315125
John Higgins,Scotland,2022-11-26,1598.1965688102182
John Higgins,Scotland,2022-11-28,1652.2361513366704
John Higgins,Scotland,2022-11-30,1728.133941945128
John Higgins,Scotland,2022-12-01,1719.779507709253
John Higgins,Scotland,2022-12-12,1720.1826781237787
John Higgins,Scotland,2022-12-13,1770.7996255159364
John Higgins,Scotland,2022-12-14,1772.3862454336331
John Higgins,Scotland,2022-12-15,1767.9400612221627
John Higgins,Scotland,2023-01-05,1836.0714482813355
John Higgins,Scotland,2023-01-05,1884.2772392479028
John Higgins,Scotland,2023-01-05,1886.5881680056636
John Higgins,Scotland,2023-01-06,1861.7958965636465
John Higgins,Scotland,2023-01-06,1896.5729251529417
John Higgins,Scotland,2023-01-06,1902.176170198786
John Higgins,Scotland,2023-01-06,1965.813438685389
John Higgins,Scotland,2023-01-06,1946.5865780904749
John Higgins,Scotland,2023-01-10,1913.5172154247705
John Higgins,Scotland,2023-02-07,1928.3200908422648
John Higgins,Scotland,2023-02-07,1938.9897426552652
John Higgins,Scotland,2023-02-07,1913.3224243254629
John Higgins,Scotland,2023-02-08,1932.977892468826
John Higgins,Scotland,2023-02-08,1937.160026799417
John Higgins,Scotland,2023-02-08,1873.4883756339536
John Higgins,Scotland,2023-02-08,1956.4180634907286
John Higgins,Scotland,2023-02-08,1955.77267389404
John Higgins,Scotland,2023-02-13,2000.4129785218518
John Higgins,Scotland,2023-02-15,2020.4129259908918
John Higgins,Scotland,2023-02-16,2014.9482305736753
John Higgins,Scotland,2023-02-17,1919.0367870087537
John Higgins,Scotland,2023-03-01,1859.5457659120748
John Higgins,Scotland,2023-03-01,1863.0722115545746
John Higgins,Scotland,2023-03-01,1944.2047008850755
John Higgins,Scotland,2023-03-01,2009.962390318136
John Higgins,Scotland,2023-03-02,2059.275324781776
John Higgins,Scotland,2023-03-02,2148.750216045701
John Higgins,Scotland,2023-03-02,2169.6573173763286
John Higgins,Scotland,2023-03-02,2202.604634998062
John Higgins,Scotland,2023-03-18,2171.37512133566
John Higgins,Scotland,2023-03-20,2190.041301721518
John Higgins,Scotland,2023-03-21,2208.907827612014
John Higgins,Scotland,2023-03-21,2252.593490652523
John Higgins,Scotland,2023-03-22,2226.783975256624
John Higgins,Scotland,2023-04-18,2272.2710042638537
John Higgins,Scotland,2023-04-23,2448.8332408617657
John Higgins,Scotland,2023-04-26,2286.954715256247
John Higgins,Scotland,2023-07-25,2347.534995407261
John Higgins,Scotland,2023-08-22,2333.1136410276185
John Higgins,Scotland,2023-08-23,2344.0221474846912
John Higgins,Scotland,2023-08-24,2423.411109587899
John Higgins,Scotland,2023-08-25,2463.451039777548
John Higgins,Scotland,2023-08-26,2446.0679662793054
John Higgins,Scotland,2023-09-05,2456.6159344989887
John Higgins,Scotland,2023-09-11,2484.258129273344
John Higgins,Scotland,2023-09-12,2463.9633768134518
John Higgins,Scotland,2023-09-14,2496.1396457522615
John Higgins,Scotland,2023-09-22,2498.7759692132854
John Higgins,Scotland,2023-09-25,2467.2762842319444
John Higgins,Scotland,2023-09-27,2389.0923609770866
John Higgins,Scotland,2023-10-02,2382.828971550488
John Higgins,Scotland,2023-10-03,2351.3125420830625
John Higgins,Scotland,2023-10-04,2345.12801377816
John Higgins,Scotland,2023-10-05,2414.7733262063716
John Higgins,Scotland,2023-10-06,2450.62149184058
John Higgins,Scotland,2023-10-07,2461.5714569616243
John Higgins,Scotland,2023-10-10,2325.871232294758
John Higgins,Scotland,2023-11-05,2328.521898459137
John Higgins,Scotland,2023-11-07,2381.2380615333977
John Higgins,Scotland,2023-11-08,2262.514939119988
John Higgins,Scotland,2023-11-15,2264.1088998526366
John Higgins,Scotland,2023-11-15,2395.4519588131675
John Higgins,Scotland,2023-11-18,2255.0521118748093
John Higgins,Scotland,2023-11-28,2261.9118492074176
John Higgins,Scotland,2023-11-30,2202.075771725513
John Higgins,Scotland,2023-12-11,2220.515327424492
John Higgins,Scotland,2023-12-12,2190.453743287964
John Higgins,Scotland,2023-12-13,2197.36272497115
John Higgins,Scotland,2023-12-14,2175.6081393759905
John Higgins,Scotland,2023-12-15,2247.3941970215424
John Higgins,Scotland,2023-12-16,2213.6835919377127
John Higgins,Scotland,2023-12-18,2182.392917600169
John Higgins,Scotland,2024-01-10,2218.0135120332297
John Higgins,Scotland,2024-01-16,2134.965105951289
John Higgins,Scotland,2024-01-24,2120.5642686041087
John Higgins,Scotland,2024-01-31,2190.1278339603036
John Higgins,Scotland,2024-02-01,2257.951056439513
John Higgins,Scotland,2024-02-02,2284.613592489605
John Higgins,Scotland,2024-02-05,2321.928972259666
John Higgins,Scotland,2024-02-05,2355.1431887933627
John Higgins,Scotland,2024-02-05,2333.3991086715255
John Higgins,Scotland,2024-02-05,2329.56089974985
John Higgins,Scotland,2024-02-06,2387.0944656931433
John Higgins,Scotland,2024-02-06,2406.350854210283
John Higgins,Scotland,2024-02-06,2444.0878070333047
John Higgins,Scotland,2024-02-06,2379.092093849983
John Higgins,Scotland,2024-02-07,2337.7540867765974
John Higgins,Scotland,2024-02-07,2254.488632996641
John Higgins,Scotland,2024-02-07,2258.481605084014
John Higgins,Scotland,2024-02-08,2269.567879028285
John Higgins,Scotland,2024-02-08,2317.262303690915
John Higgins,Scotland,2024-02-08,2351.4435625355577
John Higgins,Scotland,2024-02-08,2296.5684028008877
John Higgins,Scotland,2024-02-09,2321.585467007402
John Higgins,Scotland,2024-02-09,2352.861522356223
John Higgins,Scotland,2024-02-09,2355.294686441852
John Higgins,Scotland,2024-02-10,2390.3069487534945
John Higgins,Scotland,2024-02-10,2371.148013804403
John Higgins,Scotland,2024-02-10,2300.381174629582
John Higgins,Scotland,2024-02-10,2333.918936137716
John Higgins,Scotland,2024-02-10,2324.422208939173
John Higgins,Scotland,2024-02-12,2342.8500385297466
John Higgins,Scotland,2024-02-13,2311.441084149428
John Higgins,Scotland,2024-02-14,2307.217319596719
John Higgins,Scotland,2024-02-15,2283.2354338962105
John Higgins,Scotland,2024-02-16,2360.6621495230925
John Higgins,Scotland,2024-02-17,2333.7979885788345
John Higgins,Scotland,2024-02-19,2403.6490763443976
John Higgins,Scotland,2024-02-23,2379.15423060046
John Higgins,Scotland,2024-03-04,2397.723645695096
John Higgins,Scotland,2024-03-04,2422.742807421792
John Higgins,Scotland,2024-03-05,2358.2838243748574
John Higgins,Scotland,2024-03-12,2403.449988525539
John Higgins,Scotland,2024-03-12,2459.184741114436
John Higgins,Scotland,2024-03-12,2439.3574071603502
John Higgins,Scotland,2024-03-13,2419.9041629952503
John Higgins,Scotland,2024-03-13,2408.607838993299
John Higgins,Scotland,2024-03-13,2425.5650617531355
John Higgins,Scotland,2024-03-13,2347.9054127942986
John Higgins,Scotland,2024-03-19,2260.3471443019953
John Higgins,Scotland,2024-04-01,2340.2028138061514
John Higgins,Scotland,2024-04-25,2268.222972052592
John Higgins,Scotland,2024-04-29,2394.145496234825
John Higgins,Scotland,2024-05-01,2378.1939335450566
John Higgins,Scotland,2024-06-24,2286.044426040508
John Higgins,Scotland,2024-06-24,2241.750046941331
John Higgins,Scotland,2024-06-24,2297.396910570481
John Higgins,Scotland,2024-07-15,2369.790640234581
John Higgins,Scotland,2024-07-17,2296.6713064257865
John Higgins,Scotland,2024-07-25,2283.3678635857805
John Higgins,Scotland,2024-07-28,2270.6538239162796
John Higgins,Scotland,2024-08-19,2233.52716598658
John Higgins,Scotland,2024-09-03,2154.3842607375227
John Higgins,Scotland,2024-09-17,2149.8520520727757
John Higgins,Scotland,2024-09-18,2194.345445107578
John Higgins,Scotland,2024-09-19,2255.1316050388427
John Higgins,Scotland,2024-09-23,2280.1059034222235
John Higgins,Scotland,2024-09-25,2377.714888874891
John Higgins,Scotland,2024-09-26,2347.8733130558007
John Higgins,Scotland,2024-09-26,2317.8792906468793
John Higgins,Scotland,2024-09-27,2360.882795270804
John Higgins,Scotland,2024-09-28,2319.9721149632232
John Higgins,Scotland,2024-09-29,2338.2467475319736
John Higgins,Scotland,2024-09-30,2316.277186975286
John Higgins,Scotland,2024-10-07,2291.702676863971
John Higgins,Scotland,2024-10-08,2280.4006810151677
John Higgins,Scotland,2024-10-09,2305.784633960636
John Higgins,Scotland,2024-10-21,2318.045570971127
John Higgins,Scotland,2024-10-23,2279.695026629737
John Higgins,Scotland,2024-11-03,2294.539675898664
John Higgins,Scotland,2024-11-05,2299.336821317525
John Higgins,Scotland,2024-11-06,2286.811898875872
John Higgins,Scotland,2024-11-07,2396.317732227915
John Higgins,Scotland,2024-11-26,2443.283048837713
John Higgins,Scotland,2024-11-28,2468.665959334539
John Higgins,Scotland,2024-12-09,2437.811289402056
John Higgins,Scotland,2024-12-11,2465.298846300249
John Higgins,Scotland,2024-12-21,2476.893753168022
John Higgins,Scotland,2025-01-12,2477.6518380001735
John Higgins,Scotland,2025-01-27,2515.7741828404382
John Higgins,Scotland,2025-01-29,2480.707430453949
John Higgins,Scotland,2025-02-10,2501.8341050269555
John Higgins,Scotland,2025-02-12,2527.208089842551
John Higgins,Scotland,2025-02-13,2584.9679033117254
John Higgins,Scotland,2025-02-14,2631.008859083661
John Higgins,Scotland,2025-02-23,2642.976519259541
John Higgins,Scotland,2025-02-25,2629.016165269026
John Higgins,Scotland,2025-02-26,2657.9444413555743
John Higgins,Scotland,2025-02-27,2725.405121109985
John Higgins,Scotland,2025-02-28,2779.9574411068224
John Higgins,Scotland,2025-03-01,2888.2739586519197
John Higgins,Scotland,2025-03-04,2863.5293268258583
John Higgins,Scotland,2025-03-06,2970.050814026344
John Higgins,Scotland,2025-03-07,2919.8464598456026
John Higgins,Scotland,2025-03-19,2873.0081434919375
John Higgins,Scotland,2025-03-21,2935.518499975434
John Higgins,Scotland,2025-03-22,2964.0782277395074
John Higgins,Scotland,2025-04-03,3054.80362943297
John Higgins,Scotland,2025-04-04,3200.5885986820176
John Higgins,Scotland,2025-04-06,3283.7253002180823
John Higgins,Scotland,2025-04-21,3255.7044041471954
John Higgins,Scotland,2025-04-26,3278.94127207263
John Higgins,Scotland,2025-04-30,3253.0581050568717
John Higgins,Scotland,2025-06-22,3236.998203659271
John Higgins,Scotland,2025-07-30,3175.3053018527917
John Higgins,Scotland,2025-08-12,3135.5714754502133
John Higgins,Scotland,2025-08-25,3144.51310589216
John Higgins,Scotland,2025-08-26,3179.061153493267
John Higgins,Scotland,2025-08-27,3163.0375093495422
John Higgins,Scotland,2025-08-28,3101.4084320773773
John Higgins,Scotland,2025-09-02,3062.772565303092
John Higgins,Scotland,2025-09-22,3054.9442362819805
John Higgins,Scotland,2025-09-23,3049.5714560532656
John Higgins,Scotland,2025-09-24,3149.7613975873337
John Higgins,Scotland,2025-09-25,3141.9148637788926
John Higgins,Scotland,2025-09-26,3175.93770710745
John Higgins,Scotland,2025-09-27,3080.422150705441
John Higgins,Scotland,2025-09-30,3031.151948322356
John Higgins,Scotland,2025-10-19,3048.989792634021
John Higgins,Scotland,2025-10-21,3041.205997270813
John Higgins,Scotland,2025-10-23,3020.445912071363
John Higgins,Scotland,2025-10-24,2979.7426462363997
John Higgins,Scotland,2025-11-03,2959.2311904663225
John Higgins,Scotland,2025-11-04,2938.013915239177
John Higgins,Scotland,2025-11-05,2963.9835441457035
John Higgins,Scotland,2025-11-06,3121.6990104748234
John Higgins,Scotland,2025-11-08,3200.7462523720833
John Higgins,Scotland,2025-11-09,3170.689106244962
John Higgins,Scotland,2025-11-13,3175.3561708626507
John Higgins,Scotland,2025-11-13,3230.1262901869295
John Higgins,Scotland,2025-11-19,3269.414436446078
John Higgins,Scotland,2025-11-20,3218.992193622855
John Higgins,Scotland,2025-11-29,3194.8064618299322
John Higgins,Scotland,2025-12-04,3274.304048854973
John Higgins,Scotland,2025-12-15,3266.456265590367
John Higgins,Scotland,2025-12-17,3138.47412649353
John Higgins,Scotland,2026-01-13,3158.1346872010877
John Higgins,Scotland,2026-01-15,3179.280330321849
John Higgins,Scotland,2026-01-17,3285.5650854011037
John Higgins,Scotland,2026-01-18,3213.06265418506
John Higgins,Scotland,2026-01-27,3222.004957277266
John Higgins,Scotland,2026-01-28,3237.060674807276
John Higgins,Scotland,2026-01-29,3188.922454874258
John Higgins,Scotland,2026-02-04,3161.2667048694275
John Higgins,Scotland,2026-02-17,3213.2384002957356
John Higgins,Scotland,2026-02-19,3199.6443389216074
John Higgins,Scotland,2026-02-21,3280.208006649191
John Higgins,Scotland,2026-02-22,3378.1564813270247
John Higgins,Scotland,2026-02-24,3345.3106148412467
John Higgins,Scotland,2026-02-25,3362.463894703
John Higgins,Scotland,2026-02-26,3417.440491971753
John Higgins,Scotland,2026-02-27,3409.103910216068
John Higgins,Scotland,2026-02-28,3392.4827270270416
Ellise Scott,England,2025-12-11,1500.0
Ellise Scott,England,2025-12-11,1487.168603347212
Chen Zifan,China,2022-07-01,1500.0
Chen Zifan,China,2022-07-01,1487.992528222204
Chen Zifan,China,2022-07-01,1525.884475709603
Chen Zifan,China,2022-07-01,1463.95677709639
Chen Zifan,China,2022-07-24,1378.6745154549667
Chen Zifan,China,2022-08-09,1401.7667820306924
Chen Zifan,China,2022-08-23,1444.3472267755994
Chen Zifan,China,2022-09-28,1442.5155983158108
Chen Zifan,China,2022-10-12,1457.9738390127081
Chen Zifan,China,2022-10-17,1408.3785465389992
Chen Zifan,China,2022-10-27,1469.518612079078
Chen Zifan,China,2022-11-05,1390.1198239326175
Chen Zifan,China,2022-11-23,1349.5023492200255
Chen Zifan,China,2022-11-30,1281.8100392732017
Chen Zifan,China,2022-12-13,1251.7108663468475
Michael Georgiou,Cyprus,2023-01-26,1500.0
Michael Georgiou,Cyprus,2023-01-26,1509.6595530843413
Michael Georgiou,Cyprus,2023-01-27,1494.343341826186
Michael Georgiou,Cyprus,2023-04-04,1415.8944192322815
Michael Georgiou,Cyprus,2023-04-07,1462.8157165192874
Dong Zihao,China,2023-09-11,1500.0
Dong Zihao,China,2023-09-11,1447.145594977834
Hesham Shawky,Egypt,2025-08-08,1500.0
Hesham Shawky,Egypt,2025-08-08,1579.8798773288604
Hesham Shawky,Egypt,2025-08-09,1551.3509757302747
Himanshu Jain,India,2022-07-21,1500.0
Himanshu Jain,India,2022-07-21,1485.365357455809
Himanshu Jain,India,2022-07-21,1500.146014887501
Himanshu Jain,India,2022-07-21,1445.0988331218653
Himanshu Jain,India,2022-08-09,1396.9188626484727
Himanshu Jain,India,2022-08-23,1312.7201761983906
Himanshu Jain,India,2022-10-12,1334.5031556070383
Himanshu Jain,India,2022-10-25,1246.1249085156478
Himanshu Jain,India,2022-11-05,1186.0883712889358
Himanshu Jain,India,2022-11-24,1100.5680814268762
Himanshu Jain,India,2022-11-29,1091.0511973996752
Himanshu Jain,India,2023-01-11,1051.967235404986
Himanshu Jain,India,2023-01-26,1046.1342253961684
Himanshu Jain,India,2023-03-17,1002.5463624655852
Himanshu Jain,India,2023-04-03,997.0029881622823
Himanshu Jain,India,2023-06-28,997.3658317713033
Himanshu Jain,India,2023-06-28,970.1008279529854
Himanshu Jain,India,2023-06-28,956.0194099162958
Himanshu Jain,India,2023-07-27,951.5474246529756
Himanshu Jain,India,2023-08-15,967.2838480180692
Himanshu Jain,India,2023-09-05,946.4408854061477
Himanshu Jain,India,2023-09-07,958.9573755923152
Himanshu Jain,India,2023-09-18,1002.8790821924983
Himanshu Jain,India,2023-10-19,982.953915973504
Himanshu Jain,India,2023-10-31,983.2272147495104
Himanshu Jain,India,2023-12-07,979.6323968671778
Himanshu Jain,India,2023-12-19,1006.4696048060181
Himanshu Jain,India,2024-01-23,1093.8024717508888
Himanshu Jain,India,2024-01-26,1134.097897336455
Himanshu Jain,India,2024-04-09,1123.723374418129
Lan Yuhao,China,2024-03-18,1500.0
Lan Yuhao,China,2024-03-18,1467.6204475529441
Lan Yuhao,China,2025-06-22,1554.236572124269
Lan Yuhao,China,2025-06-28,1457.7586952347087
Lan Yuhao,China,2025-07-02,1498.2886392431453
Lan Yuhao,China,2025-07-02,1533.3592612255507
Lan Yuhao,China,2025-07-02,1540.1941783315146
Lan Yuhao,China,2025-08-08,1574.2070097604794
Lan Yuhao,China,2025-08-09,1636.2895294889258
Lan Yuhao,China,2025-08-10,1694.240156747178
Lan Yuhao,China,2025-08-11,1763.1373849290944
Lan Yuhao,China,2025-09-01,1797.7256470700977
Lan Yuhao,China,2025-09-04,1797.2816639189853
Lan Yuhao,China,2025-09-06,1881.983863696193
Lan Yuhao,China,2025-09-12,1839.3238731887275
Lan Yuhao,China,2025-10-01,1921.834410464579
Lan Yuhao,China,2025-10-14,1939.0238504990318
Lan Yuhao,China,2025-10-15,1968.0076296502907
Lan Yuhao,China,2025-10-19,1970.371050383552
Lan Yuhao,China,2025-11-22,1948.4390937546184
Lan Yuhao,China,2025-12-10,1944.6181784117043
Lan Yuhao,China,2025-12-15,2053.710516902783
Lan Yuhao,China,2025-12-17,2048.455007043286
Lan Yuhao,China,2026-01-06,2010.5842505925627
Lan Yuhao,China,2026-01-07,2098.840763009116
Lan Yuhao,China,2026-01-08,2108.9175675995302
Lan Yuhao,China,2026-01-09,2058.961354026697
Lan Yuhao,China,2026-02-11,2088.6991537152308
Sophie Nix,Scotland,2024-12-04,1500.0
Sophie Nix,Scotland,2024-12-04,1493.0348755294228
Fahad Alghamdi,Saudi Arabia,2025-08-09,1500.0
Fahad Alghamdi,Saudi Arabia,2025-08-09,1406.4742111074595
Mink Nutcharut,Thailand,2022-07-05,1500.0
Mink Nutcharut,Thailand,2022-07-05,1463.9962641111022
Mink Nutcharut,Thailand,2022-07-05,1431.6281577197838
Mink Nutcharut,Thailand,2022-07-05,1421.2485841194148
Mink Nutcharut,Thailand,2022-07-23,1335.2945998183775
Mink Nutcharut,Thailand,2022-08-09,1295.4553730141456
Mink Nutcharut,Thailand,2022-08-23,1316.823694258526
Mink Nutcharut,Thailand,2022-10-12,1284.8247960521326
Mink Nutcharut,Thailand,2022-10-17,1240.6642135594857
Mink Nutcharut,Thailand,2022-10-27,1240.4281417063262
Mink Nutcharut,Thailand,2022-11-03,1248.4983707559313
Mink Nutcharut,Thailand,2022-11-05,1099.34847464774
Mink Nutcharut,Thailand,2022-11-21,1021.0118998206818
Mink Nutcharut,Thailand,2023-01-12,1025.2738948446536
Mink Nutcharut,Thailand,2023-01-25,1017.1788205980486
Mink Nutcharut,Thailand,2023-03-19,1051.4449133767102
Mink Nutcharut,Thailand,2023-04-04,1147.913768968703
Mink Nutcharut,Thailand,2023-07-14,1184.7293677013765
Mink Nutcharut,Thailand,2023-07-14,1208.7933539368032
Mink Nutcharut,Thailand,2023-07-14,1205.7045917380215
Mink Nutcharut,Thailand,2023-07-26,1203.4798651499566
Mink Nutcharut,Thailand,2023-08-17,1184.3664436401039
Mink Nutcharut,Thailand,2023-09-03,1192.0087973139298
Mink Nutcharut,Thailand,2023-09-07,1148.1513684502418
Mink Nutcharut,Thailand,2023-09-18,1117.8458201604465
Mink Nutcharut,Thailand,2023-10-20,1136.2259819066333
Mink Nutcharut,Thailand,2023-10-31,1084.4695475537833
Mink Nutcharut,Thailand,2023-11-18,1120.8819648044769
Mink Nutcharut,Thailand,2023-11-19,1178.8311733725693
Mink Nutcharut,Thailand,2023-12-07,1169.161771197725
Mink Nutcharut,Thailand,2023-12-21,1156.247081839351
Mink Nutcharut,Thailand,2024-01-22,1113.839219119775
Mink Nutcharut,Thailand,2024-01-25,1066.7617777042765
Mink Nutcharut,Thailand,2024-04-09,1055.583085313238
Mink Nutcharut,Thailand,2024-06-26,1095.962079722109
Mink Nutcharut,Thailand,2024-06-26,1131.961543018293
Mink Nutcharut,Thailand,2024-06-26,1100.591306823322
Mink Nutcharut,Thailand,2024-07-26,1064.4076442507612
Mink Nutcharut,Thailand,2024-07-28,1047.2593124977882
Mink Nutcharut,Thailand,2024-07-31,1000.120988826603
Mink Nutcharut,Thailand,2024-08-30,1060.8992675851284
Mink Nutcharut,Thailand,2024-08-31,1067.7987178463782
Mink Nutcharut,Thailand,2024-09-12,1057.9595229593194
Mink Nutcharut,Thailand,2024-09-16,1043.5398499864123
Mink Nutcharut,Thailand,2024-09-28,1034.7162064139748
Mink Nutcharut,Thailand,2024-10-28,1036.9504955395541
Mink Nutcharut,Thailand,2024-11-03,1105.0140470807264
Mink Nutcharut,Thailand,2024-11-16,1022.7772397830656
Mink Nutcharut,Thailand,2024-12-04,1010.3605613628342
Mink Nutcharut,Thailand,2024-12-16,1057.5409599648299
Mink Nutcharut,Thailand,2024-12-20,1040.0528953207154
Mink Nutcharut,Thailand,2025-02-05,1078.9439208525678
Mink Nutcharut,Thailand,2025-04-09,1137.4245738228035
Mink Nutcharut,Thailand,2025-06-28,1107.983193133062
Mink Nutcharut,Thailand,2025-07-11,1189.7953879029715
Mink Nutcharut,Thailand,2025-07-11,1181.2711951260392
Mink Nutcharut,Thailand,2025-07-11,1196.5512132586475
Mink Nutcharut,Thailand,2025-08-08,1165.6683039299448
Mink Nutcharut,Thailand,2025-08-24,1164.5010538970569
Mink Nutcharut,Thailand,2025-09-01,1159.853293021048
Mink Nutcharut,Thailand,2025-09-05,1162.0179036501586
Mink Nutcharut,Thailand,2025-09-12,1217.245847660017
Mink Nutcharut,Thailand,2025-09-14,1198.7957485040833
Mink Nutcharut,Thailand,2025-09-30,1195.479647233146
Mink Nutcharut,Thailand,2025-10-14,1157.532619331344
Mink Nutcharut,Thailand,2025-11-23,1150.6204550362604
Mink Nutcharut,Thailand,2026-01-05,1105.8268414017375
Mink Nutcharut,Thailand,2026-01-09,1142.581149411553
Mink Nutcharut,Thailand,2026-02-10,1164.0428085284866
Peifan Lei,China,2022-07-06,1500.0
Peifan Lei,China,2022-07-06,1445.4145742196654
Peifan Lei,China,2022-07-06,1433.2108853073232
Peifan Lei,China,2022-07-06,1373.720913537355
Peifan Lei,China,2022-07-23,1388.0087510498051
Peifan Lei,China,2022-08-28,1366.1079128594788
Peifan Lei,China,2022-09-26,1303.6465817227397
Peifan Lei,China,2022-10-26,1332.0450588677666
Peifan Lei,China,2022-11-07,1361.1233748782367
Peifan Lei,China,2022-11-08,1376.5807269061622
Peifan Lei,China,2022-11-21,1324.5138637011044
Peifan Lei,China,2022-11-28,1272.2494661974333
Peifan Lei,China,2022-12-13,1394.1857747244892
Peifan Lei,China,2023-01-13,1306.6674805088169
Peifan Lei,China,2023-01-26,1293.8170087786364
Peifan Lei,China,2023-03-17,1248.9116186592241
Peifan Lei,China,2023-04-08,1349.661782549104
Peifan Lei,China,2024-06-22,1339.0254541642712
Peifan Lei,China,2024-06-22,1350.6609732207094
Peifan Lei,China,2024-06-22,1324.4519506905121
Peifan Lei,China,2024-07-25,1397.5022825710985
Peifan Lei,China,2024-07-30,1484.8754672149196
Peifan Lei,China,2024-08-03,1477.0512645406263
Peifan Lei,China,2024-08-30,1483.5084026823552
Peifan Lei,China,2024-08-31,1517.852315582764
Peifan Lei,China,2024-09-01,1571.3377079684099
Peifan Lei,China,2024-09-02,1666.3393011445187
Peifan Lei,China,2024-09-03,1674.997124728645
Peifan Lei,China,2024-09-12,1700.89217127744
Peifan Lei,China,2024-09-13,1649.9956119916387
Peifan Lei,China,2024-09-28,1638.317886004368
Peifan Lei,China,2024-09-29,1740.7677325438533
Peifan Lei,China,2024-09-30,1849.6399612867829
Peifan Lei,China,2024-10-20,1970.018027332832
Peifan Lei,China,2024-10-23,1984.6395363525041
Peifan Lei,China,2024-10-24,1944.782223138894
Peifan Lei,China,2024-10-28,1949.6530331669455
Peifan Lei,China,2024-10-30,1988.0187090324769
Peifan Lei,China,2024-11-16,2016.4369771929591
Peifan Lei,China,2024-11-18,2020.5833634970763
Peifan Lei,China,2024-11-19,2035.0125882119826
Peifan Lei,China,2024-11-21,2079.447903213496
Peifan Lei,China,2024-11-26,2020.8150287995998
Peifan Lei,China,2024-12-05,1994.4138717718063
Peifan Lei,China,2024-12-10,2022.442871600551
Peifan Lei,China,2024-12-11,2079.8032544757284
Peifan Lei,China,2024-12-12,2148.7154146683174
Peifan Lei,China,2024-12-13,2134.330687431361
Peifan Lei,China,2024-12-14,2238.2246662519387
Peifan Lei,China,2024-12-15,2388.6877873344283
Peifan Lei,China,2024-12-17,2351.2328891466423
Peifan Lei,China,2024-12-21,2337.237842292914
Peifan Lei,China,2025-02-05,2335.136348359257
Peifan Lei,China,2025-02-24,2338.9022966600055
Peifan Lei,China,2025-03-05,2403.2493404596166
Peifan Lei,China,2025-03-06,2481.9019494444033
Peifan Lei,China,2025-03-18,2516.4911564481627
Peifan Lei,China,2025-04-14,2489.1419958870347
Peifan Lei,China,2025-04-16,2486.687653054905
Peifan Lei,China,2025-04-19,2733.5135951717266
Peifan Lei,China,2025-04-27,2772.2413284883833
Peifan Lei,China,2025-06-24,2781.1814366321396
Peifan Lei,China,2025-06-28,2798.342554586731
Peifan Lei,China,2025-07-09,2778.811933010563
Peifan Lei,China,2025-07-09,2804.5616051846864
Peifan Lei,China,2025-07-09,2805.1923791854533
Peifan Lei,China,2025-07-19,2757.982808631331
Peifan Lei,China,2025-07-19,2712.8514807120446
Peifan Lei,China,2025-07-19,2650.20839006218
Peifan Lei,China,2025-07-29,2664.12751343375
Peifan Lei,China,2025-08-10,2537.684378056838
Peifan Lei,China,2025-08-25,2569.280836551413
Peifan Lei,China,2025-08-26,2563.996534907303
Peifan Lei,China,2025-09-01,2505.4342035417644
Peifan Lei,China,2025-09-15,2505.6138772331797
Peifan Lei,China,2025-09-17,2486.7206244859435
Peifan Lei,China,2025-09-24,2483.2645304214666
Peifan Lei,China,2025-09-25,2502.6907872543616
Peifan Lei,China,2025-09-25,2524.4557328116953
Peifan Lei,China,2025-10-01,2525.203757631104
Peifan Lei,China,2025-10-20,2434.8177998883903
Peifan Lei,China,2025-11-03,2460.772680860149
Peifan Lei,China,2025-11-04,2647.2401800577954
Peifan Lei,China,2025-11-10,2743.0052342199674
Peifan Lei,China,2025-11-10,2785.7267190134567
Peifan Lei,China,2025-11-25,2769.0576557644854
Peifan Lei,China,2025-11-27,2785.186926105891
Peifan Lei,China,2025-12-02,2816.538816228049
Peifan Lei,China,2025-12-15,2833.6995868720246
Peifan Lei,China,2025-12-17,2809.5595855294328
Peifan Lei,China,2026-01-08,2751.0227589026626
Peifan Lei,China,2026-01-23,2714.4652156267657
Peifan Lei,China,2026-01-23,2755.8793713912232
Peifan Lei,China,2026-01-23,2811.0166024341365
Peifan Lei,China,2026-01-23,2719.7666280745316
Peifan Lei,China,2026-01-24,2686.4244571247177
Peifan Lei,China,2026-01-24,2756.1036442954346
Peifan Lei,China,2026-02-10,2740.0748866135245
Peifan Lei,China,2026-02-23,2687.132647821862
Khalid Kamali,United Arab Emirates,2024-08-30,1500.0
Khalid Kamali,United Arab Emirates,2024-08-30,1456.2626053973538
Mark Joyce,England,2022-07-21,1500.0
Mark Joyce,England,2022-07-21,1440.9017462979045
Mark Joyce,England,2022-07-21,1458.8747427891872
Mark Joyce,England,2022-07-21,1470.9868714553752
Mark Joyce,England,2022-07-23,1549.8123872373953
Mark Joyce,England,2022-08-13,1561.2246995421663
Mark Joyce,England,2022-08-17,1592.856954799482
Mark Joyce,England,2022-08-18,1502.7004723521773
Mark Joyce,England,2022-08-25,1415.6521067769158
Mark Joyce,England,2022-09-27,1357.7256885724648
Mark Joyce,England,2022-10-13,1395.0594867825052
Mark Joyce,England,2022-11-06,1464.0573942032913
Mark Joyce,England,2022-11-08,1441.9088697122033
Mark Joyce,England,2022-11-22,1414.2458022382607
Mark Joyce,England,2022-11-29,1485.9795112325096
Mark Joyce,England,2022-12-12,1554.4996006994177
Mark Joyce,England,2023-01-11,1550.9812338415916
Mark Joyce,England,2023-01-25,1527.8399678192902
Mark Joyce,England,2023-02-14,1468.7156428227968
Mark Joyce,England,2023-03-18,1480.9732970158352
Mark Joyce,England,2023-03-20,1482.3075452425169
Mark Joyce,England,2023-04-06,1460.5929750700336
Mark Joyce,England,2023-04-08,1404.6587017065706
Mark Joyce,England,2023-07-08,1437.727324776809
Mark Joyce,England,2023-07-08,1408.3296572215238
Mark Joyce,England,2023-07-08,1398.2349432722235
Mark Joyce,England,2023-07-27,1360.9758498240285
Mark Joyce,England,2023-08-15,1310.935114063399
Mark Joyce,England,2023-09-04,1305.8111264375937
Mark Joyce,England,2023-09-06,1306.980636657778
Mark Joyce,England,2023-09-18,1270.554948606283
Mark Joyce,England,2023-10-09,1388.0717543130759
Mark Joyce,England,2023-10-23,1374.91089624449
Mark Joyce,England,2023-10-31,1423.408310173001
Mark Joyce,England,2023-11-06,1481.2558261600504
Mark Joyce,England,2023-11-20,1573.4046819155458
Mark Joyce,England,2023-11-21,1642.3083285607086
Mark Joyce,England,2023-11-23,1633.9124325383184
Mark Joyce,England,2023-11-27,1596.3382470296217
Mark Joyce,England,2023-12-07,1592.5981345124026
Mark Joyce,England,2023-12-08,1572.0756360331504
Mark Joyce,England,2023-12-21,1580.18617875103
Mark Joyce,England,2024-01-23,1543.6753189347212
Mark Joyce,England,2024-01-27,1505.4772487185946
Mark Joyce,England,2024-01-30,1489.2009776122643
Mark Joyce,England,2024-04-11,1474.6577523700462
Mark Joyce,England,2024-06-14,1500.7232226892074
Mark Joyce,England,2024-06-14,1507.822807843104
Mark Joyce,England,2024-06-14,1529.7125985927953
Mark Joyce,England,2024-08-01,1562.1975223821935
Mark Joyce,England,2024-09-12,1461.9711669683813
Mark Joyce,England,2024-09-25,1460.9446235120317
Mark Joyce,England,2024-09-28,1472.2864360112333
Mark Joyce,England,2024-10-06,1515.7614900331891
Mark Joyce,England,2024-10-07,1589.1215441203246
Mark Joyce,England,2024-10-08,1615.5280574259648
Mark Joyce,England,2024-10-09,1731.2994461074768
Mark Joyce,England,2024-11-16,1590.771374572831
Mark Joyce,England,2024-12-05,1592.3942408463313
Mark Joyce,England,2024-12-06,1587.1094588861793
Ali Carter,England,2022-07-14,1500.0
Ali Carter,England,2022-07-14,1516.705876499623
Ali Carter,England,2022-07-14,1529.672394917621
Ali Carter,England,2022-07-14,1539.4000276475863
Ali Carter,England,2022-07-22,1595.4900546911554
Ali Carter,England,2022-07-27,1528.4353811616122
Ali Carter,England,2022-07-27,1495.9229851329005
Ali Carter,England,2022-07-27,1519.9587872576667
Ali Carter,England,2022-08-13,1443.182078528011
Ali Carter,England,2022-08-16,1497.1045060562017
Ali Carter,England,2022-08-18,1588.1190211398743
Ali Carter,England,2022-08-19,1664.3900716545684
Ali Carter,England,2022-08-19,1699.2724550016262
Ali Carter,England,2022-08-20,1720.4346690145926
Ali Carter,England,2022-08-25,1633.7352334596155
Ali Carter,England,2022-10-12,1700.1007665754487
Ali Carter,England,2022-10-27,1720.466644218415
Ali Carter,England,2022-11-08,1730.292306515193
Ali Carter,England,2022-11-10,1742.3519785629248
Ali Carter,England,2022-11-23,1731.4346099278969
Ali Carter,England,2022-11-24,1751.3779453455218
Ali Carter,England,2022-11-29,1827.6348742809082
Ali Carter,England,2022-12-01,1855.685970244599
Ali Carter,England,2022-12-13,1850.3043868851278
Ali Carter,England,2022-12-15,1898.9973684165514
Ali Carter,England,2022-12-15,1988.7090668595918
Ali Carter,England,2022-12-16,1968.1987117027256
Ali Carter,England,2022-12-19,1875.534203799993
Ali Carter,England,2022-12-19,1868.101238766341
Ali Carter,England,2022-12-19,1871.629621289116
Ali Carter,England,2022-12-19,1878.6469521798738
Ali Carter,England,2022-12-20,1943.0872086561803
Ali Carter,England,2022-12-20,1905.6906376455731
Ali Carter,England,2023-01-13,1876.776790158606
Ali Carter,England,2023-01-18,1772.7408784222396
Ali Carter,England,2023-01-25,1775.4842797198512
Ali Carter,England,2023-01-27,1775.2741301537797
Ali Carter,England,2023-01-28,1806.8737029941938
Ali Carter,England,2023-01-28,1788.4142265160112
Ali Carter,England,2023-02-03,1812.6926736918356
Ali Carter,England,2023-02-03,1866.263560510881
Ali Carter,England,2023-02-04,1914.9446177034945
Ali Carter,England,2023-02-05,1969.0334596765156
Ali Carter,England,2023-02-15,1988.2570189005703
Ali Carter,England,2023-02-16,1914.4304634418613
Ali Carter,England,2023-02-22,2024.9902724962208
Ali Carter,England,2023-02-22,2072.47989801664
Ali Carter,England,2023-02-24,2085.7798992683643
Ali Carter,England,2023-02-26,2016.3826520215785
Ali Carter,England,2023-03-18,2035.7176098816199
Ali Carter,England,2023-03-20,2029.0806545110738
Ali Carter,England,2023-03-21,2082.544171266463
Ali Carter,England,2023-03-21,2102.405578072315
Ali Carter,England,2023-03-22,2130.410514041887
Ali Carter,England,2023-03-22,1984.9520053854435
Ali Carter,England,2023-03-28,1905.6228708122717
Ali Carter,England,2023-04-16,1815.7176108616645
Ali Carter,England,2023-07-06,1759.794227263738
Ali Carter,England,2023-07-06,1770.324551353135
Ali Carter,England,2023-07-06,1733.451064158122
Ali Carter,England,2023-07-28,1729.6880618108794
Ali Carter,England,2023-08-23,1730.900403549577
Ali Carter,England,2023-09-11,1795.5233863152105
Ali Carter,England,2023-09-12,1789.1639840649314
Ali Carter,England,2023-09-22,1747.3533072934235
Ali Carter,England,2023-09-25,1725.1575758530132
Ali Carter,England,2023-09-26,1708.8183532761154
Ali Carter,England,2023-09-27,1726.5655625042243
Ali Carter,England,2023-09-28,1737.0130873425926
Ali Carter,England,2023-10-02,1761.6098858126607
Ali Carter,England,2023-10-04,1767.9325347877493
Ali Carter,England,2023-10-05,1787.6712215024497
Ali Carter,England,2023-10-05,1714.1175076463844
Ali Carter,England,2023-10-09,1685.1811173070816
Ali Carter,England,2023-10-10,1752.9638907673104
Ali Carter,England,2023-10-11,1786.701561587663
Ali Carter,England,2023-10-12,1769.5496006611695
Ali Carter,England,2023-10-13,1855.078584096232
Ali Carter,England,2023-10-14,2033.6763938841889
Ali Carter,England,2023-10-15,2093.60672678174
Ali Carter,England,2023-11-05,2096.3572536203997
Ali Carter,England,2023-11-07,2182.5730930491727
Ali Carter,England,2023-11-08,2214.8605544783136
Ali Carter,England,2023-11-09,2224.2825528376466
Ali Carter,England,2023-11-13,2282.024360797207
Ali Carter,England,2023-11-13,2165.0053709643907
Ali Carter,England,2023-11-26,2078.6074983292187
Ali Carter,England,2023-12-06,2075.49222404091
Ali Carter,England,2023-12-08,2073.1853817570786
Ali Carter,England,2023-12-09,2068.956094443813
Ali Carter,England,2023-12-09,2069.8139508558697
Ali Carter,England,2023-12-09,2074.007814906281
Ali Carter,England,2023-12-09,2050.3801002080086
Ali Carter,England,2023-12-11,2048.3969451530925
Ali Carter,England,2023-12-12,2068.329130194387
Ali Carter,England,2023-12-13,2067.8256433383985
Ali Carter,England,2024-01-04,1987.876122230123
Ali Carter,England,2024-01-04,2020.4578801723308
Ali Carter,England,2024-01-04,2059.3073039666974
Ali Carter,England,2024-01-05,2019.2358518923527
Ali Carter,England,2024-01-05,2048.9376568464695
Ali Carter,England,2024-01-05,2094.0754759241963
Ali Carter,England,2024-01-05,2103.2488818807306
Ali Carter,England,2024-01-08,2210.8805697418857
Ali Carter,England,2024-01-12,2332.288819744458
Ali Carter,England,2024-01-13,2433.517123129034
Ali Carter,England,2024-01-14,2568.547946360418
Ali Carter,England,2024-01-16,2537.004906491163
Ali Carter,England,2024-01-17,2526.6986163580987
Ali Carter,England,2024-01-23,2537.228506922914
Ali Carter,England,2024-01-29,2522.795910590654
Ali Carter,England,2024-01-30,2508.327111987
Ali Carter,England,2024-01-31,2470.2281248280174
Ali Carter,England,2024-02-01,2431.061368001201
Ali Carter,England,2024-02-02,2322.0100886575597
Ali Carter,England,2024-02-12,2220.0345352362133
Ali Carter,England,2024-02-20,2246.5892709413683
Ali Carter,England,2024-02-21,2373.098963563009
Ali Carter,England,2024-02-23,2321.1571179281436
Ali Carter,England,2024-03-04,2362.197321687578
Ali Carter,England,2024-03-05,2275.545277425262
Ali Carter,England,2024-03-18,2311.9387498013366
Ali Carter,England,2024-03-20,2209.288795501668
Ali Carter,England,2024-04-02,2293.0971784139474
Ali Carter,England,2024-04-03,2315.1614948081174
Ali Carter,England,2024-04-21,2242.2384692585933
Ali Carter,England,2024-06-26,2276.8722649013116
Ali Carter,England,2024-06-26,2255.3526440831247
Ali Carter,England,2024-06-26,2209.8757304425612
Ali Carter,England,2024-06-29,2203.027771163461
Ali Carter,England,2024-06-29,2257.5056446727276
Ali Carter,England,2024-06-29,2280.916764653564
Ali Carter,England,2024-06-29,2273.2694572192677
Ali Carter,England,2024-07-03,2317.815193106833
Ali Carter,England,2024-07-03,2358.82489110261
Ali Carter,England,2024-07-03,2348.806815646916
Ali Carter,England,2024-07-03,2392.6830107782066
Ali Carter,England,2024-07-15,2370.7118178286382
Ali Carter,England,2024-07-16,2439.8672093357645
Ali Carter,England,2024-07-26,2407.1207822061565
Ali Carter,England,2024-07-29,2418.003156430628
Ali Carter,England,2024-09-03,2396.6470598515
Ali Carter,England,2024-09-16,2390.8940389218833
Ali Carter,England,2024-09-18,2321.391341883967
Ali Carter,England,2024-09-23,2316.4610322152084
Ali Carter,England,2024-10-06,2370.2824703259307
Ali Carter,England,2024-10-08,2358.5084811607367
Ali Carter,England,2024-10-09,2394.440027751859
Ali Carter,England,2024-10-22,2316.610936544211
Ali Carter,England,2024-11-03,2269.651698480117
Ali Carter,England,2024-11-04,2224.3752045051506
Ali Carter,England,2024-11-05,2188.2922026059878
Ali Carter,England,2024-11-13,2204.0847191604153
Ali Carter,England,2024-11-24,2225.7033463077096
Ali Carter,England,2024-11-27,2275.8174507403937
Ali Carter,England,2024-12-05,2290.278529917548
Ali Carter,England,2024-12-06,2292.873643138634
Ali Carter,England,2024-12-07,2262.975566755503
Ali Carter,England,2024-12-09,2286.242111788853
Ali Carter,England,2024-12-11,2308.09733500791
Ali Carter,England,2024-12-12,2280.473635919879
Ali Carter,England,2024-12-21,2291.338770720086
Ali Carter,England,2025-01-06,2307.28476193641
Ali Carter,England,2025-01-06,2302.963065089611
Ali Carter,England,2025-01-06,2295.2673186499633
Ali Carter,England,2025-01-06,2263.5194418115257
Ali Carter,England,2025-01-07,2290.1372121484774
Ali Carter,England,2025-01-07,2321.411550307472
Ali Carter,England,2025-01-07,2311.6916567744506
Ali Carter,England,2025-01-08,2241.16859541789
Ali Carter,England,2025-01-08,2233.7967994811347
Ali Carter,England,2025-01-08,2255.005160249539
Ali Carter,England,2025-01-08,2282.882220762476
Ali Carter,England,2025-01-09,2349.4375577731794
Ali Carter,England,2025-01-09,2363.5934048375143
Ali Carter,England,2025-01-13,2340.4652372757037
Ali Carter,England,2025-01-29,2185.853556591081
Ali Carter,England,2025-02-11,2203.746328854978
Ali Carter,England,2025-02-12,2243.0477565249194
Ali Carter,England,2025-02-13,2238.8003335974013
Ali Carter,England,2025-02-14,2351.7514686365716
Ali Carter,England,2025-02-15,2320.174212160178
Ali Carter,England,2025-02-23,2314.3925758891896
Ali Carter,England,2025-02-25,2391.7533814155586
Ali Carter,England,2025-02-26,2415.8191992365
Ali Carter,England,2025-02-27,2476.3748999100053
Ali Carter,England,2025-02-28,2526.130236591935
Ali Carter,England,2025-03-04,2599.53523268258
Ali Carter,England,2025-04-14,2571.2270129268845
Ali Carter,England,2025-04-16,2544.031384166021
Ali Carter,England,2025-04-23,2484.869114196615
Ali Carter,England,2025-06-23,2469.6427678379273
Ali Carter,England,2025-07-07,2428.232039421122
Ali Carter,England,2025-07-07,2455.575272811138
Ali Carter,England,2025-07-07,2457.2042560281548
Ali Carter,England,2025-07-29,2482.9372009775334
Ali Carter,England,2025-07-30,2721.7331548298007
Ali Carter,England,2025-07-31,2896.171082281692
Ali Carter,England,2025-08-01,3177.4495936715903
Ali Carter,England,2025-08-03,3294.1449171492673
Ali Carter,England,2025-08-12,3278.102129450118
Ali Carter,England,2025-08-13,3303.839080712967
Ali Carter,England,2025-08-14,3263.0197238633673
Ali Carter,England,2025-08-24,3174.422113777156
Ali Carter,England,2025-09-01,3158.3624295042937
Ali Carter,England,2025-09-16,3200.8529269509568
Ali Carter,England,2025-09-17,3219.4811341052637
Ali Carter,England,2025-09-22,3186.6332650076065
Ali Carter,England,2025-09-24,3211.2427377350277
Ali Carter,England,2025-09-25,3228.4311835840463
Ali Carter,England,2025-09-25,3248.1143328041353
Ali Carter,England,2025-10-02,3248.8424500888473
Ali Carter,England,2025-10-08,3185.901660211719
Ali Carter,England,2025-10-21,3204.407233558131
Ali Carter,England,2025-10-22,3221.7829413897803
Ali Carter,England,2025-11-25,3149.9358784417836
Ali Carter,England,2025-12-16,3096.264158214197
Ali Carter,England,2026-01-08,3105.6423467807012
Ali Carter,England,2026-01-28,3141.50372903701
Ali Carter,England,2026-01-29,3131.956751759676
Ali Carter,England,2026-01-30,3152.759329880925
Ali Carter,England,2026-01-31,3116.1478650593544
Ali Carter,England,2026-02-04,3135.480950924968
Ali Carter,England,2026-02-05,3122.7380867242837
Ali Carter,England,2026-02-06,3157.6688847028186
Ali Carter,England,2026-02-11,3116.6090013855783
Ali Carter,England,2026-02-23,3063.9562053804334
Si Jiahui,China,2022-07-11,1500.0
Si Jiahui,China,2022-07-11,1487.992528222204
Si Jiahui,China,2022-07-12,1502.8707916024298
Si Jiahui,China,2022-07-12,1509.5086710569205
Si Jiahui,China,2022-07-17,1507.4422277876167
Si Jiahui,China,2022-08-16,1514.0952943021086
Si Jiahui,China,2022-08-18,1602.7245095160545
Si Jiahui,China,2022-08-19,1623.7090265952252
Si Jiahui,China,2022-08-19,1610.3259861265144
Si Jiahui,China,2022-08-24,1637.3903973911488
Si Jiahui,China,2022-09-26,1564.9723911617193
Si Jiahui,China,2022-10-14,1503.5253515776817
Si Jiahui,China,2022-10-17,1426.1054349223855
Si Jiahui,China,2022-10-25,1319.7609914488341
Si Jiahui,China,2022-11-05,1315.9006000069076
Si Jiahui,China,2022-11-07,1374.3950514535236
Si Jiahui,China,2022-11-08,1384.0347213551665
Si Jiahui,China,2022-11-24,1420.1577076472568
Si Jiahui,China,2022-11-26,1434.3113268091756
Si Jiahui,China,2023-01-13,1480.038419921041
Si Jiahui,China,2023-01-26,1462.209438453495
Si Jiahui,China,2023-02-02,1485.5855205551256
Si Jiahui,China,2023-02-15,1515.8454964645107
Si Jiahui,China,2023-03-16,1562.3044778547928
Si Jiahui,China,2023-03-19,1633.9413992075986
Si Jiahui,China,2023-03-21,1549.2485470027182
Si Jiahui,China,2023-04-06,1522.0872210715559
Si Jiahui,China,2023-04-09,1681.8841241308653
Si Jiahui,China,2023-04-11,1705.260011099391
Si Jiahui,China,2023-04-20,1995.087768676157
Si Jiahui,China,2023-04-24,2022.5026883515272
Si Jiahui,China,2023-04-26,2092.0598126180803
Si Jiahui,China,2023-04-29,2302.0802067709124
Si Jiahui,China,2023-07-08,2280.1068824331765
Si Jiahui,China,2023-07-08,2232.9912353422637
Si Jiahui,China,2023-07-08,2210.6913147992673
Si Jiahui,China,2023-07-18,2172.2546607679033
Si Jiahui,China,2023-07-18,2192.635237866267
Si Jiahui,China,2023-07-18,2153.280901903539
Si Jiahui,China,2023-07-26,2140.1227481746746
Si Jiahui,China,2023-08-14,2109.4483678987017
Si Jiahui,China,2023-08-22,2070.4709327598607
Si Jiahui,China,2023-08-24,1942.1729597568237
Si Jiahui,China,2023-09-06,1936.550939679188
Si Jiahui,China,2023-09-11,1846.1267090185768
Si Jiahui,China,2023-09-22,1812.191028333441
Si Jiahui,China,2023-09-26,1883.2246330047863
Si Jiahui,China,2023-09-28,1874.840741898014
Si Jiahui,China,2023-10-04,1847.4788720379072
Si Jiahui,China,2023-10-05,1897.6140101569538
Si Jiahui,China,2023-10-09,1887.3153638955828
Si Jiahui,China,2023-10-10,1891.1857003190396
Si Jiahui,China,2023-10-11,1895.636525452643
Si Jiahui,China,2023-10-20,1871.3335008429524
Si Jiahui,China,2023-10-30,1897.2810633761683
Si Jiahui,China,2023-11-06,1860.9340322087667
Si Jiahui,China,2023-11-20,1819.6934408970874
Si Jiahui,China,2023-12-07,1821.0721414683346
Si Jiahui,China,2023-12-08,1833.3933517367961
Si Jiahui,China,2023-12-09,1837.0792420934195
Si Jiahui,China,2023-12-09,1850.0201672153387
Si Jiahui,China,2023-12-09,1842.7523408835125
Si Jiahui,China,2023-12-13,1874.071510775573
Si Jiahui,China,2023-12-14,1922.4794833790745
Si Jiahui,China,2023-12-18,2026.1757672073147
Si Jiahui,China,2024-01-23,1990.093660559248
Si Jiahui,China,2024-01-25,2053.070898028732
Si Jiahui,China,2024-01-30,2089.8438287992226
Si Jiahui,China,2024-01-31,2076.32607447002
Si Jiahui,China,2024-02-01,2075.92890469653
Si Jiahui,China,2024-02-02,2150.628667595499
Si Jiahui,China,2024-02-03,2241.4702020920936
Si Jiahui,China,2024-02-04,2336.5239311916907
Si Jiahui,China,2024-02-14,2329.978573081895
Si Jiahui,China,2024-02-14,2251.240530762315
Si Jiahui,China,2024-03-18,2166.6749080122495
Si Jiahui,China,2024-04-15,2187.803795645816
Si Jiahui,China,2024-04-17,2209.5251140638325
Si Jiahui,China,2024-04-23,2402.7562869280932
Si Jiahui,China,2024-04-27,2255.1044684660947
Si Jiahui,China,2024-06-21,2261.7866854265267
Si Jiahui,China,2024-06-21,2297.0206728000485
Si Jiahui,China,2024-06-21,2275.609918503993
Si Jiahui,China,2024-07-01,2264.2049207015048
Si Jiahui,China,2024-07-01,2238.617117229034
Si Jiahui,China,2024-07-01,2225.5908324338716
Si Jiahui,China,2024-07-15,2245.655174993916
Si Jiahui,China,2024-07-16,2333.0808006242723
Si Jiahui,China,2024-07-18,2290.559246001832
Si Jiahui,China,2024-07-27,2251.4118917544847
Si Jiahui,China,2024-07-28,2212.48149274711
Si Jiahui,China,2024-07-31,2237.9128204647036
Si Jiahui,China,2024-08-19,2223.9030072797805
Si Jiahui,China,2024-08-21,2137.3520736849864
Si Jiahui,China,2024-09-01,2131.441953245918
Si Jiahui,China,2024-09-02,2182.62919104146
Si Jiahui,China,2024-09-03,2156.895412728403
Si Jiahui,China,2024-09-04,2214.1522689356
Si Jiahui,China,2024-09-05,2376.4140374027797
Si Jiahui,China,2024-09-06,2397.3989301990714
Si Jiahui,China,2024-09-16,2366.8173811680595
Si Jiahui,China,2024-09-18,2365.526628022477
Si Jiahui,China,2024-09-19,2361.741249261146
Si Jiahui,China,2024-09-24,2258.073942544382
Si Jiahui,China,2024-10-07,2269.066435116982
Si Jiahui,China,2024-10-08,2236.532861550309
Si Jiahui,China,2024-10-09,2278.835390977926
Si Jiahui,China,2024-10-10,2326.0230442915995
Si Jiahui,China,2024-10-11,2524.418265769723
Si Jiahui,China,2024-10-12,2556.782071732708
Si Jiahui,China,2024-10-21,2477.435004778616
Si Jiahui,China,2024-11-03,2430.470595017326
Si Jiahui,China,2024-11-04,2483.6398794180554
Si Jiahui,China,2024-11-05,2489.941418026454
Si Jiahui,China,2024-11-24,2442.647044754985
Si Jiahui,China,2024-12-04,2463.677628016031
Si Jiahui,China,2024-12-06,2473.8129050474636
Si Jiahui,China,2024-12-07,2447.394533476615
Si Jiahui,China,2024-12-10,2443.4912643856396
Si Jiahui,China,2024-12-11,2362.4835588985447
Si Jiahui,China,2024-12-20,2203.1272629330206
Si Jiahui,China,2025-01-06,2222.776798916621
Si Jiahui,China,2025-01-06,2190.1036220084607
Si Jiahui,China,2025-01-06,2159.120178919396
Si Jiahui,China,2025-01-07,2264.7760286051603
Si Jiahui,China,2025-01-07,2267.3703816077236
Si Jiahui,China,2025-01-07,2271.8124397400184
Si Jiahui,China,2025-01-07,2351.1935897035632
Si Jiahui,China,2025-01-07,2416.5639335406395
Si Jiahui,China,2025-01-14,2422.5240746306367
Si Jiahui,China,2025-01-28,2408.491774492121
Si Jiahui,China,2025-01-29,2499.117831527072
Si Jiahui,China,2025-02-04,2541.458181506691
Si Jiahui,China,2025-02-04,2543.5004435930596
Si Jiahui,China,2025-02-04,2593.7598597432816
Si Jiahui,China,2025-02-05,2514.4067449048543
Si Jiahui,China,2025-02-05,2500.573650403367
Si Jiahui,China,2025-02-05,2513.4033690044853
Si Jiahui,China,2025-02-10,2459.1194694439655
Si Jiahui,China,2025-03-05,2496.9919663269948
Si Jiahui,China,2025-03-18,2536.870860936099
Si Jiahui,China,2025-04-01,2631.827516422135
Si Jiahui,China,2025-04-22,2636.116641745117
Si Jiahui,China,2025-04-28,2562.629553471048
Si Jiahui,China,2025-04-30,2647.177144329778
Si Jiahui,China,2025-06-22,2631.120760695559
Si Jiahui,China,2025-07-12,2537.7505372064043
Si Jiahui,China,2025-07-12,2490.0181814863467
Si Jiahui,China,2025-07-12,2516.094016576379
Si Jiahui,China,2025-07-28,2566.9048256754204
Si Jiahui,China,2025-07-29,2732.504931676662
Si Jiahui,China,2025-08-12,2771.972648489338
Si Jiahui,China,2025-08-13,2866.297598012903
Si Jiahui,China,2025-08-24,2850.298875123945
Si Jiahui,China,2025-08-26,2864.5711546706157
Si Jiahui,China,2025-08-27,2886.799495532015
Si Jiahui,China,2025-08-28,2866.128455831364
Si Jiahui,China,2025-09-02,2900.770102540265
Si Jiahui,China,2025-09-15,2868.144244410691
Si Jiahui,China,2025-09-17,2821.0457364408917
Si Jiahui,China,2025-09-22,2841.024737602913
Si Jiahui,China,2025-09-30,2841.8273392656797
Si Jiahui,China,2025-10-08,2901.2553151698644
Si Jiahui,China,2025-10-09,2838.8870547205265
Si Jiahui,China,2025-10-21,2806.149684099745
Si Jiahui,China,2025-10-22,2789.2137655649494
Si Jiahui,China,2025-10-23,2751.266718354997
Si Jiahui,China,2025-11-02,2727.1835929949257
Si Jiahui,China,2025-11-04,2883.075432030212
Si Jiahui,China,2025-11-05,2842.491721627575
Si Jiahui,China,2025-11-29,2819.832680605983
Si Jiahui,China,2025-12-03,2834.2933031679163
Si Jiahui,China,2025-12-11,2803.4414541409647
Si Jiahui,China,2025-12-15,2821.125878629907
Si Jiahui,China,2025-12-17,2723.8184905865724
Si Jiahui,China,2026-01-06,2696.519282467933
Si Jiahui,China,2026-01-06,2719.5848232287462
Si Jiahui,China,2026-01-06,2660.949125098319
Si Jiahui,China,2026-01-07,2614.1766938075984
Si Jiahui,China,2026-01-07,2657.550119195189
Si Jiahui,China,2026-01-07,2733.592316259871
Si Jiahui,China,2026-01-07,2796.5858046681137
Si Jiahui,China,2026-01-07,2822.3405884952936
Si Jiahui,China,2026-01-13,2790.913358872111
Si Jiahui,China,2026-01-27,2832.5173507302957
Si Jiahui,China,2026-01-28,2842.662361483661
Si Jiahui,China,2026-01-29,2856.2328372158718
Si Jiahui,China,2026-02-04,2871.5649916867123
Si Jiahui,China,2026-02-05,2931.629657417265
Si Jiahui,China,2026-02-06,2947.0455166741917
Si Jiahui,China,2026-02-10,2945.5583610195854
Si Jiahui,China,2026-02-10,2963.7813781601453
Si Jiahui,China,2026-02-10,2956.889512862778
Si Jiahui,China,2026-02-11,2982.875702166321
Si Jiahui,China,2026-02-11,3009.161652406002
Si Jiahui,China,2026-02-11,3089.374517257701
Si Jiahui,China,2026-02-11,3081.1222319271083
Si Jiahui,China,2026-02-12,3042.4864276380313
Si Jiahui,China,2026-02-23,2962.154155918195
Igor Figueiredo,Brazil,2024-11-11,1500.0
Igor Figueiredo,Brazil,2024-11-11,1534.5337130030782
Igor Figueiredo,Brazil,2024-11-16,1514.5260274086359
Igor Figueiredo,Brazil,2025-11-22,1687.166202669701
Igor Figueiredo,Brazil,2025-11-24,1702.8359011150537
Sahil Nayyar,India,2025-06-23,1500.0
Sahil Nayyar,India,2025-06-23,1550.6358722681096
Sahil Nayyar,India,2025-06-27,1493.3402994290218
Sahil Nayyar,India,2025-07-17,1457.6286095878286
Sahil Nayyar,India,2025-07-17,1445.441873738075
Sahil Nayyar,India,2025-07-17,1469.1648271899785
Sahil Nayyar,India,2025-08-08,1460.8885467811876
Sahil Nayyar,India,2025-08-09,1426.7172933601412
Sahil Nayyar,India,2025-09-03,1487.019519193603
Sahil Nayyar,India,2025-09-05,1470.3120667584383
Sahil Nayyar,India,2025-09-11,1449.6773272209748
Sahil Nayyar,India,2025-09-30,1492.5124691803078
Sahil Nayyar,India,2025-10-16,1513.479490418322
Sahil Nayyar,India,2025-11-22,1551.6888108456683
Sahil Nayyar,India,2025-12-11,1561.733133617071
Sahil Nayyar,India,2025-12-12,1546.3885182329986
Sahil Nayyar,India,2026-01-06,1574.4363556548835
Sahil Nayyar,India,2026-01-09,1589.9633929029264
Sahil Nayyar,India,2026-01-10,1574.5799388321655
Sahil Nayyar,India,2026-02-11,1592.1039661920881
Xu Si,China,2022-07-16,1500.0
Xu Si,China,2022-07-16,1496.1013066125224
Xu Si,China,2022-07-19,1511.240109429462
Xu Si,China,2022-07-19,1455.2225172176659
Xu Si,China,2022-07-19,1417.292627676101
Xu Si,China,2022-08-09,1423.5635859601307
Xu Si,China,2022-09-28,1443.2098249544354
Xu Si,China,2022-09-29,1381.8963365645388
Xu Si,China,2022-10-12,1494.062873667651
Xu Si,China,2022-10-16,1424.6731140375832
Xu Si,China,2022-10-30,1512.940940660076
Xu Si,China,2022-11-06,1539.9211488455805
Xu Si,China,2022-11-07,1649.7621147025407
Xu Si,China,2022-11-09,1722.033935787832
Xu Si,China,2022-11-15,1607.6292208267844
Xu Si,China,2022-11-24,1557.9582853232757
Xu Si,China,2022-11-30,1561.707324786313
Xu Si,China,2022-12-13,1574.7967526643254
Xu Si,China,2023-01-12,1583.5748606858465
Xu Si,China,2023-01-26,1595.3273736218925
Xu Si,China,2023-01-27,1607.4018563588832
Xu Si,China,2023-01-28,1590.2793125826654
Xu Si,China,2023-03-18,1695.0067165139749
Xu Si,China,2023-03-20,1749.7693926152197
Xu Si,China,2023-03-21,1764.3018788126572
Xu Si,China,2023-04-08,1784.8278376682053
Xu Si,China,2023-04-10,1790.7208658502243
Xu Si,China,2023-04-12,1640.1797801356006
Xu Si,China,2023-07-11,1677.6078552288448
Xu Si,China,2023-07-11,1634.4464244457138
Xu Si,China,2023-07-11,1653.3439458062453
Xu Si,China,2023-07-29,1701.4312063547943
Xu Si,China,2023-08-15,1700.592352745065
Xu Si,China,2023-08-22,1591.5139553892707
Xu Si,China,2023-09-02,1555.367714924781
Xu Si,China,2023-09-08,1567.3644293462114
Xu Si,China,2023-09-19,1519.8130747937228
Xu Si,China,2023-09-26,1452.3265467121528
Xu Si,China,2023-10-10,1608.1730336722826
Xu Si,China,2023-10-11,1531.082221765073
Xu Si,China,2023-10-19,1518.3302018846043
Xu Si,China,2023-10-24,1473.9929135254074
Xu Si,China,2023-10-31,1499.999154330979
Xu Si,China,2023-11-19,1557.1310699982023
Xu Si,China,2023-11-21,1543.6597244380112
Xu Si,China,2023-12-06,1548.2665318465554
Xu Si,China,2023-12-08,1562.3555418423523
Xu Si,China,2023-12-09,1549.0311655737974
Xu Si,China,2023-12-12,1522.545194553919
Xu Si,China,2024-01-24,1588.3028419907416
Xu Si,China,2024-01-27,1598.3044220738343
Xu Si,China,2024-01-29,1739.6301860346116
Xu Si,China,2024-01-30,1750.8914814702648
Xu Si,China,2024-01-31,1770.5879204212056
Xu Si,China,2024-02-01,1791.7943302262793
Xu Si,China,2024-03-18,1872.6097398728102
Xu Si,China,2024-04-13,1626.0568009721685
Xu Si,China,2024-06-27,1643.0035541871248
Xu Si,China,2024-06-27,1641.6138185925302
Xu Si,China,2024-06-27,1704.7352230931829
Xu Si,China,2024-07-26,1789.1394577427045
Xu Si,China,2024-07-28,1868.6940756370832
Xu Si,China,2024-08-01,1892.9620587465072
Xu Si,China,2024-08-20,1895.1924060809974
Xu Si,China,2024-08-21,2045.8844221173144
Xu Si,China,2024-08-22,2177.4479013111213
Xu Si,China,2024-08-23,2142.5449389489604
Xu Si,China,2024-08-31,2138.5026039965996
Xu Si,China,2024-09-14,2190.8977369956056
Xu Si,China,2024-09-17,2290.66360686807
Xu Si,China,2024-09-18,2184.297713518417
Xu Si,China,2024-09-24,2190.1999766129707
Xu Si,China,2024-09-25,2190.4075616055757
Xu Si,China,2024-09-29,2163.3477269212176
Xu Si,China,2024-09-30,2141.3620921308534
Xu Si,China,2024-10-07,2089.082900669968
Xu Si,China,2024-10-29,2086.373337297941
Xu Si,China,2024-11-03,2165.2120496574607
Xu Si,China,2024-11-05,2219.747147098853
Xu Si,China,2024-11-06,2367.1410775950467
Xu Si,China,2024-11-07,2435.4384737374944
Xu Si,China,2024-11-09,2500.6319984442466
Xu Si,China,2024-11-19,2478.676041554889
Xu Si,China,2024-11-21,2360.1070743349565
Xu Si,China,2024-12-05,2358.7625052521626
Xu Si,China,2024-12-06,2329.5504138034307
Xu Si,China,2024-12-09,2299.919546431874
Xu Si,China,2024-12-17,2289.730840931106
Xu Si,China,2025-01-27,2250.4481329300556
Xu Si,China,2025-02-06,2272.0399544822812
Xu Si,China,2025-02-10,2214.218778263966
Xu Si,China,2025-02-23,2200.331451863952
Xu Si,China,2025-02-24,2211.0170766224937
Xu Si,China,2025-02-25,2302.181501581735
Xu Si,China,2025-02-26,2225.0703316554627
Xu Si,China,2025-03-05,2314.159388990329
Xu Si,China,2025-03-06,2344.805122792538
Xu Si,China,2025-04-14,2246.133611705233
Xu Si,China,2025-06-24,2257.1571965885555
Xu Si,China,2025-06-26,2256.220110214702
Xu Si,China,2025-07-17,2250.111599528082
Xu Si,China,2025-07-17,2307.2514426970893
Xu Si,China,2025-07-17,2310.502452507996
Xu Si,China,2025-07-19,2349.043629424975
Xu Si,China,2025-07-19,2374.749339955198
Xu Si,China,2025-07-19,2400.1993901228648
Xu Si,China,2025-07-23,2340.6887815911737
Xu Si,China,2025-07-23,2343.651027832239
Xu Si,China,2025-07-23,2350.1622779396484
Xu Si,China,2025-08-10,2234.8062186896054
Xu Si,China,2025-08-24,2243.1921831691143
Xu Si,China,2025-09-01,2277.856185817373
Xu Si,China,2025-09-06,2264.443775116634
Xu Si,China,2025-09-13,2249.478650352114
Xu Si,China,2025-09-15,2197.5362578930326
Xu Si,China,2025-09-23,2212.158690635578
Xu Si,China,2025-09-30,2187.9585587464157
Xu Si,China,2025-10-08,2233.035968868395
Xu Si,China,2025-10-17,2160.6293177666116
Xu Si,China,2025-11-03,2233.1030536738117
Xu Si,China,2025-11-25,2233.2446925458808
Xu Si,China,2025-11-27,2302.3210559221698
Xu Si,China,2025-12-01,2390.738371875081
Xu Si,China,2025-12-11,2368.451911036579
Xu Si,China,2026-01-07,2402.529224608237
Xu Si,China,2026-01-08,2490.0391862612014
Xu Si,China,2026-01-10,2400.5595983616213
Xu Si,China,2026-01-23,2444.318745353039
Xu Si,China,2026-01-23,2521.9872426560746
Xu Si,China,2026-01-23,2545.1506896696583
Xu Si,China,2026-01-23,2519.1281426107303
Xu Si,China,2026-01-24,2572.4345715998707
Xu Si,China,2026-01-24,2615.0984099077796
Xu Si,China,2026-01-24,2644.483227236036
Xu Si,China,2026-01-24,2661.938869259598
Xu Si,China,2026-01-28,2805.878966866651
Xu Si,China,2026-01-29,2739.5547922546025
Xu Si,China,2026-02-10,2698.495762541523
Josh Mulholland,England,2023-06-29,1500.0
Josh Mulholland,England,2023-06-29,1479.2961277777213
Josh Mulholland,England,2023-06-29,1442.586872451031
Josh Mulholland,England,2023-06-29,1387.3894848136454
Josh Mulholland,England,2024-06-20,1376.8773307459335
Josh Mulholland,England,2024-06-20,1382.0981723878524
Josh Mulholland,England,2024-06-20,1389.3239002237804
Shaun Liu,Hong Kong,2023-12-06,1500.0
Shaun Liu,Hong Kong,2023-12-06,1506.452856755732
Shaun Liu,Hong Kong,2023-12-08,1485.3453733116885
Liam Highfield,England,2022-07-16,1500.0
Liam Highfield,England,2022-07-16,1537.7290216893928
Liam Highfield,England,2022-07-19,1523.6401406984992
Liam Highfield,England,2022-07-19,1461.8784278684755
Liam Highfield,England,2022-07-19,1451.3569881882756
Liam Highfield,England,2022-08-09,1383.6421405369797
Liam Highfield,England,2022-08-25,1378.1021771287765
Liam Highfield,England,2022-10-13,1453.8560698185076
Liam Highfield,England,2022-10-26,1476.3423979303059
Liam Highfield,England,2022-11-08,1460.2703631902577
Liam Highfield,England,2022-11-10,1586.1173251799423
Liam Highfield,England,2022-11-14,1514.8080449092074
Liam Highfield,England,2022-11-23,1492.8485407359306
Liam Highfield,England,2022-11-24,1468.2614099797122
Liam Highfield,England,2022-11-30,1541.5088225289755
Liam Highfield,England,2022-12-12,1446.569926464748
Liam Highfield,England,2023-01-12,1447.9670985022917
Liam Highfield,England,2023-01-26,1456.0953143625495
Liam Highfield,England,2023-01-27,1464.605761164197
Liam Highfield,England,2023-01-28,1497.7528580938965
Liam Highfield,England,2023-01-28,1529.4167800493042
Liam Highfield,England,2023-01-28,1511.166753934489
Liam Highfield,England,2023-03-18,1552.9861227429953
Liam Highfield,England,2023-03-19,1564.2864404610025
Liam Highfield,England,2023-04-10,1473.1594199428112
Liam Highfield,England,2023-08-19,1418.2397042486082
Liam Highfield,England,2023-09-05,1417.0031678250932
Liam Highfield,England,2023-09-08,1395.4576502524558
Liam Highfield,England,2023-09-23,1369.6605956145243
Liam Highfield,England,2023-10-10,1506.259886138058
Liam Highfield,England,2023-10-11,1657.7736438716272
Liam Highfield,England,2023-10-12,1607.1337530369385
Liam Highfield,England,2023-10-18,1596.9490132354183
Liam Highfield,England,2023-11-02,1622.6547058967055
Liam Highfield,England,2023-11-20,1461.098286587232
Liam Highfield,England,2023-12-07,1451.825557873522
Liam Highfield,England,2023-12-12,1506.595590867889
Liam Highfield,England,2023-12-21,1481.7776046402855
Liam Highfield,England,2024-01-23,1452.505603058421
Liam Highfield,England,2024-02-12,1393.774832485519
Liam Highfield,England,2024-04-11,1406.2461771108465
Liam Highfield,England,2025-04-09,1484.6916039498456
Liam Highfield,England,2025-04-12,1533.5822152507155
Liam Highfield,England,2025-06-24,1631.3972930669654
Liam Highfield,England,2025-06-25,1690.333889496961
Liam Highfield,England,2025-07-17,1692.1072577002112
Liam Highfield,England,2025-07-17,1741.5112313271322
Liam Highfield,England,2025-07-17,1792.939714681786
Liam Highfield,England,2025-08-08,1769.8299572744943
Liam Highfield,England,2025-08-09,1869.341815948107
Liam Highfield,England,2025-08-24,1941.2261602155568
Liam Highfield,England,2025-09-02,1916.5092608460911
Liam Highfield,England,2025-09-04,1891.890067643701
Liam Highfield,England,2025-09-11,1861.5379563572947
Liam Highfield,England,2025-09-13,2002.218283807525
Liam Highfield,England,2025-09-15,2045.3874092497217
Liam Highfield,England,2025-10-01,2165.478575106036
Liam Highfield,England,2025-10-14,2159.0489831520904
Liam Highfield,England,2025-10-15,2174.325685711486
Liam Highfield,England,2025-11-03,2270.4556540296585
Liam Highfield,England,2025-11-04,2365.684657493773
Liam Highfield,England,2025-11-24,2392.820314002808
Liam Highfield,England,2025-11-25,2357.3889291848654
Liam Highfield,England,2025-12-11,2363.7810567824054
Liam Highfield,England,2025-12-12,2373.16079739859
Liam Highfield,England,2025-12-13,2369.2359869585553
Liam Highfield,England,2025-12-13,2345.792384293175
Liam Highfield,England,2026-01-05,2404.7921517155114
Liam Highfield,England,2026-01-07,2393.6201863403135
Liam Highfield,England,2026-01-08,2328.5094346218984
Liam Highfield,England,2026-01-09,2320.830683356362
Liam Highfield,England,2026-01-10,2347.33281860198
Liam Highfield,England,2026-02-23,2335.8471482909185
Liu Hongyu,China,2023-07-14,1500.0
Liu Hongyu,China,2023-07-14,1492.3172934968377
Liu Hongyu,China,2023-07-14,1535.394124247571
Liu Hongyu,China,2023-07-14,1610.9942068645832
Liu Hongyu,China,2023-07-18,1629.0974405107195
Liu Hongyu,China,2023-07-18,1578.5007384846385
Liu Hongyu,China,2023-07-18,1609.6551506911424
Liu Hongyu,China,2023-07-27,1577.927122081994
Liu Hongyu,China,2023-08-16,1551.7085604678848
Liu Hongyu,China,2023-09-01,1533.8164077585461
Liu Hongyu,China,2023-09-19,1522.3072283853342
Liu Hongyu,China,2023-09-27,1608.1999225501745
Liu Hongyu,China,2023-10-02,1711.0070092544938
Liu Hongyu,China,2023-10-04,1738.409368292355
Liu Hongyu,China,2023-10-05,1750.6656447809216
Liu Hongyu,China,2023-10-05,1850.8929141237263
Liu Hongyu,China,2023-10-06,1878.4718519115618
Liu Hongyu,China,2023-10-07,1823.5877626521326
Liu Hongyu,China,2023-10-17,1764.0231623919813
Liu Hongyu,China,2023-11-20,1710.3376485937358
Liu Hongyu,China,2023-12-07,1702.7544296573788
Liu Hongyu,China,2023-12-11,1783.3110903304905
Liu Hongyu,China,2023-12-12,1815.4703327340123
Liu Hongyu,China,2023-12-13,1779.1011776792036
Liu Hongyu,China,2023-12-18,1759.7948648262798
Liu Hongyu,China,2024-01-22,1794.8887172008724
Liu Hongyu,China,2024-01-27,1795.883516045227
Liu Hongyu,China,2024-01-31,1784.4566140227482
Liu Hongyu,China,2024-03-19,1831.2006762321396
Liu Hongyu,China,2024-04-11,1802.2926761207627
Liu Hongyu,China,2024-04-13,1713.850109101516
Liu Hongyu,China,2024-06-15,1659.6704674166765
Liu Hongyu,China,2024-06-15,1623.045304831452
Liu Hongyu,China,2024-06-15,1643.7831685350695
Liu Hongyu,China,2024-07-29,1701.111251288982
Liu Hongyu,China,2024-08-01,1709.954203331882
Liu Hongyu,China,2024-08-19,1732.717992757706
Liu Hongyu,China,2024-08-31,1756.6420186696857
Liu Hongyu,China,2024-09-01,1815.1472411629466
Liu Hongyu,China,2024-09-02,1800.9788860725089
Liu Hongyu,China,2024-09-03,1882.1219581492583
Liu Hongyu,China,2024-09-13,1914.117824325671
Liu Hongyu,China,2024-09-16,1997.7431213127923
Liu Hongyu,China,2024-09-29,1968.0881805740803
Liu Hongyu,China,2024-10-02,1939.6452302767912
Liu Hongyu,China,2024-10-21,1905.0022390120666
Liu Hongyu,China,2024-10-28,1898.724068545041
Liu Hongyu,China,2024-10-29,1913.0930671987664
Liu Hongyu,China,2024-11-04,1963.195032668472
Liu Hongyu,China,2024-11-18,1992.080570220091
Liu Hongyu,China,2024-11-19,2032.2234188555728
Liu Hongyu,China,2024-11-21,1966.0839114897035
Liu Hongyu,China,2024-12-04,1953.9245933378759
Liu Hongyu,China,2024-12-17,1966.6359524118657
Liu Hongyu,China,2024-12-22,1977.4974185293308
Liu Hongyu,China,2025-01-28,2009.4737671528394
Liu Hongyu,China,2025-02-06,1963.9318245483507
Liu Hongyu,China,2025-02-23,2123.791432899431
Liu Hongyu,China,2025-02-25,2228.183283777809
Liu Hongyu,China,2025-02-26,2176.1747784433705
Liu Hongyu,China,2025-04-10,1929.9759498020558
Liu Hongyu,China,2025-06-23,1993.2110183029672
Liu Hongyu,China,2025-06-26,1960.7448501763454
Liu Hongyu,China,2025-07-11,2017.5795001137296
Liu Hongyu,China,2025-07-11,2027.662178874196
Liu Hongyu,China,2025-07-11,2089.7023710166804
Liu Hongyu,China,2025-07-21,2067.057274008173
Liu Hongyu,China,2025-07-21,2078.1867245159347
Liu Hongyu,China,2025-07-21,2117.1593140795803
Liu Hongyu,China,2025-08-09,2143.0596707135946
Liu Hongyu,China,2025-08-10,2141.036368320693
Liu Hongyu,China,2025-08-25,2180.563842045541
Liu Hongyu,China,2025-09-02,2141.170791569608
Liu Hongyu,China,2025-09-07,2072.4482442449353
Liu Hongyu,China,2025-09-13,2071.689099334064
Liu Hongyu,China,2025-09-15,2103.1848953708864
Liu Hongyu,China,2025-09-24,2216.0765726575783
Liu Hongyu,China,2025-10-02,2192.88386924043
Liu Hongyu,China,2025-10-15,2165.895261758282
Liu Hongyu,China,2025-11-02,2261.667431296273
Liu Hongyu,China,2025-11-23,2212.706676523229
Liu Hongyu,China,2025-11-25,2136.650175428783
Liu Hongyu,China,2025-12-11,2146.450129448987
Liu Hongyu,China,2025-12-12,2125.4823515178127
Liu Hongyu,China,2025-12-15,2264.2055572103377
Liu Hongyu,China,2026-01-07,2257.244874625561
Liu Hongyu,China,2026-01-10,2254.5634254438064
Liu Hongyu,China,2026-01-27,2275.2813969875697
Liu Hongyu,China,2026-02-10,2245.6811917399846
Liu Hongyu,China,2026-02-24,2282.9723596574872
Daniel Boyes,England,2024-12-04,1500.0
Daniel Boyes,England,2024-12-04,1497.0684760699214
Matthew Selt,England,2022-07-12,1500.0
Matthew Selt,England,2022-07-12,1512.992528222204
Matthew Selt,England,2022-07-13,1497.6329952634705
Matthew Selt,England,2022-07-13,1506.4476733377287
Matthew Selt,England,2022-07-17,1403.747578873678
Matthew Selt,England,2022-08-10,1442.0777776477864
Matthew Selt,England,2022-08-27,1435.0110736919826
Matthew Selt,England,2022-10-13,1455.5190341861028
Matthew Selt,England,2022-10-18,1390.252107363851
Matthew Selt,England,2022-11-08,1410.2788040327498
Matthew Selt,England,2022-11-10,1496.8684810606028
Matthew Selt,England,2022-11-12,1473.2306768338035
Matthew Selt,England,2022-11-25,1466.7774124440798
Matthew Selt,England,2022-12-13,1457.579348289655
Matthew Selt,England,2022-12-14,1502.122751453942
Matthew Selt,England,2022-12-15,1434.4732262364494
Matthew Selt,England,2022-12-19,1532.0598546141516
Matthew Selt,England,2022-12-19,1553.736557978855
Matthew Selt,England,2022-12-19,1522.710007345497
Matthew Selt,England,2022-12-20,1585.8786143887367
Matthew Selt,England,2022-12-20,1541.5419843332716
Matthew Selt,England,2022-12-20,1605.423442513837
Matthew Selt,England,2022-12-20,1685.761153462406
Matthew Selt,England,2022-12-21,1686.7865091357812
Matthew Selt,England,2022-12-21,1745.4959124611373
Matthew Selt,England,2022-12-21,1801.9237428600793
Matthew Selt,England,2022-12-21,1816.1075214600392
Matthew Selt,England,2022-12-22,1875.4095621151434
Matthew Selt,England,2022-12-22,1891.6356517614413
Matthew Selt,England,2022-12-22,1854.6237821308953
Matthew Selt,England,2022-12-22,1828.1252556184952
Matthew Selt,England,2023-01-03,1772.1907263065139
Matthew Selt,England,2023-01-03,1818.4063650476764
Matthew Selt,England,2023-01-03,1917.085063902191
Matthew Selt,England,2023-01-04,1873.1766445539768
Matthew Selt,England,2023-01-04,1913.7266628087004
Matthew Selt,England,2023-01-04,1831.2575430849147
Matthew Selt,England,2023-01-04,1888.8773361507551
Matthew Selt,England,2023-01-04,1873.3509982061685
Matthew Selt,England,2023-01-05,1907.2130374700732
Matthew Selt,England,2023-01-05,1838.650456822066
Matthew Selt,England,2023-01-05,1800.4802553702352
Matthew Selt,England,2023-01-06,1732.7134011656399
Matthew Selt,England,2023-01-06,1755.1661145592898
Matthew Selt,England,2023-01-06,1779.794270223364
Matthew Selt,England,2023-01-12,1774.9565162144427
Matthew Selt,England,2023-01-26,1755.2002673894988
Matthew Selt,England,2023-02-07,1811.0204571661318
Matthew Selt,England,2023-02-07,1854.3240997635658
Matthew Selt,England,2023-02-07,1840.1414820885868
Matthew Selt,England,2023-02-08,1910.8446915324494
Matthew Selt,England,2023-02-08,1870.684328776131
Matthew Selt,England,2023-02-08,1802.0361956966874
Matthew Selt,England,2023-02-08,1872.164291387766
Matthew Selt,England,2023-02-08,1862.3217728553611
Matthew Selt,England,2023-02-09,1882.093172412437
Matthew Selt,England,2023-02-09,1932.7264682829618
Matthew Selt,England,2023-02-09,1942.7957050559469
Matthew Selt,England,2023-02-10,1995.9195773837776
Matthew Selt,England,2023-02-10,1995.795206426483
Matthew Selt,England,2023-02-10,1942.9006401759816
Matthew Selt,England,2023-02-11,1945.0556814214488
Matthew Selt,England,2023-02-15,1847.9313665706777
Matthew Selt,England,2023-02-27,1791.0978281086477
Matthew Selt,England,2023-02-27,1716.376798645958
Matthew Selt,England,2023-02-27,1634.0358971982707
Matthew Selt,England,2023-02-28,1586.163080735127
Matthew Selt,England,2023-02-28,1664.0828637777336
Matthew Selt,England,2023-02-28,1672.1136929958927
Matthew Selt,England,2023-03-18,1680.751624071775
Matthew Selt,England,2023-03-20,1666.696145578932
Matthew Selt,England,2023-04-08,1690.631895724851
Matthew Selt,England,2023-04-11,1654.834262531164
Matthew Selt,England,2023-04-20,1859.23587370408
Matthew Selt,England,2023-07-08,1891.6685989275243
Matthew Selt,England,2023-07-08,1930.7562575723289
Matthew Selt,England,2023-07-08,1842.544738989928
Matthew Selt,England,2023-07-28,1782.8515112721686
Matthew Selt,England,2023-08-19,1760.1588240549324
Matthew Selt,England,2023-09-03,1722.4523133118037
Matthew Selt,England,2023-09-07,1708.1347924153026
Matthew Selt,England,2023-09-18,1661.7791002986276
Matthew Selt,England,2023-09-27,1692.777117386605
Matthew Selt,England,2023-09-28,1708.1122234843504
Matthew Selt,England,2023-10-02,1760.7145873142772
Matthew Selt,England,2023-10-04,1868.3272063504935
Matthew Selt,England,2023-10-05,1879.6210939516275
Matthew Selt,England,2023-10-06,1824.5444566069907
Matthew Selt,England,2023-10-10,1864.531608787923
Matthew Selt,England,2023-10-11,1816.4461249191436
Matthew Selt,England,2023-10-19,1785.3703168204179
Matthew Selt,England,2023-10-23,1780.4080058873042
Matthew Selt,England,2023-10-25,1781.5508055803512
Matthew Selt,England,2023-10-30,1767.194742990297
Matthew Selt,England,2023-11-05,1726.438561319271
Matthew Selt,England,2023-11-21,1797.8258865429498
Matthew Selt,England,2023-11-22,1882.6122071463105
Matthew Selt,England,2023-11-26,2011.5616724273818
Matthew Selt,England,2023-11-30,1886.6112521591774
Matthew Selt,England,2023-12-07,1877.5443531140907
Matthew Selt,England,2023-12-11,1900.336068425449
Matthew Selt,England,2023-12-13,1981.3078599418666
Matthew Selt,England,2023-12-14,2022.264496981499
Matthew Selt,England,2023-12-19,2060.3910144320207
Matthew Selt,England,2024-01-04,2052.1154054450744
Matthew Selt,England,2024-01-04,1974.5979771641194
Matthew Selt,England,2024-01-04,2009.5966791803844
Matthew Selt,England,2024-01-04,2061.291967583783
Matthew Selt,England,2024-01-05,1999.4605588192182
Matthew Selt,England,2024-01-05,1983.3179263987906
Matthew Selt,England,2024-01-15,2009.7216808089916
Matthew Selt,England,2024-01-26,1988.9706249007852
Matthew Selt,England,2024-01-29,1961.1695557786788
Matthew Selt,England,2024-01-31,2005.7062828749974
Matthew Selt,England,2024-02-12,1974.7591095252003
Matthew Selt,England,2024-02-14,1969.7231133886119
Matthew Selt,England,2024-02-15,2015.2544011386758
Matthew Selt,England,2024-03-18,1977.3835806167451
Matthew Selt,England,2024-04-15,1979.0738229575568
Matthew Selt,England,2024-04-17,2118.806171861256
Matthew Selt,England,2024-06-19,2128.582551700028
Matthew Selt,England,2024-06-19,2119.402898584701
Matthew Selt,England,2024-06-19,2125.3275640911165
Matthew Selt,England,2024-07-26,2118.850067003872
Matthew Selt,England,2024-07-29,2105.574129217496
Matthew Selt,England,2024-08-02,2090.3768713053973
Matthew Selt,England,2024-08-19,2082.775505452245
Matthew Selt,England,2024-08-21,2069.729974262381
Matthew Selt,England,2024-08-22,2064.3280474365756
Matthew Selt,England,2024-08-23,2199.199905983036
Matthew Selt,England,2024-09-01,2243.9153788770263
Matthew Selt,England,2024-09-02,2237.3386223934135
Matthew Selt,England,2024-09-17,2289.753336706503
Matthew Selt,England,2024-09-18,2278.5657383904268
Matthew Selt,England,2024-09-29,2298.9529924980566
Matthew Selt,England,2024-10-02,2277.843864729664
Matthew Selt,England,2024-10-06,2161.3971899284957
Matthew Selt,England,2024-10-20,2198.4011213972417
Matthew Selt,England,2024-10-22,2230.8491312123547
Matthew Selt,England,2024-10-30,2254.211073817926
Matthew Selt,England,2024-11-19,2211.4616102032787
Matthew Selt,England,2024-11-21,2226.750254180535
Matthew Selt,England,2024-11-25,2261.9745147925782
Matthew Selt,England,2024-12-04,2241.7809353366924
Matthew Selt,England,2024-12-10,2126.532506370385
Matthew Selt,England,2024-12-17,2094.2697074413895
Matthew Selt,England,2024-12-22,2007.6797967936013
Matthew Selt,England,2025-01-10,2089.913788185833
Matthew Selt,England,2025-01-10,2149.3280274468443
Matthew Selt,England,2025-01-10,2165.562362744979
Matthew Selt,England,2025-01-10,2160.738180634591
Matthew Selt,England,2025-01-11,2234.1748217036557
Matthew Selt,England,2025-01-11,2272.1417629046696
Matthew Selt,England,2025-01-20,2341.2577542758136
Matthew Selt,England,2025-01-20,2322.984950525686
Matthew Selt,England,2025-01-20,2309.647485778794
Matthew Selt,England,2025-01-21,2403.476215693554
Matthew Selt,England,2025-01-21,2530.002011297315
Matthew Selt,England,2025-01-21,2482.337349198941
Matthew Selt,England,2025-01-21,2514.96645604593
Matthew Selt,England,2025-01-21,2635.885093506379
Matthew Selt,England,2025-02-04,2595.281184360415
Matthew Selt,England,2025-02-04,2513.783207062593
Matthew Selt,England,2025-02-04,2546.0006374418667
Matthew Selt,England,2025-02-04,2497.8478257725837
Matthew Selt,England,2025-02-05,2550.212502234823
Matthew Selt,England,2025-02-05,2553.8178104094904
Matthew Selt,England,2025-02-11,2562.794882076786
Matthew Selt,England,2025-02-12,2581.9065408647657
Matthew Selt,England,2025-02-13,2533.3487390971572
Matthew Selt,England,2025-03-04,2574.973107970731
Matthew Selt,England,2025-04-14,2546.6641081313455
Matthew Selt,England,2025-04-16,2549.7889424582995
Matthew Selt,England,2025-04-20,2516.6150633571474
Matthew Selt,England,2025-06-22,2477.0186155484535
Matthew Selt,England,2025-06-27,2531.5481697278415
Matthew Selt,England,2025-07-01,2513.9283966471257
Matthew Selt,England,2025-07-01,2514.909991377979
Matthew Selt,England,2025-07-01,2565.845607804506
Matthew Selt,England,2025-07-21,2561.7890879739193
Matthew Selt,England,2025-07-21,2568.3353111919755
Matthew Selt,England,2025-07-21,2525.739860896297
Matthew Selt,England,2025-07-23,2506.385146065742
Matthew Selt,England,2025-07-23,2442.722972477341
Matthew Selt,England,2025-07-23,2467.942781573938
Matthew Selt,England,2025-08-10,2441.1544092141467
Matthew Selt,England,2025-08-24,2437.235274939737
Matthew Selt,England,2025-08-26,2412.400541120826
Matthew Selt,England,2025-08-27,2486.849885104328
Matthew Selt,England,2025-09-02,2470.963487623141
Matthew Selt,England,2025-09-15,2467.634996855284
Matthew Selt,England,2025-09-17,2436.7446907079143
Matthew Selt,England,2025-09-24,2373.5060678885966
Matthew Selt,England,2025-09-30,2278.3584911514185
Matthew Selt,England,2025-10-07,2261.1023212104215
Matthew Selt,England,2025-10-21,2206.5952751963823
Matthew Selt,England,2025-11-25,2075.3560547291836
Matthew Selt,England,2025-12-10,2069.0313941047666
Matthew Selt,England,2025-12-15,2125.430047408311
Matthew Selt,England,2025-12-17,2201.766662487234
Matthew Selt,England,2025-12-18,2314.629111622506
Matthew Selt,England,2025-12-19,2427.0536767618123
Matthew Selt,England,2025-12-20,2458.509369818448
Matthew Selt,England,2026-01-06,2394.0146825923825
Matthew Selt,England,2026-01-08,2416.5692284706706
Matthew Selt,England,2026-01-08,2526.7458945249746
Matthew Selt,England,2026-01-08,2524.061327800618
Matthew Selt,England,2026-01-08,2575.4854068477903
Matthew Selt,England,2026-01-09,2651.811864227174
Matthew Selt,England,2026-01-09,2749.354054210778
Matthew Selt,England,2026-01-09,2809.455211151956
Matthew Selt,England,2026-01-09,2844.5972248143876
Matthew Selt,England,2026-01-10,2764.21812737725
Matthew Selt,England,2026-02-10,2728.800813228632
Matthew Selt,England,2026-02-10,2798.540936989682
Matthew Selt,England,2026-02-10,2795.5551980271252
Matthew Selt,England,2026-02-11,2804.635282710889
Matthew Selt,England,2026-02-11,2877.7821059536695
Matthew Selt,England,2026-02-11,2939.7400171804816
Matthew Selt,England,2026-02-12,2898.7756466434853
Jack Bradford,Wales,2025-07-07,1500.0
Jack Bradford,Wales,2025-07-07,1494.1630127696715
Jack Bradford,Wales,2025-07-07,1509.3871496633226
Jack Bradford,Wales,2025-07-07,1526.1852898017403
Jack Bradford,Wales,2025-12-10,1524.9618930556608
Anton Kazakov,Ukraine,2022-06-30,1500.0
Anton Kazakov,Ukraine,2022-06-30,1440.0
Anton Kazakov,Ukraine,2022-06-30,1456.542587313549
Anton Kazakov,Ukraine,2022-06-30,1426.0295251776238
Anton Kazakov,Ukraine,2022-07-16,1339.059337068078
Anton Kazakov,Ukraine,2022-08-11,1304.5797225922402
Anton Kazakov,Ukraine,2022-08-24,1346.195589442383
Anton Kazakov,Ukraine,2022-10-12,1298.9726904357526
Anton Kazakov,Ukraine,2022-10-25,1260.1192737268277
Anton Kazakov,Ukraine,2022-11-06,1189.8902198192072
Anton Kazakov,Ukraine,2022-11-25,1132.5828875153384
Anton Kazakov,Ukraine,2023-01-13,1091.3741447193663
Anton Kazakov,Ukraine,2023-01-26,1086.5413220891696
Anton Kazakov,Ukraine,2023-03-17,1148.8923381644186
Anton Kazakov,Ukraine,2023-04-03,1246.1206441436082
Anton Kazakov,Ukraine,2023-04-06,1145.4189631848512
Anton Kazakov,Ukraine,2023-06-27,1143.953384658291
Anton Kazakov,Ukraine,2023-06-27,1126.6192315385422
Anton Kazakov,Ukraine,2023-06-27,1175.5631851809512
Anton Kazakov,Ukraine,2023-08-22,1163.9546714507962
Anton Kazakov,Ukraine,2023-09-02,1232.4721061356856
Anton Kazakov,Ukraine,2023-09-08,1167.516645506857
Anton Kazakov,Ukraine,2023-09-20,1166.6084650356604
Anton Kazakov,Ukraine,2023-09-25,1229.8439145088232
Anton Kazakov,Ukraine,2023-10-17,1276.132196774578
Anton Kazakov,Ukraine,2023-10-25,1250.6373140610879
Anton Kazakov,Ukraine,2023-11-01,1198.0522245313764
Anton Kazakov,Ukraine,2023-11-18,1112.4330694445823
Anton Kazakov,Ukraine,2023-12-07,1105.1341805746488
Anton Kazakov,Ukraine,2023-12-20,1149.2638264858756
Anton Kazakov,Ukraine,2024-01-22,1129.2649614819404
Anton Kazakov,Ukraine,2024-01-26,1090.6307590543597
Anton Kazakov,Ukraine,2024-04-10,1071.7314790431542
Anton Kazakov,Ukraine,2024-06-25,1068.669755621937
Anton Kazakov,Ukraine,2024-06-25,1106.6288218824798
Anton Kazakov,Ukraine,2024-06-25,1123.9310663744352
Anton Kazakov,Ukraine,2024-08-01,1100.5185167892798
Anton Kazakov,Ukraine,2024-09-12,1119.0924227040314
Anton Kazakov,Ukraine,2024-09-25,1077.199677920567
Anton Kazakov,Ukraine,2024-09-28,1135.8727767952973
Anton Kazakov,Ukraine,2024-10-28,1083.3026004645567
Anton Kazakov,Ukraine,2024-11-16,1068.8878028421225
Anton Kazakov,Ukraine,2024-12-05,1064.5459074091032
Anton Kazakov,Ukraine,2024-12-18,1034.8384444723904
Anton Kazakov,Ukraine,2025-02-05,1063.8884401451407
Anton Kazakov,Ukraine,2025-04-08,1176.8145435862518
Dylan Emery,Wales,2022-07-14,1500.0
Dylan Emery,Wales,2022-07-14,1463.9962641111022
Dylan Emery,Wales,2022-07-14,1452.34215776087
Dylan Emery,Wales,2022-07-14,1469.408869470634
Dylan Emery,Wales,2022-07-16,1548.482527326353
Dylan Emery,Wales,2022-08-13,1560.0576909841313
Dylan Emery,Wales,2022-08-17,1540.0613762600394
Dylan Emery,Wales,2022-08-23,1536.323214778103
Dylan Emery,Wales,2022-09-27,1528.8008305625028
Dylan Emery,Wales,2022-10-12,1579.1276163438315
Dylan Emery,Wales,2022-10-17,1564.4831134783421
Dylan Emery,Wales,2022-10-30,1643.4985013452083
Dylan Emery,Wales,2022-11-05,1672.0928096883767
Dylan Emery,Wales,2022-11-07,1623.2572339517824
Dylan Emery,Wales,2022-11-24,1489.2280052330216
Dylan Emery,Wales,2022-11-29,1424.5527162314534
Dylan Emery,Wales,2022-12-13,1427.813153164127
Dylan Emery,Wales,2023-01-12,1327.7603449551007
Dylan Emery,Wales,2023-01-25,1343.119785337462
Dylan Emery,Wales,2023-01-27,1353.6456447185556
Dylan Emery,Wales,2023-01-28,1343.3811541808263
Dylan Emery,Wales,2023-03-16,1343.8751461834372
Dylan Emery,Wales,2023-04-03,1404.4495915745117
Dylan Emery,Wales,2023-04-06,1374.2020935653916
Dylan Emery,Wales,2023-06-30,1353.404115509972
Dylan Emery,Wales,2023-06-30,1425.0963069903717
Dylan Emery,Wales,2023-06-30,1460.8118351182077
Dylan Emery,Wales,2023-07-29,1525.785590185053
Dylan Emery,Wales,2023-08-16,1466.2257336554596
Dylan Emery,Wales,2023-08-22,1472.6665214609664
Dylan Emery,Wales,2023-09-05,1507.7374539342213
Dylan Emery,Wales,2023-09-08,1603.3031917929873
Dylan Emery,Wales,2023-09-19,1614.8883583648196
Dylan Emery,Wales,2023-10-04,1589.2660207649762
Dylan Emery,Wales,2023-10-05,1622.601153775365
Dylan Emery,Wales,2023-10-17,1638.3925769924106
Dylan Emery,Wales,2023-10-23,1700.1323882002732
Dylan Emery,Wales,2023-10-25,1602.245637964231
Dylan Emery,Wales,2023-10-30,1555.5923872498104
Dylan Emery,Wales,2023-11-06,1575.5504130358222
Dylan Emery,Wales,2023-11-07,1570.442381124013
Dylan Emery,Wales,2023-11-19,1564.574278569942
Dylan Emery,Wales,2023-11-21,1570.4062171335038
Dylan Emery,Wales,2023-12-07,1579.9398239985758
Dylan Emery,Wales,2023-12-08,1585.409282123899
Dylan Emery,Wales,2023-12-09,1563.2187394011664
Dylan Emery,Wales,2023-12-19,1609.6839013923905
Dylan Emery,Wales,2024-01-22,1588.7160116212044
Dylan Emery,Wales,2024-01-27,1642.5527736421027
Dylan Emery,Wales,2024-02-14,1729.3401274067692
Dylan Emery,Wales,2024-02-15,1679.732158931586
Dylan Emery,Wales,2024-04-12,1578.7124713312087
Dylan Emery,Wales,2024-06-15,1538.3485076779539
Dylan Emery,Wales,2024-06-15,1497.9153195655654
Dylan Emery,Wales,2024-06-15,1479.643839316227
Dylan Emery,Wales,2024-07-25,1592.7718047558099
Dylan Emery,Wales,2024-07-30,1605.1889836230919
Dylan Emery,Wales,2024-08-03,1587.5811274984867
Dylan Emery,Wales,2024-08-20,1653.5743437924089
Dylan Emery,Wales,2024-08-30,1611.2778574032084
Dylan Emery,Wales,2024-09-12,1624.6347404059316
Dylan Emery,Wales,2024-09-13,1622.5701020243212
Dylan Emery,Wales,2024-09-28,1625.8783096881352
Dylan Emery,Wales,2024-09-30,1716.2709192354862
Dylan Emery,Wales,2024-10-06,1701.7474753595745
Dylan Emery,Wales,2024-10-28,1721.983903596535
Dylan Emery,Wales,2024-11-04,1663.6449635063218
Dylan Emery,Wales,2024-11-17,1679.1532710438896
Dylan Emery,Wales,2024-11-18,1692.1742840386228
Dylan Emery,Wales,2024-12-05,1698.4132899224974
Dylan Emery,Wales,2024-12-06,1713.3530294596549
Dylan Emery,Wales,2024-12-07,1705.5945050013922
Dylan Emery,Wales,2024-12-18,1766.325266123229
Dylan Emery,Wales,2024-12-19,1808.3596626947872
Dylan Emery,Wales,2024-12-22,1788.7302608303364
Dylan Emery,Wales,2025-01-29,1871.0198344714076
Dylan Emery,Wales,2025-02-04,1869.14377577724
Dylan Emery,Wales,2025-02-05,1952.1546936073119
Dylan Emery,Wales,2025-02-11,1962.2997465649303
Dylan Emery,Wales,2025-04-07,1957.6679647702122
Dylan Emery,Wales,2025-04-10,1874.5177014808635
Dylan Emery,Wales,2025-06-22,1911.3827938918178
Dylan Emery,Wales,2025-06-28,1891.3696466660394
Dylan Emery,Wales,2025-07-17,1932.6138828059427
Dylan Emery,Wales,2025-07-17,1968.6526045239502
Dylan Emery,Wales,2025-07-17,1977.9992285669598
Dylan Emery,Wales,2025-07-21,1980.917327439013
Dylan Emery,Wales,2025-07-21,1947.791374189089
Dylan Emery,Wales,2025-07-21,1982.6622456413024
Dylan Emery,Wales,2025-08-08,1970.8307712175167
Dylan Emery,Wales,2025-08-09,1943.0876684375205
Dylan Emery,Wales,2025-08-25,1983.7587359330266
Dylan Emery,Wales,2025-09-02,2074.89301367018
Dylan Emery,Wales,2025-09-04,2110.9759969344573
Dylan Emery,Wales,2025-09-06,2158.7975869630222
Dylan Emery,Wales,2025-09-12,2126.7481822970344
Dylan Emery,Wales,2025-09-14,2236.13341642878
Dylan Emery,Wales,2025-09-16,2152.750222155414
Dylan Emery,Wales,2025-10-07,2131.8564385516797
Dylan Emery,Wales,2025-10-16,2124.3497257022927
Dylan Emery,Wales,2025-10-17,2138.6444064560433
Dylan Emery,Wales,2025-10-20,2192.1776200293402
Dylan Emery,Wales,2025-11-02,2325.2821599970775
Dylan Emery,Wales,2025-11-22,2276.0551634331287
Dylan Emery,Wales,2025-11-23,2346.651429905334
Dylan Emery,Wales,2025-12-10,2326.9473118905494
Dylan Emery,Wales,2026-01-05,2315.430282363283
Dylan Emery,Wales,2026-01-06,2254.222116439101
Dylan Emery,Wales,2026-01-09,2277.7078923749395
Dylan Emery,Wales,2026-01-10,2306.245289274777
Dylan Emery,Wales,2026-02-11,2285.0147775667756
Dylan Emery,Wales,2026-02-23,2365.3178127607052
Dylan Emery,Wales,2026-02-25,2281.608028195173
Oliver Briffett-Payne,Wales,2023-02-13,1500.0
Oliver Briffett-Payne,Wales,2023-02-13,1425.196059565871
Oliver Briffett-Payne,Wales,2023-11-18,1343.5855063820245
Oliver Briffett-Payne,Wales,2025-02-05,1331.5298254355564
Oliver Briffett-Payne,Wales,2026-01-09,1338.680861090645
Peter Lines,England,2022-07-17,1500.0
Peter Lines,England,2022-07-17,1489.4557157190281
Peter Lines,England,2022-07-18,1479.2230715474502
Peter Lines,England,2022-07-18,1492.8747086960698
Peter Lines,England,2022-07-18,1430.0370605302153
Peter Lines,England,2022-08-14,1473.2827456733191
Peter Lines,England,2022-09-27,1429.6074674905944
Peter Lines,England,2022-10-16,1403.7009617336234
Peter Lines,England,2022-11-07,1430.8729550645041
Peter Lines,England,2022-11-08,1413.5818044949615
Peter Lines,England,2022-11-22,1456.9428405157737
Peter Lines,England,2022-12-14,1412.1299904470175
Peter Lines,England,2023-01-11,1380.7561867888817
Peter Lines,England,2023-01-26,1364.3567330611327
Peter Lines,England,2023-03-16,1333.1242594047815
Peter Lines,England,2023-04-06,1364.2359198248882
Peter Lines,England,2023-04-08,1383.8445772543453
Peter Lines,England,2023-07-03,1332.6473911732694
Peter Lines,England,2023-07-03,1372.1743185641258
Peter Lines,England,2023-07-03,1353.063187200662
Peter Lines,England,2024-04-10,1302.6426850159487
Peter Lines,England,2024-04-13,1315.674363730648
Peter Lines,England,2024-06-21,1389.0842978687344
Peter Lines,England,2024-06-21,1448.4797839397597
Peter Lines,England,2024-06-21,1437.221895159618
Peter Lines,England,2025-11-22,1368.890619313655
Ding Junhui,China,2022-08-10,1500.0
Ding Junhui,China,2022-08-10,1542.1905149274817
Ding Junhui,China,2022-08-25,1592.2823651476363
Ding Junhui,China,2022-09-28,1633.4826572117354
Ding Junhui,China,2022-09-29,1596.1757498046236
Ding Junhui,China,2022-10-12,1631.2978540071329
Ding Junhui,China,2022-10-18,1651.9476874838988
Ding Junhui,China,2022-10-27,1704.1888627690817
Ding Junhui,China,2022-11-08,1756.0920471277993
Ding Junhui,China,2022-11-10,1743.3674749629238
Ding Junhui,China,2022-11-13,1842.1398188910414
Ding Junhui,China,2022-11-17,1878.3957023738903
Ding Junhui,China,2022-11-18,2027.151162180609
Ding Junhui,China,2022-11-19,2015.2151777744023
Ding Junhui,China,2022-11-20,2042.4034516899455
Ding Junhui,China,2022-11-24,2054.711481638545
Ding Junhui,China,2022-11-26,2044.4705719992728
Ding Junhui,China,2022-11-29,2088.5347576567306
Ding Junhui,China,2022-12-01,2061.4811622799343
Ding Junhui,China,2022-12-13,2107.209886493547
Ding Junhui,China,2022-12-14,2087.5049140876686
Ding Junhui,China,2023-01-13,2105.959695331972
Ding Junhui,China,2023-01-17,2115.9696857619356
Ding Junhui,China,2023-01-18,2025.6702918331302
Ding Junhui,China,2023-01-26,2000.6857579909488
Ding Junhui,China,2023-02-14,1880.3523068759907
Ding Junhui,China,2023-02-22,1805.4791152224652
Ding Junhui,China,2023-03-18,1788.9965470849927
Ding Junhui,China,2023-03-27,1862.3943842913734
Ding Junhui,China,2023-03-31,1880.0960533034404
Ding Junhui,China,2023-04-17,1847.7278070221455
Ding Junhui,China,2023-09-11,1886.3124910711929
Ding Junhui,China,2023-09-13,1918.208101758046
Ding Junhui,China,2023-09-25,2015.977976961489
Ding Junhui,China,2023-09-27,1987.2612147394975
Ding Junhui,China,2023-09-27,1967.5677532683676
Ding Junhui,China,2023-09-28,1974.138857753475
Ding Junhui,China,2023-10-02,1993.3227507029019
Ding Junhui,China,2023-10-03,1965.5049057788528
Ding Junhui,China,2023-10-05,1956.6822285226126
Ding Junhui,China,2023-10-05,2020.0616166364343
Ding Junhui,China,2023-10-06,1926.3918926238496
Ding Junhui,China,2023-10-09,1990.807922345777
Ding Junhui,China,2023-10-10,1842.0428761384896
Ding Junhui,China,2023-11-05,1906.7027013131155
Ding Junhui,China,2023-11-06,1986.9763823279031
Ding Junhui,China,2023-11-07,2067.688459156305
Ding Junhui,China,2023-11-08,2080.234686992766
Ding Junhui,China,2023-11-09,2071.600274392761
Ding Junhui,China,2023-11-15,2177.5825276410033
Ding Junhui,China,2023-11-15,2095.159309060069
Ding Junhui,China,2023-11-20,2131.7060997835783
Ding Junhui,China,2023-11-22,2141.143892484991
Ding Junhui,China,2023-11-25,2258.5461222523427
Ding Junhui,China,2023-11-29,2334.161754376704
Ding Junhui,China,2023-12-01,2464.781647181608
Ding Junhui,China,2023-12-02,2540.4082831535356
Ding Junhui,China,2023-12-03,2528.8577163056466
Ding Junhui,China,2023-12-11,2547.291702795862
Ding Junhui,China,2023-12-12,2565.718045767445
Ding Junhui,China,2023-12-13,2567.2561647168736
Ding Junhui,China,2023-12-19,2455.682859326321
Ding Junhui,China,2024-01-08,2481.12653998169
Ding Junhui,China,2024-01-17,2502.2443229105247
Ding Junhui,China,2024-01-18,2527.857564779317
Ding Junhui,China,2024-01-19,2582.443859862385
Ding Junhui,China,2024-01-20,2538.5335498105665
Ding Junhui,China,2024-02-12,2531.962231199044
Ding Junhui,China,2024-02-13,2452.4339410761254
Ding Junhui,China,2024-02-19,2455.9894718094133
Ding Junhui,China,2024-03-04,2424.488266128068
Ding Junhui,China,2024-03-04,2467.7283410815635
Ding Junhui,China,2024-03-18,2503.5152300955456
Ding Junhui,China,2024-03-19,2489.3001332222393
Ding Junhui,China,2024-03-20,2553.720321185428
Ding Junhui,China,2024-03-21,2627.2871212913437
Ding Junhui,China,2024-03-22,2694.405607193658
Ding Junhui,China,2024-03-23,2678.8860199765513
Ding Junhui,China,2024-03-24,2560.7253962080044
Ding Junhui,China,2024-04-04,2550.596122566688
Ding Junhui,China,2024-04-24,2598.5940951593475
Ding Junhui,China,2024-07-16,2613.8464562577583
Ding Junhui,China,2024-07-18,2619.74122003883
Ding Junhui,China,2024-08-19,2606.425338410629
Ding Junhui,China,2024-09-03,2600.5586157318166
Ding Junhui,China,2024-09-23,2595.3157431431073
Ding Junhui,China,2024-10-06,2581.163522035511
Ding Junhui,China,2024-10-07,2620.031393246002
Ding Junhui,China,2024-10-08,2659.979342641863
Ding Junhui,China,2024-10-09,2600.875846208155
Ding Junhui,China,2024-11-03,2603.8902004779425
Ding Junhui,China,2024-11-04,2607.0090133871445
Ding Junhui,China,2024-11-05,2585.9981354692286
Ding Junhui,China,2024-11-06,2592.134033884055
Ding Junhui,China,2024-11-07,2748.410797773359
Ding Junhui,China,2024-11-09,2732.0425460421948
Ding Junhui,China,2024-11-10,2758.8628485834997
Ding Junhui,China,2024-11-13,2643.0943658329875
Ding Junhui,China,2024-11-23,2621.178203095293
Ding Junhui,China,2024-11-27,2646.7114003972406
Ding Junhui,China,2024-12-10,2641.436421273614
Ding Junhui,China,2024-12-11,2668.2925727288793
Ding Junhui,China,2024-12-12,2667.024418908217
Ding Junhui,China,2024-12-18,2660.712188317549
Ding Junhui,China,2024-12-18,2721.6077571922133
Ding Junhui,China,2024-12-19,2619.720270145924
Ding Junhui,China,2025-01-13,2687.906008504794
Ding Junhui,China,2025-01-17,2720.693275117788
Ding Junhui,China,2025-02-23,2782.537912405648
Ding Junhui,China,2025-02-24,2793.390928936191
Ding Junhui,China,2025-02-25,2813.13542546788
Ding Junhui,China,2025-02-26,2765.8001810137857
Ding Junhui,China,2025-03-05,2762.375173611194
Ding Junhui,China,2025-03-17,2654.3304511147803
Ding Junhui,China,2025-04-01,2730.8461716287165
Ding Junhui,China,2025-04-03,3003.2341445158263
Ding Junhui,China,2025-04-05,2864.172819605544
Ding Junhui,China,2025-04-22,2888.571840182578
Ding Junhui,China,2025-04-28,2645.0303591305756
Ding Junhui,China,2025-07-29,2679.7700214750157
Ding Junhui,China,2025-07-31,2700.783322422011
Ding Junhui,China,2025-08-12,2671.5687990266215
Ding Junhui,China,2025-08-13,2761.0986646975225
Ding Junhui,China,2025-08-24,2770.039452391739
Ding Junhui,China,2025-08-25,2711.5995517122506
Ding Junhui,China,2025-09-15,2779.436085248555
Ding Junhui,China,2025-09-17,2780.3682126869
Ding Junhui,China,2025-09-18,2778.6476178056773
Ding Junhui,China,2025-10-07,2762.9735714245603
Ding Junhui,China,2025-10-08,2796.948559387433
Ding Junhui,China,2025-10-09,2810.2825413291043
Ding Junhui,China,2025-10-10,2882.599147244057
Ding Junhui,China,2025-10-11,2960.573757011164
Ding Junhui,China,2025-11-02,3036.328347477737
Ding Junhui,China,2025-11-03,3087.0584376210186
Ding Junhui,China,2025-11-04,3137.823865760144
Ding Junhui,China,2025-11-05,3107.9565146471764
Ding Junhui,China,2025-11-19,3029.9548499566063
Ding Junhui,China,2025-11-19,3022.1070183993397
Ding Junhui,China,2025-12-01,3047.953714293135
Ding Junhui,China,2025-12-04,3077.3828565203416
Ding Junhui,China,2025-12-05,3068.0832412287978
Ding Junhui,China,2026-01-14,3068.7330192583695
Ding Junhui,China,2026-02-03,3049.938804814897
Ding Junhui,China,2026-02-12,2962.7859265692464
Gao Yang,China,2023-04-05,1500.0
Gao Yang,China,2023-04-05,1426.156794249643
Gao Yang,China,2023-11-19,1438.1239407331109
Gao Yang,China,2023-11-20,1507.7282223665632
Gao Yang,China,2024-04-10,1612.9744252164426
Gao Yang,China,2024-04-13,1633.421294532684
Gao Yang,China,2025-04-09,1624.3567476580808
Gao Yang,China,2025-04-12,1806.097115648529
Gao Yang,China,2025-04-14,2068.5991585580773
Gao Yang,China,2025-04-16,2299.5912887376726
Gao Yang,China,2025-06-23,2272.5685562361773
Gao Yang,China,2025-06-26,2239.8309342260245
Gao Yang,China,2025-07-15,2266.5150612394978
Gao Yang,China,2025-07-15,2244.6369743303903
Gao Yang,China,2025-07-15,2203.004991221213
Gao Yang,China,2025-08-08,2222.8347450236456
Gao Yang,China,2025-08-09,2242.5349892166982
Gao Yang,China,2025-08-10,2254.131209193793
Gao Yang,China,2025-09-01,2185.1733364459847
Gao Yang,China,2025-09-05,2156.667223773148
Gao Yang,China,2025-09-07,2133.855065804809
Gao Yang,China,2025-09-11,2060.8218575407936
Gao Yang,China,2025-09-24,2022.1317744028738
Gao Yang,China,2025-10-01,2024.9450275825834
Gao Yang,China,2025-10-16,2018.432409074053
Gao Yang,China,2025-10-17,2025.4196440298176
Gao Yang,China,2025-11-23,2027.4639720838354
Gao Yang,China,2025-12-11,2035.8332497490383
Gao Yang,China,2025-12-12,2011.024707836723
Gao Yang,China,2025-12-16,2028.366394772581
Gao Yang,China,2026-01-05,2101.0804600236324
Gao Yang,China,2026-01-06,2225.5805781541176
Gao Yang,China,2026-01-08,2355.0595993590755
Gao Yang,China,2026-01-09,2373.4005220495465
Gao Yang,China,2026-01-10,2373.2145775008657
Gao Yang,China,2026-01-28,2432.03899821491
Gao Yang,China,2026-02-12,2412.9558462552873
Gao Yang,China,2026-02-24,2428.2203650185656
Joe Shannon,Ireland,2024-12-04,1500.0
Joe Shannon,Ireland,2024-12-04,1493.1524534290043
Craig Steadman,England,2022-06-28,1500.0
Craig Steadman,England,2022-06-28,1487.992528222204
Craig Steadman,England,2022-06-28,1429.9523874818767
Craig Steadman,England,2022-06-28,1399.2723755539112
Craig Steadman,England,2022-07-24,1384.4604725062266
Craig Steadman,England,2022-08-11,1420.1813152004843
Craig Steadman,England,2022-08-24,1484.4829985812378
Craig Steadman,England,2022-09-27,1508.8216165008164
Craig Steadman,England,2022-09-29,1471.481599963252
Craig Steadman,England,2022-10-12,1399.2139345038968
Craig Steadman,England,2022-10-17,1373.3845959843381
Craig Steadman,England,2022-10-25,1371.9693352908623
Craig Steadman,England,2022-11-07,1308.1858793736728
Craig Steadman,England,2022-11-23,1224.8292251540263
Craig Steadman,England,2022-12-13,1220.6131572474187
Craig Steadman,England,2023-01-11,1153.652253536247
Craig Steadman,England,2023-01-25,1150.7627497622836
Craig Steadman,England,2023-03-17,1188.1237511066658
Craig Steadman,England,2023-04-06,1294.1147219090897
Craig Steadman,England,2023-06-26,1323.005290501425
Craig Steadman,England,2023-06-26,1313.229100996427
Craig Steadman,England,2023-06-26,1315.6861028955905
Craig Steadman,England,2023-11-19,1338.0060629822713
Craig Steadman,England,2023-11-20,1399.4506563455245
Craig Steadman,England,2023-11-21,1478.180363365576
Craig Steadman,England,2023-11-23,1450.644156895585
Craig Steadman,England,2024-11-16,1419.0737718395033
Craig Steadman,England,2025-07-03,1463.3999372614437
Craig Steadman,England,2025-07-03,1468.3562883031689
Craig Steadman,England,2025-07-03,1517.289776480976
Craig Steadman,England,2025-11-22,1465.9639304056436
Craig Steadman,England,2025-12-11,1465.6784858226017
Xu Yichen,China,2025-06-23,1500.0
Xu Yichen,China,2025-06-23,1501.3939497084598
Xu Yichen,China,2025-06-28,1512.6895668766988
Xu Yichen,China,2025-07-02,1472.4244987738762
Xu Yichen,China,2025-07-02,1459.3079459068879
Xu Yichen,China,2025-07-02,1492.8307829335022
Xu Yichen,China,2025-08-08,1515.3022212777785
Xu Yichen,China,2025-09-02,1645.0140718027912
Xu Yichen,China,2025-09-04,1652.5054043554783
Xu Yichen,China,2025-09-12,1620.6374964523752
Xu Yichen,China,2025-09-24,1677.5972365704827
Xu Yichen,China,2025-09-30,1759.9435102926823
Xu Yichen,China,2025-10-07,1749.8341831813736
Xu Yichen,China,2025-10-16,1769.5612900753479
Xu Yichen,China,2025-11-22,1790.7301793727447
Xu Yichen,China,2025-11-24,1790.5330733068483
Xu Yichen,China,2025-12-10,1810.0049281654797
Xu Yichen,China,2025-12-12,1801.9475733026777
Xu Yichen,China,2026-01-05,1778.029125198836
Xu Yichen,China,2026-01-09,1816.8989113685977
Xu Yichen,China,2026-02-11,1949.4504259740606
Gerard Greene,Northern Ireland,2022-07-05,1500.0
Gerard Greene,Northern Ireland,2022-07-05,1487.992528222204
Gerard Greene,Northern Ireland,2022-07-05,1447.6949681188858
Gerard Greene,Northern Ireland,2022-07-05,1465.5874113722864
Gerard Greene,Northern Ireland,2022-07-16,1408.7645022252152
Gerard Greene,Northern Ireland,2022-08-10,1444.5162900512976
Gerard Greene,Northern Ireland,2022-08-26,1469.0148583761716
Gerard Greene,Northern Ireland,2022-09-28,1414.4495367660445
Gerard Greene,Northern Ireland,2022-10-18,1382.2001161161215
Gerard Greene,Northern Ireland,2022-11-06,1332.4524361390893
Gerard Greene,Northern Ireland,2022-11-25,1384.2848288977857
Gerard Greene,Northern Ireland,2022-11-28,1378.2050171635008
Gerard Greene,Northern Ireland,2022-12-12,1326.868987006552
Gerard Greene,Northern Ireland,2023-01-11,1314.7218178409528
Gerard Greene,Northern Ireland,2023-01-25,1322.1576809652731
Gerard Greene,Northern Ireland,2023-01-27,1314.3640946424468
Gerard Greene,Northern Ireland,2023-03-18,1289.4417221804183
Gerard Greene,Northern Ireland,2023-04-06,1392.4803965077285
Gerard Greene,Northern Ireland,2024-06-22,1416.928835832878
Gerard Greene,Northern Ireland,2024-06-22,1380.2201669431236
Gerard Greene,Northern Ireland,2024-06-22,1347.7392569992605
Gerard Greene,Northern Ireland,2024-12-05,1357.486347500813
Gerard Greene,Northern Ireland,2024-12-06,1348.1802433855921
Oliver Sykes,England,2023-11-18,1500.0
Oliver Sykes,England,2023-11-18,1506.3321488264423
Oliver Sykes,England,2023-11-19,1465.5048052278817
Oliver Sykes,England,2023-12-06,1470.1698480560376
Oliver Sykes,England,2023-12-08,1461.4448526832343
Oliver Sykes,England,2024-04-09,1437.445692511325
Oliver Sykes,England,2024-09-13,1534.7647281199859
Oliver Sykes,England,2024-09-14,1560.0022708410984
Oliver Sykes,England,2024-11-16,1615.3770298696127
Oliver Sykes,England,2024-11-17,1649.9777514706445
Oliver Sykes,England,2024-11-18,1675.327623716399
Oliver Sykes,England,2025-09-11,1586.3357203166456
Oliver Sykes,England,2025-11-23,1459.3749340008314
Asif Mukhtar,Pakistan,2025-08-09,1500.0
Asif Mukhtar,Pakistan,2025-08-09,1409.9183426610862
Sean McAllister,England,2023-06-26,1500.0
Sean McAllister,England,2023-06-26,1475.2289062080058
Sean McAllister,England,2023-06-26,1504.3058243110822
Sean McAllister,England,2023-06-26,1492.1245012984666
Hatem Yassen,Egypt,2024-10-29,1500.0
Hatem Yassen,Egypt,2024-10-29,1431.721164470841
Hatem Yassen,Egypt,2024-11-16,1390.6193999029429
Hatem Yassen,Egypt,2024-11-18,1344.013003279002
Hatem Yassen,Egypt,2024-12-04,1341.5137392188863
Hatem Yassen,Egypt,2024-12-18,1374.6764251669063
Hatem Yassen,Egypt,2024-12-21,1333.76313553886
Hatem Yassen,Egypt,2025-02-04,1320.0673251618703
Hatem Yassen,Egypt,2025-04-08,1207.5425726191074
Hatem Yassen,Egypt,2025-06-23,1293.774302468556
Hatem Yassen,Egypt,2025-06-27,1197.0984181980746
Hatem Yassen,Egypt,2025-07-05,1231.1546905843236
Hatem Yassen,Egypt,2025-07-05,1228.3023147409049
Hatem Yassen,Egypt,2025-07-05,1221.5337503671506
Hatem Yassen,Egypt,2025-08-09,1268.9943426760863
Hatem Yassen,Egypt,2025-08-09,1247.4232477940377
Hatem Yassen,Egypt,2025-09-03,1269.2640866363352
Hatem Yassen,Egypt,2025-09-05,1271.465123366307
Hatem Yassen,Egypt,2025-09-12,1278.3887100040783
Hatem Yassen,Egypt,2025-09-30,1284.8206069311718
Hatem Yassen,Egypt,2025-10-14,1318.3430122037346
Hatem Yassen,Egypt,2025-11-22,1347.1252773417973
Hatem Yassen,Egypt,2025-11-23,1409.960981675829
Hatem Yassen,Egypt,2025-12-10,1406.4729789653313
Hatem Yassen,Egypt,2026-01-05,1412.1239607951359
Hatem Yassen,Egypt,2026-01-09,1361.3700263865403
Hatem Yassen,Egypt,2026-02-10,1359.3192596688118
Kaylan Patel,England,2025-04-07,1500.0
Kaylan Patel,England,2025-04-07,1566.6275236022548
Kaylan Patel,England,2025-11-22,1562.4399709916452
Kaylan Patel,England,2025-12-11,1579.1932553906886
Kaylan Patel,England,2025-12-12,1583.0388878050833
Kaylan Patel,England,2025-12-13,1595.3216132534792
Kaylan Patel,England,2025-12-13,1578.9196080750125
George Pragnell (II),England,2023-04-05,1500.0
George Pragnell (II),England,2023-04-05,1382.5519869914765
George Pragnell (II),England,2025-07-04,1439.962561756994
George Pragnell (II),England,2025-07-04,1505.6899047412742
George Pragnell (II),England,2025-07-04,1514.0597480162564
Sanderson Lam,England,2022-06-28,1500.0
Sanderson Lam,England,2022-06-28,1440.066350303037
Sanderson Lam,England,2022-06-28,1478.7917327597497
Sanderson Lam,England,2022-06-28,1445.3724641789395
Sanderson Lam,England,2022-07-16,1473.3127601209487
Sanderson Lam,England,2022-08-10,1446.1459321948512
Sanderson Lam,England,2022-08-17,1437.6908236400996
Sanderson Lam,England,2022-08-25,1374.048645809983
Sanderson Lam,England,2022-10-26,1325.5126757847195
Sanderson Lam,England,2022-11-05,1356.5828656398974
Sanderson Lam,England,2022-11-06,1257.4998754165817
Sanderson Lam,England,2022-11-23,1378.173969740934
Sanderson Lam,England,2022-11-24,1419.45209914722
Sanderson Lam,England,2022-11-28,1377.2967237640987
Sanderson Lam,England,2023-01-12,1400.6387923559532
Sanderson Lam,England,2023-01-25,1388.4161179245395
Sanderson Lam,England,2023-02-15,1439.3100382908888
Sanderson Lam,England,2023-02-16,1481.7191461157652
Sanderson Lam,England,2023-03-18,1433.2165429459124
Sanderson Lam,England,2023-04-05,1508.4030170956235
Sanderson Lam,England,2023-04-07,1506.02541393032
Sanderson Lam,England,2023-04-10,1490.0303389606415
Sanderson Lam,England,2023-07-12,1518.0190586379201
Sanderson Lam,England,2023-07-12,1571.416093503923
Sanderson Lam,England,2023-07-12,1565.2929914597494
Sanderson Lam,England,2023-07-17,1542.0782385796356
Sanderson Lam,England,2023-07-17,1538.9930932613058
Sanderson Lam,England,2023-07-17,1468.1917938907397
Sanderson Lam,England,2023-07-27,1483.202536062062
Sanderson Lam,England,2023-08-18,1535.0076652977534
Sanderson Lam,England,2023-08-23,1521.8178078975886
Sanderson Lam,England,2023-09-02,1538.6166885524633
Sanderson Lam,England,2023-09-19,1579.7562908866685
Sanderson Lam,England,2023-09-27,1577.6772045236348
Sanderson Lam,England,2023-09-28,1556.4174865872778
Sanderson Lam,England,2023-10-02,1642.7186463331013
Sanderson Lam,England,2023-10-03,1632.4958779079038
Sanderson Lam,England,2023-10-05,1547.6936565398387
Sanderson Lam,England,2023-10-10,1563.3740177477641
Sanderson Lam,England,2023-10-20,1515.5811587574094
Sanderson Lam,England,2023-10-30,1537.5244262750944
Sanderson Lam,England,2023-11-05,1440.1152517044407
Sanderson Lam,England,2023-11-20,1400.3938440381526
Sanderson Lam,England,2023-12-07,1407.0483948933315
Sanderson Lam,England,2023-12-08,1415.5291038509615
Sanderson Lam,England,2023-12-09,1412.6911889720297
Sanderson Lam,England,2023-12-12,1472.9731433128163
Sanderson Lam,England,2023-12-13,1472.890656358822
Sanderson Lam,England,2023-12-14,1555.8329762520682
Sanderson Lam,England,2023-12-15,1643.8389295594352
Sanderson Lam,England,2024-01-26,1613.959739824512
Sanderson Lam,England,2024-01-29,1548.1342487289924
Sanderson Lam,England,2024-02-13,1611.9080489341147
Sanderson Lam,England,2024-03-18,1598.4777571835148
Sanderson Lam,England,2024-03-19,1637.1863625816254
Sanderson Lam,England,2024-04-13,1682.1448936950067
Sanderson Lam,England,2024-04-15,1598.8086741168163
Sanderson Lam,England,2024-06-17,1519.2978106375792
Sanderson Lam,England,2024-06-17,1581.6721884667352
Sanderson Lam,England,2024-07-26,1561.0283611327686
Sanderson Lam,England,2024-07-28,1615.9828286490517
Sanderson Lam,England,2024-08-31,1624.5577247325418
Sanderson Lam,England,2024-09-01,1635.3884214159314
Sanderson Lam,England,2024-09-14,1632.352720226273
Sanderson Lam,England,2024-09-23,1686.968988533431
Sanderson Lam,England,2024-09-29,1624.2101385299493
Sanderson Lam,England,2024-10-01,1658.0810741148991
Sanderson Lam,England,2024-10-07,1617.2765023160036
Sanderson Lam,England,2024-10-29,1658.2404905479868
Sanderson Lam,England,2024-11-04,1639.738398897034
Sanderson Lam,England,2024-11-17,1690.4111350314577
Sanderson Lam,England,2024-11-19,1840.9320648597352
Sanderson Lam,England,2024-11-20,1777.5847740689937
Sanderson Lam,England,2024-12-04,1767.802146121333
Sanderson Lam,England,2024-12-19,1709.582917074997
Sanderson Lam,England,2025-02-06,1744.3292483730752
Sanderson Lam,England,2025-02-11,1834.145850392075
Sanderson Lam,England,2025-02-12,1912.7782351391043
Sanderson Lam,England,2025-02-13,1911.709078758022
Sanderson Lam,England,2025-02-23,1781.1004612021466
Sanderson Lam,England,2025-04-10,1796.9864338761406
Sanderson Lam,England,2025-04-13,1846.1340451368637
Sanderson Lam,England,2025-06-22,1715.9756420210845
Sanderson Lam,England,2025-07-02,1695.1986276847722
Sanderson Lam,England,2025-07-02,1707.4636190778197
Sanderson Lam,England,2025-07-02,1705.608669567165
Sanderson Lam,England,2025-08-09,1721.6744666998572
Sanderson Lam,England,2025-08-11,1713.9535488147365
Sanderson Lam,England,2025-09-03,1716.6830433253406
Sanderson Lam,England,2025-09-06,1698.9724578650346
Sanderson Lam,England,2025-09-14,1780.3197098606618
Sanderson Lam,England,2025-09-16,1848.4443009291854
Sanderson Lam,England,2025-09-22,1848.850526776415
Sanderson Lam,England,2025-09-23,1940.2822107406316
Sanderson Lam,England,2025-10-01,1954.6315791790878
Sanderson Lam,England,2025-10-15,1907.4116803443517
Sanderson Lam,England,2025-11-03,1974.5548601497158
Sanderson Lam,England,2025-11-24,1928.03439606068
Sanderson Lam,England,2025-11-25,2008.8903383873562
Sanderson Lam,England,2025-12-10,2028.1407596583997
Sanderson Lam,England,2025-12-12,2028.5897952239286
Sanderson Lam,England,2025-12-13,2021.210248226342
Sanderson Lam,England,2026-01-07,2020.429850807799
Sanderson Lam,England,2026-01-10,2013.2277406340138
Sanderson Lam,England,2026-01-26,2023.2865542714308
Sanderson Lam,England,2026-02-10,2019.2923419615004
Joshua Thomond,England,2023-06-30,1500.0
Joshua Thomond,England,2023-06-30,1456.0877190096799
Joshua Thomond,England,2023-06-30,1427.8821344885187
Joshua Thomond,England,2023-06-30,1420.8373298747047
Joshua Thomond,England,2024-06-26,1401.3095824757434
Joshua Thomond,England,2024-06-26,1417.951485162081
Joshua Thomond,England,2024-06-26,1454.726466127435
Joshua Thomond,England,2024-07-25,1426.8397615152335
Joshua Thomond,England,2024-07-28,1319.728813511618
Joshua Thomond,England,2024-08-02,1313.4099719351923
Joshua Thomond,England,2024-08-30,1299.764633219129
Joshua Thomond,England,2024-09-13,1320.2251061014065
Joshua Thomond,England,2024-09-14,1290.3923471834003
Joshua Thomond,England,2024-10-01,1291.8418597631703
Joshua Thomond,England,2024-10-28,1274.1753715887505
Joshua Thomond,England,2024-11-16,1243.111906591083
Joshua Thomond,England,2024-12-05,1233.6580993287469
Joshua Thomond,England,2024-12-18,1310.5357888225358
Joshua Thomond,England,2024-12-19,1315.4310187716248
Joshua Thomond,England,2024-12-21,1397.7759933706493
Joshua Thomond,England,2025-02-04,1319.4918928188504
Joshua Thomond,England,2025-04-08,1410.9820828129032
Lyu Haotian,China,2022-07-06,1500.0
Lyu Haotian,China,2022-07-06,1560.8367528672245
Lyu Haotian,China,2022-07-06,1569.2138448943695
Lyu Haotian,China,2022-07-06,1577.5946984352822
Lyu Haotian,China,2022-07-16,1616.064284629322
Lyu Haotian,China,2022-07-25,1621.2996312578402
Lyu Haotian,China,2022-07-25,1647.799650437086
Lyu Haotian,China,2022-07-25,1661.9207685675672
Lyu Haotian,China,2022-07-29,1612.366265204047
Lyu Haotian,China,2022-07-29,1561.4734003458873
Lyu Haotian,China,2022-07-29,1514.6216878485898
Lyu Haotian,China,2022-08-10,1554.7712182873124
Lyu Haotian,China,2022-08-17,1458.1126066414338
Lyu Haotian,China,2022-09-27,1531.2117687970842
Lyu Haotian,China,2022-09-28,1570.649374684944
Lyu Haotian,China,2022-09-29,1651.3245903548661
Lyu Haotian,China,2022-09-30,1548.7961746863584
Lyu Haotian,China,2022-10-14,1553.6436666154234
Lyu Haotian,China,2022-10-16,1635.4075637147625
Lyu Haotian,China,2022-10-19,1642.5271739682084
Lyu Haotian,China,2022-10-20,1661.2966496942136
Lyu Haotian,China,2022-10-20,1719.3680433186826
Lyu Haotian,China,2022-10-21,1685.3353591067694
Lyu Haotian,China,2022-10-30,1631.3463635018284
Lyu Haotian,China,2022-11-08,1692.593569782684
Lyu Haotian,China,2022-11-09,1711.9409315022156
Lyu Haotian,China,2022-11-13,1711.9382553143926
Lyu Haotian,China,2022-11-21,1737.7381676070925
Lyu Haotian,China,2022-11-30,1698.925923861601
Lyu Haotian,China,2023-01-17,1657.418142074999
Lyu Haotian,China,2023-01-26,1639.1561285898465
Lyu Haotian,China,2023-02-13,1647.7875412235908
Lyu Haotian,China,2023-02-27,1625.2960851180426
Lyu Haotian,China,2023-02-27,1678.1509197713597
Lyu Haotian,China,2023-02-27,1743.8003015227853
Lyu Haotian,China,2023-02-27,1716.4579859500986
Lyu Haotian,China,2023-02-28,1775.9448734352093
Lyu Haotian,China,2023-02-28,1846.0010927234764
Lyu Haotian,China,2023-02-28,1892.2708564973257
Lyu Haotian,China,2023-02-28,1877.0221143770434
Lyu Haotian,China,2023-03-16,1871.0485961690904
Lyu Haotian,China,2023-03-19,1980.3859751514512
Lyu Haotian,China,2023-03-21,1951.0098652066524
Lyu Haotian,China,2023-04-10,1873.5642006907055
Lyu Haotian,China,2023-07-13,1821.4163787928712
Lyu Haotian,China,2023-07-13,1860.0241584248115
Lyu Haotian,China,2023-07-13,1845.2074640700466
Lyu Haotian,China,2023-07-29,1871.9907697676804
Lyu Haotian,China,2023-08-18,1920.367481486614
Lyu Haotian,China,2023-08-22,1937.3287331650247
Lyu Haotian,China,2023-08-24,1950.7804422537781
Lyu Haotian,China,2023-08-25,2020.1991191404993
Lyu Haotian,China,2023-08-25,2019.3988702552133
Lyu Haotian,China,2023-09-04,2004.9989215359374
Lyu Haotian,China,2023-09-07,1912.5149835255422
Lyu Haotian,China,2023-09-21,1916.4705560525456
Lyu Haotian,China,2023-09-26,1913.2813744192467
Lyu Haotian,China,2023-10-10,1926.9307428198842
Lyu Haotian,China,2023-10-11,1891.8885276381764
Lyu Haotian,China,2023-10-12,2035.0266001173482
Lyu Haotian,China,2023-10-13,2135.681025875917
Lyu Haotian,China,2023-10-14,2000.288588359625
Lyu Haotian,China,2023-10-20,2025.221209395956
Lyu Haotian,China,2023-10-24,2060.524919256569
Lyu Haotian,China,2023-10-26,2005.887664631277
Lyu Haotian,China,2023-11-01,1980.7115515945165
Lyu Haotian,China,2023-11-05,1990.1110461330659
Lyu Haotian,China,2023-11-07,2024.069649435038
Lyu Haotian,China,2023-11-08,2007.0742633000116
Lyu Haotian,China,2023-11-21,1986.7391684913455
Lyu Haotian,China,2023-11-22,1882.896753759784
Lyu Haotian,China,2023-12-06,1856.1028090503632
Lyu Haotian,China,2023-12-12,1885.281449471493
Lyu Haotian,China,2023-12-13,1905.995990000005
Lyu Haotian,China,2023-12-14,1947.1664306030746
Lyu Haotian,China,2023-12-18,1994.3189211743302
Lyu Haotian,China,2024-01-15,2010.1134337089165
Lyu Haotian,China,2024-01-17,1972.404422867618
Lyu Haotian,China,2024-01-23,2043.2235979210227
Lyu Haotian,China,2024-01-26,2057.920983287879
Lyu Haotian,China,2024-03-19,2072.576581920038
Lyu Haotian,China,2024-03-20,2124.013854203538
Lyu Haotian,China,2024-04-13,2139.7997090595577
Lyu Haotian,China,2024-04-16,2136.4061957131307
Lyu Haotian,China,2024-04-22,2140.974988695187
Lyu Haotian,China,2024-07-15,2048.393281501808
Lyu Haotian,China,2024-07-27,2034.245824519195
Lyu Haotian,China,2024-07-30,1924.4367412256556
Lyu Haotian,China,2024-08-03,1936.5634642727068
Lyu Haotian,China,2024-08-19,1927.466563195534
Lyu Haotian,China,2024-08-21,1955.625341463205
Lyu Haotian,China,2024-09-01,2001.241588093474
Lyu Haotian,China,2024-09-02,1938.9002333501908
Lyu Haotian,China,2024-09-17,1950.234056099372
Lyu Haotian,China,2024-09-18,1958.1345818371824
Lyu Haotian,China,2024-09-25,1982.4640118480731
Lyu Haotian,China,2024-09-25,2005.2887373102317
Lyu Haotian,China,2024-09-26,2032.9156098147273
Lyu Haotian,China,2024-10-01,1995.7811988969759
Lyu Haotian,China,2024-10-20,1947.459658312524
Lyu Haotian,China,2024-10-29,1961.0354717690552
Lyu Haotian,China,2024-11-03,1976.9185579192
Lyu Haotian,China,2024-11-05,2034.9690557178633
Lyu Haotian,China,2024-11-06,2086.55538497755
Lyu Haotian,China,2024-11-19,1994.5918389944893
Lyu Haotian,China,2024-12-04,1999.4071349652477
Lyu Haotian,China,2024-12-06,1988.981080755326
Lyu Haotian,China,2024-12-09,1931.3390349799972
Lyu Haotian,China,2024-12-17,1940.1559614205632
Lyu Haotian,China,2024-12-22,2001.5325808362018
Lyu Haotian,China,2025-01-28,1945.0240134697158
Lyu Haotian,China,2025-02-11,1910.9941434476327
Lyu Haotian,China,2025-02-23,1940.0997691338446
Lyu Haotian,China,2025-04-13,1947.0472361582576
Lyu Haotian,China,2025-06-23,1981.4503527900147
Lyu Haotian,China,2025-06-27,1904.0945563426171
Lyu Haotian,China,2025-06-30,1903.326636260725
Lyu Haotian,China,2025-06-30,1920.7807289674013
Lyu Haotian,China,2025-06-30,1884.4426952281929
Lyu Haotian,China,2025-08-10,1768.7703899352994
Lyu Haotian,China,2025-08-24,1737.602280635166
Lyu Haotian,China,2025-09-02,1752.9765147474798
Lyu Haotian,China,2025-09-06,1707.5366332803862
Lyu Haotian,China,2025-09-14,1731.4493490738646
Lyu Haotian,China,2025-09-30,1713.6126418068748
Lyu Haotian,China,2025-10-07,1766.0274095104137
Lyu Haotian,China,2025-10-09,1883.681126922769
Lyu Haotian,China,2025-10-10,1997.06740791234
Lyu Haotian,China,2025-10-11,2132.0361058087815
Lyu Haotian,China,2025-11-02,2134.8733942137856
Lyu Haotian,China,2025-11-24,2237.9761631490983
Lyu Haotian,China,2025-11-26,2291.3180436633465
Lyu Haotian,China,2025-11-29,2322.1410926258172
Lyu Haotian,China,2026-01-07,2258.2747429754113
Lyu Haotian,China,2026-01-10,2277.241469461238
Lyu Haotian,China,2026-02-12,2325.8045278456802
Liam Pullen,England,2023-04-05,1500.0
Liam Pullen,England,2023-04-05,1434.6290593880346
Liam Pullen,England,2023-06-27,1388.8759113944304
Liam Pullen,England,2023-06-27,1434.7500192982648
Liam Pullen,England,2023-06-27,1435.546244939296
Liam Pullen,England,2023-07-25,1382.9711120406325
Liam Pullen,England,2023-08-15,1319.7363353294745
Liam Pullen,England,2023-09-03,1345.6645216059107
Liam Pullen,England,2023-09-07,1420.2169206430642
Liam Pullen,England,2023-09-20,1522.3847347723433
Liam Pullen,England,2023-10-04,1459.0933512947827
Liam Pullen,England,2023-10-18,1432.6738651886126
Liam Pullen,England,2023-10-31,1364.7381327201952
Liam Pullen,England,2023-11-06,1519.227088245216
Liam Pullen,England,2023-11-07,1555.6094717364617
Liam Pullen,England,2023-11-19,1452.7707743274866
Liam Pullen,England,2023-12-06,1469.9754011161122
Liam Pullen,England,2023-12-08,1475.2079408982622
Liam Pullen,England,2023-12-09,1465.2415997929834
Liam Pullen,England,2023-12-20,1615.221810553991
Liam Pullen,England,2024-01-23,1619.5662942666302
Liam Pullen,England,2024-01-26,1588.3758633694827
Liam Pullen,England,2024-01-29,1571.5196741504149
Liam Pullen,England,2024-02-13,1592.342746324911
Liam Pullen,England,2024-04-10,1613.6575952181618
Liam Pullen,England,2024-04-13,1600.8909293580562
Liam Pullen,England,2024-06-11,1569.2401951139643
Liam Pullen,England,2024-06-11,1590.5086205823386
Liam Pullen,England,2024-06-11,1543.7115453701374
Liam Pullen,England,2024-07-25,1531.8345373988968
Liam Pullen,England,2024-07-29,1568.4964732073386
Liam Pullen,England,2024-08-02,1533.068145410491
Liam Pullen,England,2024-08-31,1499.1987320807802
Liam Pullen,England,2024-09-12,1549.3420272054193
Liam Pullen,England,2024-09-13,1579.0793166897017
Liam Pullen,England,2024-09-28,1549.899971369562
Liam Pullen,England,2024-09-29,1563.472959275733
Liam Pullen,England,2024-10-01,1524.5848317652456
Liam Pullen,England,2024-10-28,1492.9944258654375
Liam Pullen,England,2024-11-16,1484.0238615793492
Liam Pullen,England,2024-11-17,1537.6624691627178
Liam Pullen,England,2024-12-04,1552.392445314017
Liam Pullen,England,2024-12-06,1565.4435097843573
Liam Pullen,England,2024-12-07,1586.7774714730865
Liam Pullen,England,2024-12-07,1584.9876460335552
Liam Pullen,England,2024-12-16,1599.6072690843348
Liam Pullen,England,2024-12-21,1567.7158330420632
Liam Pullen,England,2025-02-04,1606.2552076033492
Liam Pullen,England,2025-02-05,1594.2802739176118
Liam Pullen,England,2025-04-09,1490.0756095563627
Liam Pullen,England,2025-06-24,1598.769421491674
Liam Pullen,England,2025-06-26,1627.5964819478934
Liam Pullen,England,2025-07-16,1620.8887641774495
Liam Pullen,England,2025-07-16,1670.3002895028267
Liam Pullen,England,2025-07-16,1666.921161389464
Liam Pullen,England,2025-08-08,1676.0031261616555
Liam Pullen,England,2025-08-09,1652.7314074326148
Liam Pullen,England,2025-09-02,1767.3935256752895
Liam Pullen,England,2025-09-05,1862.1868211210033
Liam Pullen,England,2025-09-07,1895.2266077280506
Liam Pullen,England,2025-09-12,1895.8524451938845
Liam Pullen,England,2025-09-14,2021.8243080213897
Liam Pullen,England,2025-09-15,2022.9153788085341
Liam Pullen,England,2025-09-30,2128.2057471187168
Liam Pullen,England,2025-10-07,2137.8610540949862
Liam Pullen,England,2025-10-09,2241.3972296071065
Liam Pullen,England,2025-10-10,2305.8332218475334
Liam Pullen,England,2025-10-11,2260.108651655182
Liam Pullen,England,2025-10-16,2253.6674726675797
Liam Pullen,England,2025-10-17,2336.9568521953315
Liam Pullen,England,2025-11-22,2362.750304446744
Liam Pullen,England,2025-11-23,2313.624159889163
Liam Pullen,England,2025-11-25,2331.124074768401
Liam Pullen,England,2025-12-11,2316.4145461804815
Liam Pullen,England,2025-12-15,2298.9340726467444
Liam Pullen,England,2026-01-06,2307.874683714781
Liam Pullen,England,2026-01-07,2255.104001328581
Liam Pullen,England,2026-01-09,2252.5086538888863
Liam Pullen,England,2026-01-10,2258.3152195616217
Liam Pullen,England,2026-02-12,2324.2942031863295
Liam Pullen,England,2026-02-24,2446.770664015459
Liam Pullen,England,2026-02-25,2497.6224959801284
Abdullah Alshammari,Saudi Arabia,2025-08-08,1500.0
Abdullah Alshammari,Saudi Arabia,2025-08-08,1432.6223843278945
Judd Trump,England,2022-07-19,1500.0
Judd Trump,England,2022-07-19,1487.992528222204
Judd Trump,England,2022-07-19,1525.884475709603
Judd Trump,England,2022-07-19,1504.7749104856944
Judd Trump,England,2022-08-16,1544.087421502457
Judd Trump,England,2022-08-17,1580.2077194792826
Judd Trump,England,2022-08-18,1598.650353758803
Judd Trump,England,2022-08-19,1603.772661365415
Judd Trump,England,2022-08-19,1607.4185357801798
Judd Trump,England,2022-09-26,1663.94958841947
Judd Trump,England,2022-09-28,1698.6825118139163
Judd Trump,England,2022-09-29,1703.540898631412
Judd Trump,England,2022-09-29,1709.0253653086536
Judd Trump,England,2022-10-06,1722.5729394330842
Judd Trump,England,2022-10-16,1745.572479570878
Judd Trump,England,2022-10-18,1672.2613968415615
Judd Trump,England,2022-11-02,1692.9267398011568
Judd Trump,England,2022-11-02,1842.4486020269119
Judd Trump,England,2022-11-04,1916.8090136216244
Judd Trump,England,2022-11-06,1873.9488106111162
Judd Trump,England,2022-11-15,1891.3313695768807
Judd Trump,England,2022-11-17,1861.8261027391989
Judd Trump,England,2022-11-25,1849.967928331519
Judd Trump,England,2022-11-28,1822.278649896772
Judd Trump,England,2022-11-29,1841.7585466337257
Judd Trump,England,2022-11-30,1821.774082270617
Judd Trump,England,2022-12-01,1822.6729739303555
Judd Trump,England,2022-12-02,1849.560224569527
Judd Trump,England,2022-12-12,1825.5161188535087
Judd Trump,England,2022-12-13,1794.8449635016784
Judd Trump,England,2022-12-14,1820.643808019282
Judd Trump,England,2022-12-15,1843.0890234723252
Judd Trump,England,2022-12-16,1759.6326827801388
Judd Trump,England,2023-01-05,1812.9934796441403
Judd Trump,England,2023-01-05,1852.0058378715419
Judd Trump,England,2023-01-05,1907.6872548467343
Judd Trump,England,2023-01-05,1887.8985463139818
Judd Trump,England,2023-01-06,1906.8918202704137
Judd Trump,England,2023-01-06,1910.2481922396757
Judd Trump,England,2023-01-06,1938.5057199031573
Judd Trump,England,2023-01-06,2021.7735056235492
Judd Trump,England,2023-01-11,2008.599031741878
Judd Trump,England,2023-01-13,2042.497058915403
Judd Trump,England,2023-01-14,2058.611409126217
Judd Trump,England,2023-01-15,2124.794722049145
Judd Trump,England,2023-01-17,2179.9701154610207
Judd Trump,England,2023-01-19,2203.3171342589276
Judd Trump,England,2023-01-20,2191.2883543611006
Judd Trump,England,2023-01-21,2201.7560065455123
Judd Trump,England,2023-01-22,2224.936280217207
Judd Trump,England,2023-02-13,2193.6769090325542
Judd Trump,England,2023-02-15,2162.407311120752
Judd Trump,England,2023-02-16,2110.1237540897473
Judd Trump,England,2023-02-22,2053.2686264610516
Judd Trump,England,2023-03-01,2106.612172674133
Judd Trump,England,2023-03-01,2147.348011348225
Judd Trump,England,2023-03-01,2139.3084684261116
Judd Trump,England,2023-03-02,2149.6688466848004
Judd Trump,England,2023-03-02,2158.7598761700424
Judd Trump,England,2023-03-02,2157.9981961293624
Judd Trump,England,2023-03-02,2193.1602589147546
Judd Trump,England,2023-03-02,2174.2393941009987
Judd Trump,England,2023-03-17,2194.2209840588753
Judd Trump,England,2023-03-19,2163.5991429577452
Judd Trump,England,2023-03-21,2109.3648036808204
Judd Trump,England,2023-04-19,1965.239829198113
Judd Trump,England,2023-07-11,1957.7994733241535
Judd Trump,England,2023-07-11,2015.307504196715
Judd Trump,England,2023-07-11,2017.7514757916715
Judd Trump,England,2023-07-20,2007.4701971374832
Judd Trump,England,2023-07-20,1979.3684762790147
Judd Trump,England,2023-07-20,2019.6078063341051
Judd Trump,England,2023-08-22,2055.2502626436185
Judd Trump,England,2023-08-23,2042.0633509104498
Judd Trump,England,2023-08-24,2057.6162173665766
Judd Trump,England,2023-08-24,2096.329475968811
Judd Trump,England,2023-08-25,2092.3875263976356
Judd Trump,England,2023-08-26,2237.707827450185
Judd Trump,England,2023-08-27,2188.5616240511736
Judd Trump,England,2023-09-04,2224.3893704781044
Judd Trump,England,2023-09-12,2239.3369067875324
Judd Trump,England,2023-09-14,2187.1956390252194
Judd Trump,England,2023-09-25,2180.6618335357516
Judd Trump,England,2023-09-26,2175.240045159374
Judd Trump,England,2023-10-02,2168.785979479328
Judd Trump,England,2023-10-03,2163.1708128654404
Judd Trump,England,2023-10-04,2134.7527534270657
Judd Trump,England,2023-10-05,2131.886207401916
Judd Trump,England,2023-10-06,2153.643390533506
Judd Trump,England,2023-10-07,2260.4286653613476
Judd Trump,England,2023-10-08,2277.616446047274
Judd Trump,England,2023-10-11,2339.6634667809944
Judd Trump,England,2023-10-11,2302.4751119430857
Judd Trump,England,2023-10-12,2364.137737486259
Judd Trump,England,2023-10-13,2351.55000652817
Judd Trump,England,2023-10-14,2379.504546455892
Judd Trump,England,2023-10-15,2402.897713927897
Judd Trump,England,2023-10-22,2396.326019003303
Judd Trump,England,2023-10-24,2415.3977014066895
Judd Trump,England,2023-10-26,2384.166857931661
Judd Trump,England,2023-10-26,2404.8791724302464
Judd Trump,England,2023-10-27,2465.9194021300355
Judd Trump,England,2023-10-28,2535.1251292285892
Judd Trump,England,2023-10-29,2589.349557154848
Judd Trump,England,2023-11-05,2616.98638274645
Judd Trump,England,2023-11-06,2644.624399236817
Judd Trump,England,2023-11-07,2575.0282197675974
Judd Trump,England,2023-11-16,2593.4526545231915
Judd Trump,England,2023-11-16,2624.1681305361794
Judd Trump,England,2023-11-17,2636.443155758697
Judd Trump,England,2023-11-19,2439.243848439441
Judd Trump,England,2023-11-27,2442.5246863845823
Judd Trump,England,2023-11-29,2420.280759777977
Judd Trump,England,2023-12-01,2489.4118676575563
Judd Trump,England,2023-12-02,2482.6804145287333
Judd Trump,England,2023-12-11,2501.118529131733
Judd Trump,England,2023-12-12,2446.8113500951254
Judd Trump,England,2024-01-09,2455.614318788964
Judd Trump,England,2024-01-12,2445.0311292273154
Judd Trump,England,2024-01-15,2488.973954046215
Judd Trump,England,2024-01-17,2485.5556612898554
Judd Trump,England,2024-01-18,2507.5979631798295
Judd Trump,England,2024-01-19,2510.7102453749367
Judd Trump,England,2024-01-21,2626.7679944703377
Judd Trump,England,2024-01-29,2662.3014784875854
Judd Trump,England,2024-01-30,2647.9534370563556
Judd Trump,England,2024-01-31,2683.831859281223
Judd Trump,England,2024-02-01,2746.676064718181
Judd Trump,England,2024-02-02,2784.248299198513
Judd Trump,England,2024-02-03,2819.17936452829
Judd Trump,England,2024-02-04,2865.3131992825406
Judd Trump,England,2024-02-19,2842.955895677942
Judd Trump,England,2024-02-21,2797.8495182072197
Judd Trump,England,2024-03-05,2792.7484420404794
Judd Trump,England,2024-03-06,2717.351865034499
Judd Trump,England,2024-03-18,2727.882119752755
Judd Trump,England,2024-03-19,2713.4151422324894
Judd Trump,England,2024-03-20,2749.2001792370665
Judd Trump,England,2024-03-21,2734.7372896647225
Judd Trump,England,2024-03-22,2697.306543899911
Judd Trump,England,2024-03-23,2675.9372996604043
Judd Trump,England,2024-03-24,2779.3557997620037
Judd Trump,England,2024-04-04,2580.814261043838
Judd Trump,England,2024-04-21,2554.898724061823
Judd Trump,England,2024-04-26,2529.0152669263966
Judd Trump,England,2024-05-01,2369.3143034427803
Judd Trump,England,2024-07-16,2493.6875031654345
Judd Trump,England,2024-07-18,2540.5971775149806
Judd Trump,England,2024-07-20,2800.0853889337372
Judd Trump,England,2024-07-21,2817.582646203229
Judd Trump,England,2024-07-27,2778.4286125170943
Judd Trump,England,2024-08-19,2739.279609456279
Judd Trump,England,2024-08-21,2725.2255644253405
Judd Trump,England,2024-08-22,2699.039999508149
Judd Trump,England,2024-08-23,2697.361414244146
Judd Trump,England,2024-08-24,2700.6788912304114
Judd Trump,England,2024-08-25,2686.5756660986244
Judd Trump,England,2024-09-03,2697.683878089878
Judd Trump,England,2024-09-04,2734.9774167824326
Judd Trump,England,2024-09-05,2757.7435610437933
Judd Trump,England,2024-09-06,2784.7555169580232
Judd Trump,England,2024-09-07,2802.274824880396
Judd Trump,England,2024-09-16,2796.085820861572
Judd Trump,England,2024-09-18,2767.3859705514874
Judd Trump,England,2024-09-19,2786.45995693148
Judd Trump,England,2024-09-20,2700.503921214542
Judd Trump,England,2024-09-23,2769.23605711411
Judd Trump,England,2024-09-24,2763.6482166629526
Judd Trump,England,2024-09-26,2758.561997408785
Judd Trump,England,2024-09-26,2752.619629015229
Judd Trump,England,2024-09-27,2720.981976917022
Judd Trump,England,2024-09-30,2723.998256974268
Judd Trump,England,2024-10-06,2784.844241945573
Judd Trump,England,2024-10-07,2795.7937960236095
Judd Trump,England,2024-10-08,2756.679977551684
Judd Trump,England,2024-10-09,2744.7859360849475
Judd Trump,England,2024-10-10,2712.972298300863
Judd Trump,England,2024-10-11,2622.8787575500082
Judd Trump,England,2024-10-20,2642.2490393906887
Judd Trump,England,2024-10-22,2664.897197410464
Judd Trump,England,2024-10-24,2661.5955452615185
Judd Trump,England,2024-10-25,2698.1237768512483
Judd Trump,England,2024-10-26,2702.3772366315084
Judd Trump,England,2024-10-27,2594.067776075996
Judd Trump,England,2024-11-04,2597.090457060174
Judd Trump,England,2024-11-05,2600.7449523846803
Judd Trump,England,2024-11-06,2509.1768649838386
Judd Trump,England,2024-11-13,2568.8380323069778
Judd Trump,England,2024-11-13,2531.682294308455
Judd Trump,England,2024-11-26,2582.2748645082347
Judd Trump,England,2024-11-28,2631.775273608806
Judd Trump,England,2024-11-29,2718.023672230826
Judd Trump,England,2024-11-30,2811.180733657826
Judd Trump,England,2024-12-01,2826.2924480586
Judd Trump,England,2024-12-19,2829.0455740683815
Judd Trump,England,2025-01-14,2853.8678104443065
Judd Trump,England,2025-01-17,2925.1702782306174
Judd Trump,England,2025-01-18,2842.744774508092
Judd Trump,England,2025-01-19,2845.2232371905357
Judd Trump,England,2025-01-20,2911.436727061424
Judd Trump,England,2025-01-20,2940.926553563791
Judd Trump,England,2025-01-20,2947.369947594815
Judd Trump,England,2025-01-21,3001.909956830032
Judd Trump,England,2025-01-21,3006.5835233374396
Judd Trump,England,2025-01-21,3011.1868130515895
Judd Trump,England,2025-01-21,2919.256467902705
Judd Trump,England,2025-01-22,2947.141888805839
Judd Trump,England,2025-01-22,2989.574040215389
Judd Trump,England,2025-01-22,3024.2490719637008
Judd Trump,England,2025-01-22,2954.3095162828326
Judd Trump,England,2025-01-23,2983.560922965223
Judd Trump,England,2025-01-23,2919.49360635338
Judd Trump,England,2025-01-23,2956.348108370436
Judd Trump,England,2025-01-23,3023.943806810649
Judd Trump,England,2025-01-27,3034.789498653281
Judd Trump,England,2025-01-29,3122.6648103833763
Judd Trump,England,2025-01-30,3036.137466402564
Judd Trump,England,2025-02-04,3039.8387189572622
Judd Trump,England,2025-02-04,3052.41846770573
Judd Trump,England,2025-02-04,3117.28480156412
Judd Trump,England,2025-02-04,3096.44197069163
Judd Trump,England,2025-02-05,3125.2824874888306
Judd Trump,England,2025-02-05,3163.459068191027
Judd Trump,England,2025-02-05,3074.372234753288
Judd Trump,England,2025-02-23,3110.2185149835236
Judd Trump,England,2025-02-24,3171.0671418642555
Judd Trump,England,2025-02-25,3085.3144906929456
Judd Trump,England,2025-03-04,3104.1355125671125
Judd Trump,England,2025-03-07,3165.791001502874
Judd Trump,England,2025-03-08,3121.4456864194794
Judd Trump,England,2025-03-18,3174.7542232532774
Judd Trump,England,2025-03-20,3205.611389799509
Judd Trump,England,2025-03-22,3242.6993759329857
Judd Trump,England,2025-03-23,3251.575546977248
Judd Trump,England,2025-04-02,3135.4131637319265
Judd Trump,England,2025-04-23,3207.1230010432882
Judd Trump,England,2025-04-28,3305.64416729829
Judd Trump,England,2025-04-30,3353.997962826782
Judd Trump,England,2025-05-03,3300.5613722680323
Judd Trump,England,2025-07-29,3327.0245974671843
Judd Trump,England,2025-07-31,3335.4876015699515
Judd Trump,England,2025-08-12,3271.853556004575
Judd Trump,England,2025-08-24,3280.7936729664366
Judd Trump,England,2025-08-25,3289.7365810103975
Judd Trump,England,2025-08-26,3298.723406303694
Judd Trump,England,2025-08-27,3234.02588346869
Judd Trump,England,2025-09-16,3251.184449681402
Judd Trump,England,2025-09-17,3243.940807457058
Judd Trump,England,2025-09-18,3188.7553777380513
Judd Trump,England,2025-09-22,3206.503285882218
Judd Trump,England,2025-09-24,3198.6553872312857
Judd Trump,England,2025-09-25,3165.8263156890594
Judd Trump,England,2025-09-25,3166.533650650915
Judd Trump,England,2025-10-07,3200.473749168399
Judd Trump,England,2025-10-08,3160.703591561284
Judd Trump,England,2025-10-19,3160.148460452848
Judd Trump,England,2025-10-21,3127.70516034135
Judd Trump,England,2025-10-23,3217.419529439208
Judd Trump,England,2025-10-24,3316.9087135700793
Judd Trump,England,2025-10-25,3320.0948700333106
Judd Trump,England,2025-10-26,3299.629850422373
Judd Trump,England,2025-11-02,3300.3588243584845
Judd Trump,England,2025-11-03,3276.108821697211
Judd Trump,England,2025-11-04,3276.8370624949075
Judd Trump,England,2025-11-05,3224.305643273055
Judd Trump,England,2025-11-10,3241.4578925531146
Judd Trump,England,2025-11-10,3218.464011648021
Judd Trump,England,2025-11-14,3288.491594513064
Judd Trump,England,2025-11-16,3237.5332541839152
Judd Trump,England,2025-11-20,3298.017786953184
Judd Trump,England,2025-11-21,3327.088205959534
Judd Trump,England,2025-11-29,3303.194644046084
Judd Trump,England,2025-12-03,3280.402102229447
Judd Trump,England,2025-12-05,3295.586983076462
Judd Trump,England,2025-12-06,3346.898015969985
Judd Trump,England,2025-12-07,3453.200218583009
Judd Trump,England,2026-01-14,3507.5534811258867
Judd Trump,England,2026-01-15,3483.597484946561
Judd Trump,England,2026-01-17,3442.5511819651074
Judd Trump,England,2026-01-27,3426.491733583013
Judd Trump,England,2026-01-28,3460.4555755903575
Judd Trump,England,2026-01-29,3445.060948964556
Judd Trump,England,2026-01-30,3468.9953879372947
Judd Trump,England,2026-01-31,3451.1155566012485
Judd Trump,England,2026-02-01,3447.460031488296
Judd Trump,England,2026-02-04,3335.0937876317994
Judd Trump,England,2026-02-18,3349.429859282144
Judd Trump,England,2026-02-19,3377.630897168827
Judd Trump,England,2026-02-21,3321.5453528921835
Asjad Iqbal,Pakistan,2022-10-09,1500.0
Asjad Iqbal,Pakistan,2022-10-09,1386.2392477142519
Asjad Iqbal,Pakistan,2022-11-05,1397.874939726438
Asjad Iqbal,Pakistan,2022-11-06,1390.2955791173383
Asjad Iqbal,Pakistan,2022-11-08,1385.100784352105
Asjad Iqbal,Pakistan,2022-11-22,1263.3572328507769
Asjad Iqbal,Pakistan,2022-12-12,1273.1706376244167
Asjad Iqbal,Pakistan,2023-01-26,1286.7199609371967
Asjad Iqbal,Pakistan,2023-01-27,1300.4535884461686
Asjad Iqbal,Pakistan,2023-01-28,1286.3393360912182
Asjad Iqbal,Pakistan,2023-02-13,1304.292781794956
Asjad Iqbal,Pakistan,2023-03-18,1305.28189707612
Asjad Iqbal,Pakistan,2023-04-04,1266.1972534245663
Asjad Iqbal,Pakistan,2023-04-06,1264.633562054328
Asjad Iqbal,Pakistan,2023-07-25,1236.515374290801
Artemijs Zizins,Latvia,2024-06-24,1500.0
Artemijs Zizins,Latvia,2024-06-24,1556.5907646258795
Artemijs Zizins,Latvia,2024-06-24,1540.0244584388424
Artemijs Zizins,Latvia,2024-06-24,1485.2845095091075
Artemijs Zizins,Latvia,2024-07-25,1559.9920971045565
Artemijs Zizins,Latvia,2024-07-29,1596.0231705781694
Artemijs Zizins,Latvia,2024-07-31,1565.182766580938
Artemijs Zizins,Latvia,2024-08-19,1552.2931433687102
Artemijs Zizins,Latvia,2024-08-31,1670.0357622791048
Artemijs Zizins,Latvia,2024-09-01,1658.8874337587247
Artemijs Zizins,Latvia,2024-09-12,1679.9997253852207
Artemijs Zizins,Latvia,2024-09-14,1759.3735623930277
Artemijs Zizins,Latvia,2024-09-16,1688.6613857253126
Artemijs Zizins,Latvia,2024-09-28,1651.4436562733977
Artemijs Zizins,Latvia,2024-10-01,1710.3965189887224
Artemijs Zizins,Latvia,2024-10-28,1635.2736592018828
Artemijs Zizins,Latvia,2024-11-16,1675.7410135536543
Artemijs Zizins,Latvia,2024-11-17,1796.2934264903165
Artemijs Zizins,Latvia,2024-11-18,1809.53092654584
Artemijs Zizins,Latvia,2024-12-05,1806.0418809900236
Artemijs Zizins,Latvia,2024-12-06,1788.5368018297636
Artemijs Zizins,Latvia,2024-12-16,1780.572553289018
Artemijs Zizins,Latvia,2024-12-17,1861.5950891046832
Artemijs Zizins,Latvia,2024-12-22,1937.324557572977
Artemijs Zizins,Latvia,2025-01-27,1912.7508029872242
Artemijs Zizins,Latvia,2025-02-04,1935.984312293113
Artemijs Zizins,Latvia,2025-02-06,1938.0479499293112
Artemijs Zizins,Latvia,2025-04-07,1779.3631971444888
Artemijs Zizins,Latvia,2025-06-23,1865.1860663272178
Artemijs Zizins,Latvia,2025-06-27,1836.9217787205637
Artemijs Zizins,Latvia,2025-07-12,1945.4649580379019
Artemijs Zizins,Latvia,2025-07-12,1928.7199278281169
Artemijs Zizins,Latvia,2025-07-12,1938.0952717406265
Artemijs Zizins,Latvia,2025-07-19,1905.4504442672398
Artemijs Zizins,Latvia,2025-07-19,1933.5130145804505
Artemijs Zizins,Latvia,2025-07-19,1937.5657110172301
Artemijs Zizins,Latvia,2025-08-09,1912.2389174279513
Artemijs Zizins,Latvia,2025-08-10,1927.2551471219288
Artemijs Zizins,Latvia,2025-08-25,1962.4984451432933
Artemijs Zizins,Latvia,2025-09-01,1921.0412292069987
Artemijs Zizins,Latvia,2025-09-05,1899.1292645605683
Artemijs Zizins,Latvia,2025-09-07,1915.9915086852725
Artemijs Zizins,Latvia,2025-09-12,1903.4758511121381
Artemijs Zizins,Latvia,2025-10-02,2008.2517155278852
Artemijs Zizins,Latvia,2025-10-14,2017.0702191549212
Artemijs Zizins,Latvia,2025-10-15,2091.2256785855993
Artemijs Zizins,Latvia,2025-11-24,2114.516102020924
Artemijs Zizins,Latvia,2025-11-25,2295.191096109249
Artemijs Zizins,Latvia,2025-11-27,2265.5730443512266
Artemijs Zizins,Latvia,2025-12-15,2249.1246199813118
Artemijs Zizins,Latvia,2026-01-05,2261.309918927721
Artemijs Zizins,Latvia,2026-01-07,2244.864859137292
Artemijs Zizins,Latvia,2026-01-09,2224.8363516900063
Artemijs Zizins,Latvia,2026-01-10,2343.5840742822484
Artemijs Zizins,Latvia,2026-02-10,2337.175495569461
Artemijs Zizins,Latvia,2026-02-23,2272.4867758338014
Alexander Ursenbacher,Switzerland,2022-07-04,1500.0
Alexander Ursenbacher,Switzerland,2022-07-04,1536.9887923333063
Alexander Ursenbacher,Switzerland,2022-07-04,1546.2322006431184
Alexander Ursenbacher,Switzerland,2022-07-04,1531.8072004279525
Alexander Ursenbacher,Switzerland,2022-07-23,1552.4989026132548
Alexander Ursenbacher,Switzerland,2022-08-25,1549.8949321950129
Alexander Ursenbacher,Switzerland,2022-09-26,1550.51802030505
Alexander Ursenbacher,Switzerland,2022-09-27,1477.5919540537152
Alexander Ursenbacher,Switzerland,2022-10-12,1407.8782962190485
Alexander Ursenbacher,Switzerland,2022-10-17,1411.2683350529505
Alexander Ursenbacher,Switzerland,2022-10-29,1401.0371922038166
Alexander Ursenbacher,Switzerland,2022-11-06,1366.051993402472
Alexander Ursenbacher,Switzerland,2022-11-21,1377.6377812207882
Alexander Ursenbacher,Switzerland,2022-11-22,1428.1259230863054
Alexander Ursenbacher,Switzerland,2022-11-23,1375.7307697054482
Alexander Ursenbacher,Switzerland,2023-01-25,1384.5662820767066
Alexander Ursenbacher,Switzerland,2023-01-27,1397.9794510078632
Alexander Ursenbacher,Switzerland,2023-01-28,1383.745119183477
Alexander Ursenbacher,Switzerland,2023-02-13,1353.511775544412
Alexander Ursenbacher,Switzerland,2023-03-18,1370.6399690872784
Alexander Ursenbacher,Switzerland,2023-04-06,1382.8618901670616
Alexander Ursenbacher,Switzerland,2023-07-03,1450.0701997256156
Alexander Ursenbacher,Switzerland,2023-07-03,1434.4545034259143
Alexander Ursenbacher,Switzerland,2023-07-03,1419.5476247044098
Alexander Ursenbacher,Switzerland,2023-07-29,1410.576595690225
Alexander Ursenbacher,Switzerland,2023-08-18,1352.004877831552
Alexander Ursenbacher,Switzerland,2023-09-04,1295.618095136869
Alexander Ursenbacher,Switzerland,2023-09-06,1367.7027918278332
Alexander Ursenbacher,Switzerland,2023-09-20,1371.4286039958995
Alexander Ursenbacher,Switzerland,2023-10-19,1346.3943479963666
Alexander Ursenbacher,Switzerland,2023-11-02,1441.4509257321774
Alexander Ursenbacher,Switzerland,2023-11-18,1481.413912846663
Alexander Ursenbacher,Switzerland,2023-11-20,1514.980953364896
Alexander Ursenbacher,Switzerland,2023-11-21,1617.101079854827
Alexander Ursenbacher,Switzerland,2023-12-06,1624.8430963405494
Alexander Ursenbacher,Switzerland,2023-12-08,1621.6929417809483
Alexander Ursenbacher,Switzerland,2023-12-09,1600.8692229622218
Alexander Ursenbacher,Switzerland,2023-12-12,1642.9337433578505
Alexander Ursenbacher,Switzerland,2023-12-21,1609.702429518184
Alexander Ursenbacher,Switzerland,2024-01-22,1649.3913715410056
Alexander Ursenbacher,Switzerland,2024-01-30,1601.4616461336286
Alexander Ursenbacher,Switzerland,2024-02-13,1481.6832774863913
Alexander Ursenbacher,Switzerland,2024-04-09,1665.5329280832343
Alexander Ursenbacher,Switzerland,2024-04-11,1553.7407071113178
Alexander Ursenbacher,Switzerland,2024-06-19,1583.8336161907084
Alexander Ursenbacher,Switzerland,2024-06-19,1633.9225852826903
Alexander Ursenbacher,Switzerland,2024-06-19,1659.5668841568584
Alexander Ursenbacher,Switzerland,2024-07-02,1676.297440890109
Alexander Ursenbacher,Switzerland,2024-07-02,1710.626845528666
Alexander Ursenbacher,Switzerland,2024-07-02,1706.102569619495
Alexander Ursenbacher,Switzerland,2024-07-25,1718.0825742372501
Alexander Ursenbacher,Switzerland,2024-07-28,1817.7917062529448
Alexander Ursenbacher,Switzerland,2024-07-31,1785.8199653166823
Alexander Ursenbacher,Switzerland,2024-08-31,1769.039166227808
Alexander Ursenbacher,Switzerland,2024-09-13,1744.491402163844
Alexander Ursenbacher,Switzerland,2024-09-14,1721.1045642849715
Alexander Ursenbacher,Switzerland,2024-09-28,1724.1669282228388
Alexander Ursenbacher,Switzerland,2024-09-29,1807.0112580314953
Alexander Ursenbacher,Switzerland,2024-10-01,1802.3240507128323
Alexander Ursenbacher,Switzerland,2024-10-20,1769.4613944422665
Alexander Ursenbacher,Switzerland,2024-10-28,1775.1938402888309
Alexander Ursenbacher,Switzerland,2024-10-30,1867.9812115640434
Alexander Ursenbacher,Switzerland,2024-11-16,1872.8000329434856
Alexander Ursenbacher,Switzerland,2024-11-17,1812.3033149727607
Alexander Ursenbacher,Switzerland,2024-12-05,1805.816943066719
Alexander Ursenbacher,Switzerland,2024-12-09,1867.683975779383
Alexander Ursenbacher,Switzerland,2024-12-18,1854.1069376725336
Alexander Ursenbacher,Switzerland,2024-12-19,1864.1856987961285
Alexander Ursenbacher,Switzerland,2024-12-20,1865.5362252245238
Alexander Ursenbacher,Switzerland,2025-01-28,1977.8872300607463
Alexander Ursenbacher,Switzerland,2025-01-29,2036.2759404833162
Alexander Ursenbacher,Switzerland,2025-01-30,2065.797288021235
Alexander Ursenbacher,Switzerland,2025-04-08,2012.4956104577373
Alexander Ursenbacher,Switzerland,2025-04-10,1902.5608441277259
Alexander Ursenbacher,Switzerland,2025-06-23,1944.8703569624438
Alexander Ursenbacher,Switzerland,2025-06-25,1871.6678828083313
Alexander Ursenbacher,Switzerland,2025-07-02,1845.8577671943297
Alexander Ursenbacher,Switzerland,2025-07-02,1848.5689398233367
Alexander Ursenbacher,Switzerland,2025-07-02,1802.0785440882426
Alexander Ursenbacher,Switzerland,2025-08-09,1804.7062094588005
Alexander Ursenbacher,Switzerland,2025-08-09,1773.8904111593472
Alexander Ursenbacher,Switzerland,2025-09-01,1766.14354540454
Alexander Ursenbacher,Switzerland,2025-09-05,1849.4616809938743
Alexander Ursenbacher,Switzerland,2025-09-07,1803.273012132695
Alexander Ursenbacher,Switzerland,2025-09-12,1782.563872023321
Alexander Ursenbacher,Switzerland,2025-09-14,1799.708635026132
Alexander Ursenbacher,Switzerland,2025-10-01,1855.272050024573
Alexander Ursenbacher,Switzerland,2025-10-16,1861.821965060636
Alexander Ursenbacher,Switzerland,2025-10-17,1851.324542454953
Alexander Ursenbacher,Switzerland,2026-01-06,1811.0676520255308
Alexander Ursenbacher,Switzerland,2026-01-09,1830.5883488149138
Alexander Ursenbacher,Switzerland,2026-01-10,1940.5987078416308
Alexander Ursenbacher,Switzerland,2026-02-11,1934.156278801352
Alexander Ursenbacher,Switzerland,2026-02-24,1925.637072144704
Tian Pengfei,China,2022-07-17,1500.0
Tian Pengfei,China,2022-07-17,1452.8080960919478
Tian Pengfei,China,2022-07-18,1448.1590960280403
Tian Pengfei,China,2022-07-18,1481.1760555720368
Tian Pengfei,China,2022-07-18,1533.2752416775602
Tian Pengfei,China,2022-08-10,1576.6316614434757
Tian Pengfei,China,2022-08-28,1591.8345301440122
Tian Pengfei,China,2022-09-28,1546.2437696784798
Tian Pengfei,China,2022-10-12,1578.5732830387806
Tian Pengfei,China,2022-10-19,1558.2067096399705
Tian Pengfei,China,2022-10-20,1562.4256054832115
Tian Pengfei,China,2022-10-20,1476.883449536037
Tian Pengfei,China,2022-10-25,1483.2636034681263
Tian Pengfei,China,2022-11-06,1458.3034326017107
Tian Pengfei,China,2022-11-07,1501.0587694359417
Tian Pengfei,China,2022-11-09,1503.6491242250515
Tian Pengfei,China,2022-11-21,1536.156429803723
Tian Pengfei,China,2022-11-22,1610.3609042755422
Tian Pengfei,China,2022-11-30,1641.304235472769
Tian Pengfei,China,2022-12-01,1614.7812008584683
Tian Pengfei,China,2022-12-14,1583.4659856469507
Tian Pengfei,China,2023-01-26,1565.8026966737114
Tian Pengfei,China,2023-02-02,1659.9716075297033
Tian Pengfei,China,2023-02-02,1613.7561257381178
Tian Pengfei,China,2023-02-13,1632.7474412346821
Tian Pengfei,China,2023-02-15,1615.6035113248206
Tian Pengfei,China,2023-02-16,1688.6028579477381
Tian Pengfei,China,2023-02-17,1756.5578549212405
Tian Pengfei,China,2023-02-17,1830.3599881137366
Tian Pengfei,China,2023-02-18,1761.1714473088803
Tian Pengfei,China,2023-03-18,1786.583700302318
Tian Pengfei,China,2023-03-20,1771.5556825864805
Tian Pengfei,China,2023-03-21,1715.477089328719
Tian Pengfei,China,2023-04-09,1474.0888542300258
Tian Pengfei,China,2023-07-12,1504.1037601162402
Tian Pengfei,China,2023-07-12,1513.8100812804541
Tian Pengfei,China,2023-07-12,1529.192889187293
Tian Pengfei,China,2023-07-27,1443.0876502485453
Tian Pengfei,China,2023-08-16,1465.278539848289
Tian Pengfei,China,2023-09-02,1450.833895553018
Tian Pengfei,China,2023-09-08,1421.5266065389549
Tian Pengfei,China,2023-09-18,1433.3584570926769
Tian Pengfei,China,2023-09-27,1496.0249860901995
Tian Pengfei,China,2023-10-22,1532.2137940860566
Tian Pengfei,China,2023-10-30,1577.9248814761906
Tian Pengfei,China,2023-11-05,1545.9089319996574
Tian Pengfei,China,2023-11-20,1508.3509108182877
Tian Pengfei,China,2023-12-07,1513.584612012053
Tian Pengfei,China,2023-12-08,1502.8986586799076
Tian Pengfei,China,2023-12-22,1490.5771581384465
Tian Pengfei,China,2024-01-22,1507.6784414694894
Tian Pengfei,China,2024-01-25,1509.7836909297343
Tian Pengfei,China,2024-01-30,1480.00422999068
Tian Pengfei,China,2024-02-13,1489.325263761003
Tian Pengfei,China,2024-03-19,1553.5064998754724
Tian Pengfei,China,2024-04-13,1523.161566334135
Tian Pengfei,China,2024-04-15,1626.0949294226652
Tian Pengfei,China,2024-06-27,1631.2011661519252
Tian Pengfei,China,2024-06-27,1611.9540578254632
Tian Pengfei,China,2024-06-27,1560.636751887407
Tian Pengfei,China,2024-07-26,1530.7184321783077
Tian Pengfei,China,2024-07-29,1569.205984555051
Tian Pengfei,China,2024-08-03,1613.2510377070605
Tian Pengfei,China,2024-08-19,1692.4842795298441
Tian Pengfei,China,2024-08-31,1712.32467804494
Tian Pengfei,China,2024-09-01,1706.7601766743853
Tian Pengfei,China,2024-09-14,1699.4737453804646
Tian Pengfei,China,2024-09-24,1731.8771878621121
Tian Pengfei,China,2024-09-29,1743.439745474941
Tian Pengfei,China,2024-09-30,1700.1698851719746
Tian Pengfei,China,2024-10-06,1769.8794546019055
Tian Pengfei,China,2024-10-21,1848.7001975176006
Tian Pengfei,China,2024-10-22,1888.618099363372
Tian Pengfei,China,2024-10-24,1872.5309014651398
Tian Pengfei,China,2024-10-30,1886.713284442228
Tian Pengfei,China,2024-11-18,1824.3809687659775
Tian Pengfei,China,2024-12-04,1811.7347318063835
Tian Pengfei,China,2024-12-17,1794.855173587949
Tian Pengfei,China,2024-12-21,1816.0869771130715
Tian Pengfei,China,2025-02-05,1811.5291677390553
Tian Pengfei,China,2025-02-25,1829.066706324492
Tian Pengfei,China,2025-04-12,1690.537937537532
Wang Yuhang,China,2025-02-23,1500.0
Wang Yuhang,China,2025-02-23,1418.0040794259812
Sam Craigie,England,2022-07-04,1500.0
Sam Craigie,England,2022-07-04,1487.992528222204
Sam Craigie,England,2022-07-04,1495.604785467245
Sam Craigie,England,2022-07-04,1483.8045694201533
Sam Craigie,England,2022-07-16,1444.656343944745
Sam Craigie,England,2022-08-10,1410.4147967138786
Sam Craigie,England,2022-08-26,1430.2124215760095
Sam Craigie,England,2022-10-12,1455.7245534153928
Sam Craigie,England,2022-10-17,1449.2080327841359
Sam Craigie,England,2022-10-28,1517.816984752461
Sam Craigie,England,2022-11-08,1559.3160269934872
Sam Craigie,England,2022-11-10,1628.9263470196026
Sam Craigie,England,2022-11-12,1692.6376753066413
Sam Craigie,England,2022-11-16,1834.0973323421722
Sam Craigie,England,2022-11-18,1875.234797842812
Sam Craigie,England,2022-11-21,1917.093548742466
Sam Craigie,England,2022-11-22,1958.4989321259811
Sam Craigie,England,2022-11-30,1928.6345792401628
Sam Craigie,England,2022-12-01,1926.724828942563
Sam Craigie,England,2022-12-01,1827.6671850189189
Sam Craigie,England,2022-12-14,1767.513498570527
Sam Craigie,England,2023-01-12,1785.935515633872
Sam Craigie,England,2023-01-18,1853.0807047188077
Sam Craigie,England,2023-01-19,1742.1127545050151
Sam Craigie,England,2023-01-25,1743.0757062983155
Sam Craigie,England,2023-01-27,1719.089868391386
Sam Craigie,England,2023-02-02,1691.5250105973557
Sam Craigie,England,2023-02-14,1686.2786591853767
Sam Craigie,England,2023-03-17,1610.5790513589718
Sam Craigie,England,2023-04-10,1590.1960483873165
Sam Craigie,England,2023-07-07,1603.7792013210155
Sam Craigie,England,2023-07-07,1625.83818733575
Sam Craigie,England,2023-07-07,1645.194604224099
Sam Craigie,England,2023-07-20,1653.9335321436633
Sam Craigie,England,2023-07-20,1729.360328880637
Sam Craigie,England,2023-07-20,1778.6345941830168
Sam Craigie,England,2023-07-21,1791.6870154338123
Sam Craigie,England,2023-07-21,1779.927829511808
Sam Craigie,England,2023-07-21,1786.3748155021972
Sam Craigie,England,2023-07-27,1776.6323816895126
Sam Craigie,England,2023-08-16,1726.1065217050702
Sam Craigie,England,2023-09-05,1738.3587793827678
Sam Craigie,England,2023-09-06,1639.8153922169704
Sam Craigie,England,2023-09-20,1632.2492838584783
Sam Craigie,England,2023-10-10,1625.3507850066885
Sam Craigie,England,2023-10-11,1711.7904978729734
Sam Craigie,England,2023-10-22,1788.8768594492396
Sam Craigie,England,2023-10-24,1792.6892560646868
Sam Craigie,England,2023-10-25,1735.4651300008552
Sam Craigie,England,2023-11-06,1689.3238166210947
Sam Craigie,England,2023-11-21,1583.274954328978
Sam Craigie,England,2023-12-11,1729.6163599732542
Sam Craigie,England,2023-12-13,1834.694914499053
Sam Craigie,England,2023-12-14,1749.80444414133
Sam Craigie,England,2023-12-19,1763.3764586049756
Sam Craigie,England,2024-01-23,1736.5436227770056
Sam Craigie,England,2024-01-26,1774.6732958840512
Sam Craigie,England,2024-01-29,1826.7067479916584
Sam Craigie,England,2024-01-31,1896.7184440159067
Sam Craigie,England,2024-02-01,1929.879554122401
Sam Craigie,England,2024-02-02,2080.230282976054
Sam Craigie,England,2024-02-03,2125.9670795282955
Sam Craigie,England,2024-02-26,2114.267302121183
Sam Craigie,England,2024-02-26,2053.8208949916975
Sam Craigie,England,2024-02-26,2081.920741329282
Sam Craigie,England,2024-02-27,2142.402799449201
Sam Craigie,England,2024-02-27,2162.5221014536287
Sam Craigie,England,2024-02-27,2216.8856025275973
Sam Craigie,England,2024-02-27,2215.9357708856674
Sam Craigie,England,2024-02-28,2289.193889150224
Sam Craigie,England,2024-02-28,2205.278738912514
Sam Craigie,England,2024-02-28,2121.2274893543927
Sam Craigie,England,2024-02-28,2108.984824164458
Sam Craigie,England,2024-02-29,2070.4461524820404
Sam Craigie,England,2024-02-29,1998.8861892412585
Sam Craigie,England,2024-04-15,1953.6642575086535
Sam Craigie,England,2025-06-23,1913.8951196568955
Sam Craigie,England,2025-06-27,1885.5469324018618
Sam Craigie,England,2025-07-10,1914.6359675561207
Sam Craigie,England,2025-07-10,1991.726285387791
Sam Craigie,England,2025-07-10,1953.4007453425334
Sam Craigie,England,2025-07-22,1868.1645505420577
Sam Craigie,England,2025-07-22,1852.6277786884102
Sam Craigie,England,2025-07-22,1845.6716746820894
Sam Craigie,England,2025-08-08,1869.7723751900298
Sam Craigie,England,2025-08-09,1979.4080095506408
Sam Craigie,England,2025-08-10,2008.9213951526442
Sam Craigie,England,2025-08-11,2090.844253313742
Sam Craigie,England,2025-09-04,2083.1315920651928
Sam Craigie,England,2025-09-06,2051.9024972985294
Sam Craigie,England,2025-09-11,2046.974371190859
Sam Craigie,England,2025-09-13,1956.98079244426
Sam Craigie,England,2025-09-23,1934.2210667507159
Sam Craigie,England,2025-10-01,2102.5054463622746
Sam Craigie,England,2025-10-07,2121.8520062093667
Sam Craigie,England,2025-10-14,2134.1009232230617
Sam Craigie,England,2025-10-15,2155.6220476275194
Sam Craigie,England,2025-11-23,2132.159225744665
Sam Craigie,England,2025-11-24,2110.431414760128
Sam Craigie,England,2025-11-25,2102.1482257340786
Sam Craigie,England,2025-12-16,2149.9114622576044
Sam Craigie,England,2026-01-06,2158.9700232683745
Sam Craigie,England,2026-01-07,2151.0246540163516
Sam Craigie,England,2026-01-09,2171.9613271537933
Sam Craigie,England,2026-01-10,2234.5903989326293
Sam Craigie,England,2026-02-12,2416.3764734088063
Sam Craigie,England,2026-02-24,2540.8910610035146
Sam Craigie,England,2026-02-25,2654.602734951134
Sam Craigie,England,2026-02-26,2638.671179856973
Daniel Wells,Wales,2022-07-12,1500.0
Daniel Wells,Wales,2022-07-12,1512.992528222204
Daniel Wells,Wales,2022-07-13,1549.0101825442134
Daniel Wells,Wales,2022-07-13,1582.3754766284442
Daniel Wells,Wales,2022-07-17,1620.2332852919335
Daniel Wells,Wales,2022-07-28,1647.3144694563846
Daniel Wells,Wales,2022-07-28,1626.8237553239633
Daniel Wells,Wales,2022-07-28,1619.6908095991525
Daniel Wells,Wales,2022-08-13,1518.974464905246
Daniel Wells,Wales,2022-08-17,1532.3492122230641
Daniel Wells,Wales,2022-08-18,1579.9345198427625
Daniel Wells,Wales,2022-08-19,1558.7899998763746
Daniel Wells,Wales,2022-08-27,1536.5750398017376
Daniel Wells,Wales,2022-10-18,1558.0175273112245
Daniel Wells,Wales,2022-10-20,1547.2574790910533
Daniel Wells,Wales,2022-11-25,1541.3819269790636
Daniel Wells,Wales,2022-11-26,1585.398141791205
Daniel Wells,Wales,2023-01-11,1591.8321492247323
Daniel Wells,Wales,2023-01-25,1592.7073421460711
Daniel Wells,Wales,2023-01-27,1599.1512745547898
Daniel Wells,Wales,2023-01-28,1607.1834455560129
Daniel Wells,Wales,2023-01-28,1616.1550131528452
Daniel Wells,Wales,2023-01-28,1625.6908601119692
Daniel Wells,Wales,2023-01-28,1608.4641822145363
Daniel Wells,Wales,2023-02-02,1590.5031796468327
Daniel Wells,Wales,2023-02-15,1661.5690552094052
Daniel Wells,Wales,2023-02-16,1746.7370506586396
Daniel Wells,Wales,2023-02-16,1723.9723246656768
Daniel Wells,Wales,2023-03-19,1775.20094678177
Daniel Wells,Wales,2023-03-20,1766.5013903476201
Daniel Wells,Wales,2023-03-21,1717.7258543024248
Daniel Wells,Wales,2023-04-03,1662.6948192315656
Daniel Wells,Wales,2023-04-06,1553.416710986488
Daniel Wells,Wales,2023-06-26,1631.9746251447564
Daniel Wells,Wales,2023-06-26,1666.578072784888
Daniel Wells,Wales,2023-06-26,1675.400568332899
Daniel Wells,Wales,2023-07-18,1658.8761091410167
Daniel Wells,Wales,2023-07-18,1703.6742291418948
Daniel Wells,Wales,2023-07-18,1678.1305985951144
Daniel Wells,Wales,2023-07-26,1691.1224665909858
Daniel Wells,Wales,2023-08-18,1726.581931821861
Daniel Wells,Wales,2023-08-23,1776.8305218877128
Daniel Wells,Wales,2023-09-04,1786.9303000663992
Daniel Wells,Wales,2023-09-07,1768.304863294205
Daniel Wells,Wales,2023-09-23,1774.9664947381302
Daniel Wells,Wales,2023-09-27,1747.5118367122398
Daniel Wells,Wales,2023-10-10,1624.617087833269
Daniel Wells,Wales,2023-10-19,1666.3307667278461
Daniel Wells,Wales,2023-11-06,1746.452767871414
Daniel Wells,Wales,2023-11-07,1826.9610916442334
Daniel Wells,Wales,2023-11-08,1799.0567141582574
Daniel Wells,Wales,2023-11-18,1779.096135514535
Daniel Wells,Wales,2023-11-19,1822.6030233087165
Daniel Wells,Wales,2023-11-20,1851.3997992170966
Daniel Wells,Wales,2023-12-06,1839.5042208008695
Daniel Wells,Wales,2023-12-11,1914.370336568932
Daniel Wells,Wales,2023-12-13,1911.7620682060672
Daniel Wells,Wales,2023-12-18,1912.7087204382074
Daniel Wells,Wales,2024-01-23,1876.477012960328
Daniel Wells,Wales,2024-01-25,1910.1638147439585
Daniel Wells,Wales,2024-02-13,1906.9383417374593
Daniel Wells,Wales,2024-02-15,1870.9622238299014
Daniel Wells,Wales,2024-03-18,1982.7705560989486
Daniel Wells,Wales,2024-03-20,2028.0439178252893
Daniel Wells,Wales,2024-03-21,2031.431867310079
Daniel Wells,Wales,2024-04-11,1978.1976634781145
Daniel Wells,Wales,2024-04-13,2012.5005185871696
Daniel Wells,Wales,2024-06-14,2046.366662724859
Daniel Wells,Wales,2024-06-14,2058.4081822119592
Daniel Wells,Wales,2024-06-14,2082.124122073517
Daniel Wells,Wales,2024-07-26,2139.830603660823
Daniel Wells,Wales,2024-07-29,2037.9686220864169
Daniel Wells,Wales,2024-08-02,1938.1491744866096
Daniel Wells,Wales,2024-08-20,1906.3383927421328
Daniel Wells,Wales,2024-08-21,1976.4740125311173
Daniel Wells,Wales,2024-08-22,1961.7881760732184
Daniel Wells,Wales,2024-08-23,2060.5382402869486
Daniel Wells,Wales,2024-08-24,2045.6957622407283
Daniel Wells,Wales,2024-08-31,1997.7144712975917
Daniel Wells,Wales,2024-09-14,1970.1687722480217
Daniel Wells,Wales,2024-09-29,1904.5567763642005
Daniel Wells,Wales,2024-10-02,1820.7129859252861
Daniel Wells,Wales,2024-10-30,1875.8915358636618
Daniel Wells,Wales,2024-11-17,1858.9001725418348
Daniel Wells,Wales,2024-11-18,1852.593703462422
Daniel Wells,Wales,2024-12-05,1827.4918491906012
Daniel Wells,Wales,2024-12-10,1801.6085963060636
Daniel Wells,Wales,2024-12-17,1798.4568074449303
Daniel Wells,Wales,2024-12-21,1824.7720404652991
Daniel Wells,Wales,2025-01-28,1940.2703579517733
Daniel Wells,Wales,2025-01-29,1917.9765435462468
Daniel Wells,Wales,2025-02-05,1889.319733893617
Daniel Wells,Wales,2025-02-24,1995.7244242732356
Daniel Wells,Wales,2025-02-25,2041.8278566058812
Daniel Wells,Wales,2025-04-10,2063.5256775590756
Daniel Wells,Wales,2025-04-12,2065.6471999154987
Daniel Wells,Wales,2025-04-15,2144.386022027492
Daniel Wells,Wales,2025-04-23,2237.888143227531
Daniel Wells,Wales,2025-06-23,2223.078735782233
Daniel Wells,Wales,2025-07-04,2244.8874904122817
Daniel Wells,Wales,2025-07-04,2222.6404349768654
Daniel Wells,Wales,2025-07-04,2225.22491242799
Daniel Wells,Wales,2025-08-10,2225.265536818535
Daniel Wells,Wales,2025-09-03,2235.1236702117717
Daniel Wells,Wales,2025-09-06,2245.5141195436154
Daniel Wells,Wales,2025-09-13,2257.445488455386
Daniel Wells,Wales,2025-09-15,2249.962876135066
Daniel Wells,Wales,2025-09-22,2229.2726508506867
Daniel Wells,Wales,2025-10-02,2255.307865852625
Daniel Wells,Wales,2025-10-08,2355.9287264770232
Daniel Wells,Wales,2025-10-09,2459.2633542079698
Daniel Wells,Wales,2025-10-10,2472.9287982133237
Daniel Wells,Wales,2025-10-11,2475.1896629979774
Daniel Wells,Wales,2025-10-12,2504.607934266639
Daniel Wells,Wales,2025-10-17,2388.761144071525
Daniel Wells,Wales,2025-10-20,2370.024720695395
Daniel Wells,Wales,2025-11-02,2412.411302155823
Daniel Wells,Wales,2025-11-04,2463.319548713031
Daniel Wells,Wales,2025-11-24,2447.613083080835
Daniel Wells,Wales,2025-11-26,2443.8424151032928
Daniel Wells,Wales,2025-12-11,2413.57058200755
Daniel Wells,Wales,2026-01-07,2375.190357851275
Daniel Wells,Wales,2026-01-08,2446.1700957358576
Daniel Wells,Wales,2026-01-10,2342.2902660588024
Daniel Wells,Wales,2026-02-11,2327.2128772181427
Tang Hewen,China,2025-08-24,1500.0
Tang Hewen,China,2025-08-24,1536.5166615913704
Pang Junxu,China,2022-07-14,1500.0
Pang Junxu,China,2022-07-14,1561.9887923333063
Pang Junxu,China,2022-07-14,1619.4150185315386
Pang Junxu,China,2022-07-14,1598.8198381022241
Pang Junxu,China,2022-07-16,1512.6417778169964
Pang Junxu,China,2022-07-27,1510.0829498614876
Pang Junxu,China,2022-07-27,1574.5378810117434
Pang Junxu,China,2022-07-27,1583.1148613701073
Pang Junxu,China,2022-07-29,1570.5100452553536
Pang Junxu,China,2022-07-29,1564.96414314531
Pang Junxu,China,2022-07-29,1605.3023270112235
Pang Junxu,China,2022-08-14,1645.308996106686
Pang Junxu,China,2022-08-27,1675.8979640510836
Pang Junxu,China,2022-10-12,1678.7030902138567
Pang Junxu,China,2022-10-18,1710.6599715956202
Pang Junxu,China,2022-10-20,1679.2495445025995
Pang Junxu,China,2022-10-30,1657.4477992825134
Pang Junxu,China,2022-11-07,1570.7481994452148
Pang Junxu,China,2022-11-25,1565.6436679555825
Pang Junxu,China,2022-11-26,1629.708626928028
Pang Junxu,China,2022-11-28,1633.1823586720764
Pang Junxu,China,2022-12-14,1664.0379059513511
Pang Junxu,China,2022-12-15,1615.0593944518437
Pang Junxu,China,2023-01-12,1613.4925359321594
Pang Junxu,China,2023-01-26,1594.4527400748912
Pang Junxu,China,2023-02-02,1592.3752504602942
Pang Junxu,China,2023-02-03,1648.3262058263995
Pang Junxu,China,2023-02-03,1676.5538689028763
Pang Junxu,China,2023-02-15,1703.202020183241
Pang Junxu,China,2023-02-15,1679.9816794274157
Pang Junxu,China,2023-02-16,1684.5959775022784
Pang Junxu,China,2023-02-18,1708.8344035621874
Pang Junxu,China,2023-02-19,1690.9403896730348
Pang Junxu,China,2023-03-16,1660.2744705451164
Pang Junxu,China,2023-03-19,1702.8519487592548
Pang Junxu,China,2023-03-21,1748.2213783194447
Pang Junxu,China,2023-03-21,1732.8791878803559
Pang Junxu,China,2023-03-22,1715.7243370162532
Pang Junxu,China,2023-03-22,1769.1433465386992
Pang Junxu,China,2023-03-22,1747.2372233645474
Pang Junxu,China,2023-04-10,1769.0757996538534
Pang Junxu,China,2023-04-12,1877.7657022568828
Pang Junxu,China,2023-04-15,1888.1096681311776
Pang Junxu,China,2023-07-06,1937.0473523961052
Pang Junxu,China,2023-07-06,1943.2604006624108
Pang Junxu,China,2023-07-06,1949.7509115900502
Pang Junxu,China,2023-07-18,1923.1994191358988
Pang Junxu,China,2023-07-18,1918.550775946872
Pang Junxu,China,2023-07-18,1926.8547277040243
Pang Junxu,China,2023-07-26,1962.6344677507088
Pang Junxu,China,2023-08-15,1845.790042678967
Pang Junxu,China,2023-08-23,1740.1550573232537
Pang Junxu,China,2023-09-03,1756.14352725726
Pang Junxu,China,2023-09-06,1773.4958310843629
Pang Junxu,China,2023-09-12,1737.461614105938
Pang Junxu,China,2023-09-23,1720.5192050259293
Pang Junxu,China,2023-10-09,1740.159099179742
Pang Junxu,China,2023-10-11,1837.1950663549467
Pang Junxu,China,2023-10-19,1790.0540629006157
Pang Junxu,China,2023-11-06,1786.5882529188905
Pang Junxu,China,2023-11-07,1809.7455754859977
Pang Junxu,China,2023-11-08,1787.4082824576876
Pang Junxu,China,2023-11-21,1840.9793153435564
Pang Junxu,China,2023-11-23,1872.9965042261442
Pang Junxu,China,2023-11-27,1850.6461825960566
Pang Junxu,China,2023-12-06,1834.456568352659
Pang Junxu,China,2023-12-11,1897.3926449859002
Pang Junxu,China,2023-12-12,1922.9488962956323
Pang Junxu,China,2023-12-13,1902.0701090846733
Pang Junxu,China,2023-12-20,1912.9551500117905
Pang Junxu,China,2024-01-16,1996.4643725321857
Pang Junxu,China,2024-01-22,1984.5396653609082
Pang Junxu,China,2024-01-25,1986.2836496295213
Pang Junxu,China,2024-01-30,1972.1185144973304
Pang Junxu,China,2024-01-31,2028.815837118863
Pang Junxu,China,2024-02-26,1961.973777591292
Pang Junxu,China,2024-02-26,1983.9284478063526
Pang Junxu,China,2024-02-26,1985.0825604654542
Pang Junxu,China,2024-02-27,2059.2815932830877
Pang Junxu,China,2024-02-27,2138.5563940815696
Pang Junxu,China,2024-02-27,2122.7657935179427
Pang Junxu,China,2024-02-27,2151.0692340676264
Pang Junxu,China,2024-02-27,2083.111238089313
Pang Junxu,China,2024-02-28,2018.1699356382067
Pang Junxu,China,2024-02-28,2035.5346586085284
Pang Junxu,China,2024-02-28,1974.3957236499768
Pang Junxu,China,2024-02-29,2000.471806015352
Pang Junxu,China,2024-02-29,2037.714355299524
Pang Junxu,China,2024-03-19,2030.5706274815936
Pang Junxu,China,2024-04-15,2001.7434434894685
Pang Junxu,China,2024-04-17,1994.7410090363237
Pang Junxu,China,2024-04-23,1928.9153983833253
Pang Junxu,China,2024-06-22,1904.9801197096115
Pang Junxu,China,2024-06-22,1914.9858812031935
Pang Junxu,China,2024-06-22,1875.1148911603714
Pang Junxu,China,2024-07-16,2029.5749752826548
Pang Junxu,China,2024-07-17,2137.389679847307
Pang Junxu,China,2024-07-18,2154.415337211347
Pang Junxu,China,2024-07-26,2167.5481265024737
Pang Junxu,China,2024-07-29,2128.535009701983
Pang Junxu,China,2024-08-20,2115.250676002735
Pang Junxu,China,2024-08-21,2183.701802858271
Pang Junxu,China,2024-09-01,2184.7604065798914
Pang Junxu,China,2024-09-02,2219.2671683408694
Pang Junxu,China,2024-09-03,2213.073933519397
Pang Junxu,China,2024-09-04,2200.3896519134637
Pang Junxu,China,2024-09-16,2206.6642219317678
Pang Junxu,China,2024-09-18,2249.6240978711353
Pang Junxu,China,2024-09-19,2243.0913402437027
Pang Junxu,China,2024-09-23,2301.81187745132
Pang Junxu,China,2024-09-30,2305.0032993805144
Pang Junxu,China,2024-10-06,2351.2207530121086
Pang Junxu,China,2024-10-08,2339.032238024044
Pang Junxu,China,2024-10-20,2381.6744483969583
Pang Junxu,China,2024-10-23,2408.9338668854825
Pang Junxu,China,2024-10-24,2382.2109530961698
Pang Junxu,China,2024-10-25,2487.2736979849647
Pang Junxu,China,2024-10-26,2584.416107860443
Pang Junxu,China,2024-11-03,2613.22668556449
Pang Junxu,China,2024-11-05,2716.801345610166
Pang Junxu,China,2024-11-06,2671.65724000241
Pang Junxu,China,2024-11-19,2528.4756357780766
Pang Junxu,China,2024-12-04,2500.787897636375
Pang Junxu,China,2024-12-10,2421.1925536206845
Pang Junxu,China,2024-12-22,2457.131307241031
Pang Junxu,China,2025-01-03,2468.7198452816497
Pang Junxu,China,2025-01-03,2508.393872426293
Pang Junxu,China,2025-01-03,2494.3198154449897
Pang Junxu,China,2025-01-04,2559.6897137806823
Pang Junxu,China,2025-01-04,2547.8353138571633
Pang Junxu,China,2025-01-04,2477.0637622368677
Pang Junxu,China,2025-01-04,2432.1518749265783
Pang Junxu,China,2025-01-06,2398.5459289878745
Pang Junxu,China,2025-01-06,2336.189629714905
Pang Junxu,China,2025-01-06,2255.2374791691727
Pang Junxu,China,2025-01-07,2219.4700983420908
Pang Junxu,China,2025-01-07,2216.152001410219
Pang Junxu,China,2025-01-07,2154.2415488820475
Pang Junxu,China,2025-01-28,2130.836656151771
Pang Junxu,China,2025-02-10,2132.0199153993017
Pang Junxu,China,2025-02-12,2186.3979042799583
Pang Junxu,China,2025-02-13,2155.763741858079
Pang Junxu,China,2025-02-24,2229.866307607643
Pang Junxu,China,2025-02-25,2269.279220421439
Pang Junxu,China,2025-02-26,2324.5811528024515
Pang Junxu,China,2025-02-27,2257.9254656812204
Pang Junxu,China,2025-03-04,2205.552174813672
Pang Junxu,China,2025-04-14,2202.2848360909384
Pang Junxu,China,2025-04-16,2272.451940556897
Pang Junxu,China,2025-04-23,2332.068946622425
Pang Junxu,China,2025-04-28,2362.2721854144793
Pang Junxu,China,2025-06-23,2346.2146506013723
Pang Junxu,China,2025-07-08,2365.991477003269
Pang Junxu,China,2025-07-08,2371.5436240660006
Pang Junxu,China,2025-07-08,2328.7813852820564
Pang Junxu,China,2025-07-19,2247.0120736928957
Pang Junxu,China,2025-07-19,2316.405484221541
Pang Junxu,China,2025-07-19,2352.1582075802003
Pang Junxu,China,2025-07-23,2265.9401397488227
Pang Junxu,China,2025-07-23,2317.007242334759
Pang Junxu,China,2025-07-23,2365.2048111628774
Pang Junxu,China,2025-07-28,2384.988735538136
Pang Junxu,China,2025-08-10,2377.2885120266533
Pang Junxu,China,2025-08-11,2305.005289221465
Pang Junxu,China,2025-08-25,2206.388584048401
Pang Junxu,China,2025-09-03,2156.493473114857
Pang Junxu,China,2025-09-15,2195.961941382828
Pang Junxu,China,2025-09-17,2094.890113451507
Pang Junxu,China,2025-09-22,2075.7346970407866
Pang Junxu,China,2025-10-01,2063.4550477116027
Pang Junxu,China,2025-10-19,2075.3055500853457
Pang Junxu,China,2025-10-21,2185.4538642252305
Pang Junxu,China,2025-11-03,2154.8721059805252
Pang Junxu,China,2025-11-25,2197.984247520617
Pang Junxu,China,2025-11-27,2203.5783343797407
Pang Junxu,China,2025-11-30,2319.0471429718245
Pang Junxu,China,2025-12-03,2490.9092391600875
Pang Junxu,China,2025-12-05,2587.658326238781
Pang Junxu,China,2025-12-10,2586.5888899217457
Pang Junxu,China,2025-12-12,2585.3642056432054
Pang Junxu,China,2025-12-13,2565.09316694862
Pang Junxu,China,2025-12-16,2557.9956223400695
Pang Junxu,China,2025-12-17,2556.178980351984
Pang Junxu,China,2026-01-02,2581.8615576171474
Pang Junxu,China,2026-01-02,2572.7522961843847
Pang Junxu,China,2026-01-02,2590.0566367137258
Pang Junxu,China,2026-01-03,2582.6359437905257
Pang Junxu,China,2026-01-03,2534.2613646587365
Pang Junxu,China,2026-01-03,2579.486132056983
Pang Junxu,China,2026-01-08,2572.5246478063036
Pang Junxu,China,2026-01-28,2612.1151700739542
Pang Junxu,China,2026-02-04,2775.161387060277
Pang Junxu,China,2026-02-05,2816.321506561759
Pang Junxu,China,2026-02-12,2752.3947605194744
Pang Junxu,China,2026-02-23,2720.4625935175036
Pang Junxu,China,2026-02-25,2714.4175759510167
Xing Zihao,China,2023-07-04,1500.0
Xing Zihao,China,2023-07-04,1489.8093269164556
Xing Zihao,China,2023-07-04,1476.9306940344466
Xing Zihao,China,2023-07-04,1436.7411081104824
Xing Zihao,China,2023-07-29,1384.6890718195107
Xing Zihao,China,2023-08-18,1368.1353835699938
Xing Zihao,China,2023-09-20,1266.216526826588
Xing Zihao,China,2023-10-03,1283.5841955530386
Xing Zihao,China,2023-10-10,1377.7827186650982
Xing Zihao,China,2023-10-11,1316.9601307635062
Xing Zihao,China,2023-10-19,1374.32582430395
Xing Zihao,China,2023-10-23,1452.634407954877
Xing Zihao,China,2023-10-25,1446.718717297894
Xing Zihao,China,2023-10-26,1448.4199835604097
Xing Zihao,China,2023-11-02,1446.8263876468218
Xing Zihao,China,2023-11-18,1435.6067672003198
Xing Zihao,China,2023-11-19,1365.829272547124
Xing Zihao,China,2023-12-06,1353.328436996117
Xing Zihao,China,2023-12-13,1414.6688465161099
Xing Zihao,China,2023-12-22,1459.2017507409928
Xing Zihao,China,2024-01-22,1541.2056751422085
Xing Zihao,China,2024-01-27,1527.5292231293733
Xing Zihao,China,2024-01-30,1441.3534078411424
Xing Zihao,China,2024-04-08,1597.4820043207633
Xing Zihao,China,2024-04-11,1635.1083529506027
Xing Zihao,China,2024-06-26,1707.9549249538354
Xing Zihao,China,2024-06-26,1731.1804144023454
Xing Zihao,China,2024-06-26,1755.8597936816961
Xing Zihao,China,2024-07-27,1632.4014107061623
Xing Zihao,China,2024-07-29,1761.6092432510109
Xing Zihao,China,2024-08-01,1719.4978895964246
Xing Zihao,China,2024-08-31,1698.5233674387791
Xing Zihao,China,2024-09-01,1772.5402284549364
Xing Zihao,China,2024-09-13,1779.2787817877793
Xing Zihao,China,2024-09-14,1779.2999425781265
Xing Zihao,China,2024-09-29,1722.9420920423377
Xing Zihao,China,2024-10-02,1745.8079999377223
Xing Zihao,China,2024-10-07,1772.3431463364527
Xing Zihao,China,2024-10-29,1743.4857100284646
Xing Zihao,China,2024-10-30,1749.0049019494725
Xing Zihao,China,2024-11-18,1736.0421894767019
Xing Zihao,China,2024-11-19,1916.1909323360123
Xing Zihao,China,2024-12-05,1898.4509777834073
Xing Zihao,China,2024-12-11,1903.9188591854509
Xing Zihao,China,2024-12-12,1930.0026784931958
Xing Zihao,China,2024-12-16,1968.4312491981302
Xing Zihao,China,2024-12-17,1831.6082199883908
Xing Zihao,China,2025-02-04,1843.7789399547921
Xing Zihao,China,2025-02-23,1836.399598352297
Xing Zihao,China,2025-04-10,1906.7389842391078
Xing Zihao,China,2025-04-13,1998.8006783760202
Fan Zhengyi,China,2022-08-13,1500.0
Fan Zhengyi,China,2022-08-13,1391.1878849527725
Fan Zhengyi,China,2022-08-16,1299.093283367559
Fan Zhengyi,China,2022-08-24,1316.2287160294397
Fan Zhengyi,China,2022-10-17,1358.3731181361288
Fan Zhengyi,China,2022-10-29,1402.558408394776
Fan Zhengyi,China,2022-11-01,1492.602543978164
Fan Zhengyi,China,2022-11-01,1615.3167737933613
Fan Zhengyi,China,2022-11-05,1569.8730491152355
Fan Zhengyi,China,2022-11-08,1488.5560521474522
Fan Zhengyi,China,2022-11-25,1492.9567868345323
Fan Zhengyi,China,2022-11-26,1581.7077704675926
Fan Zhengyi,China,2022-11-28,1564.7887893283719
Fan Zhengyi,China,2022-12-14,1564.8394949393219
Fan Zhengyi,China,2023-01-12,1517.6143621569577
Fan Zhengyi,China,2023-01-26,1534.5951601102413
Fan Zhengyi,China,2023-01-27,1540.7310062765125
Fan Zhengyi,China,2023-01-28,1523.9353881626462
Fan Zhengyi,China,2023-02-02,1541.9518967688496
Fan Zhengyi,China,2023-03-16,1595.5275366514652
Fan Zhengyi,China,2023-03-20,1609.3094627181918
Fan Zhengyi,China,2023-04-09,1632.617126988675
Fan Zhengyi,China,2023-04-11,1699.863451054702
Fan Zhengyi,China,2023-04-17,1595.1394960420514
Fan Zhengyi,China,2023-07-07,1632.9811469279755
Fan Zhengyi,China,2023-07-07,1601.170591501537
Fan Zhengyi,China,2023-07-07,1656.1546802189664
Fan Zhengyi,China,2023-07-29,1687.972795005052
Fan Zhengyi,China,2023-08-19,1732.9769217293997
Fan Zhengyi,China,2023-09-02,1625.7444688434477
Fan Zhengyi,China,2023-09-06,1599.0399485251446
Fan Zhengyi,China,2023-09-11,1727.6715096968248
Fan Zhengyi,China,2023-09-13,1893.8387310134208
Fan Zhengyi,China,2023-09-14,1767.8265561487851
Fan Zhengyi,China,2023-09-21,1724.458699810353
Fan Zhengyi,China,2023-09-27,1701.4128158312644
Fan Zhengyi,China,2023-09-28,1681.4496947759678
Fan Zhengyi,China,2023-09-28,1705.5734778181297
Fan Zhengyi,China,2023-09-29,1707.4078357353947
Fan Zhengyi,China,2023-10-04,1680.2273448164506
Fan Zhengyi,China,2023-10-17,1751.3377623532544
Fan Zhengyi,China,2023-10-23,1665.5035924723381
Fan Zhengyi,China,2023-10-30,1629.4738578659214
Fan Zhengyi,China,2023-11-06,1684.1384031493749
Fan Zhengyi,China,2023-11-20,1680.085791049559
Fan Zhengyi,China,2023-11-22,1717.9773139979964
Fan Zhengyi,China,2023-11-25,1786.7456290470836
Fan Zhengyi,China,2023-12-06,1767.517313131473
Fan Zhengyi,China,2023-12-20,1771.5699959359777
Fan Zhengyi,China,2024-01-22,1775.9359994803822
Fan Zhengyi,China,2024-01-27,1763.369956094673
Fan Zhengyi,China,2024-01-31,1740.0883272479466
Fan Zhengyi,China,2024-02-01,1818.9280216924483
Fan Zhengyi,China,2024-02-01,1890.610699330857
Fan Zhengyi,China,2024-02-02,1829.7979032235726
Fan Zhengyi,China,2024-02-09,1819.2022593760696
Fan Zhengyi,China,2024-02-09,1863.7546808450745
Fan Zhengyi,China,2024-02-09,1834.7707247787334
Fan Zhengyi,China,2024-02-09,1848.7885869583845
Fan Zhengyi,China,2024-02-10,1913.7242111186367
Fan Zhengyi,China,2024-02-10,1919.462549399251
Fan Zhengyi,China,2024-02-10,1958.4183273206252
Fan Zhengyi,China,2024-02-13,2007.0143110148008
Fan Zhengyi,China,2024-02-15,2058.90271480768
Fan Zhengyi,China,2024-02-15,2024.0932442359374
Fan Zhengyi,China,2024-02-26,2055.198894700094
Fan Zhengyi,China,2024-02-26,2074.1117936666687
Fan Zhengyi,China,2024-02-26,2014.0273599280972
Fan Zhengyi,China,2024-02-26,2024.5758684357754
Fan Zhengyi,China,2024-02-27,2034.2140546977057
Fan Zhengyi,China,2024-02-27,1994.4102275565074
Fan Zhengyi,China,2024-03-20,2065.2567301643644
Fan Zhengyi,China,2024-04-12,2013.2107641172984
Fan Zhengyi,China,2024-06-26,2046.9629601606073
Fan Zhengyi,China,2024-06-26,2025.4063092602698
Fan Zhengyi,China,2024-06-26,2036.1894298306513
Fan Zhengyi,China,2024-06-29,2037.970288271709
Fan Zhengyi,China,2024-06-29,2044.7167979723786
Fan Zhengyi,China,2024-06-29,2042.9775184113928
Fan Zhengyi,China,2024-07-25,1957.6092796700962
Fan Zhengyi,China,2024-07-28,1993.4975820142495
Fan Zhengyi,China,2024-08-01,1997.2927336703879
Fan Zhengyi,China,2024-09-01,1964.9945164637509
Fan Zhengyi,China,2024-09-13,1988.4216690457793
Fan Zhengyi,China,2024-09-16,2025.982869786153
Fan Zhengyi,China,2024-09-18,2009.2153995136857
Fan Zhengyi,China,2024-09-19,2063.380737364217
Fan Zhengyi,China,2024-09-29,2109.5555887982564
Fan Zhengyi,China,2024-09-30,2107.983684063407
Fan Zhengyi,China,2024-10-07,2143.268271617674
Fan Zhengyi,China,2024-10-21,2168.723068690894
Fan Zhengyi,China,2024-10-29,2139.50641761182
Fan Zhengyi,China,2024-11-04,2074.5496217105233
Fan Zhengyi,China,2024-11-18,2103.77564430316
Fan Zhengyi,China,2024-11-20,2109.819821862795
Fan Zhengyi,China,2024-12-04,2114.415694178711
Fan Zhengyi,China,2024-12-06,2117.6320486411173
Fan Zhengyi,China,2024-12-07,2095.9121479407627
Fan Zhengyi,China,2024-12-10,2097.1027549881333
Fan Zhengyi,China,2024-12-17,2113.2858468719237
Fan Zhengyi,China,2024-12-22,2055.6440027845456
Fan Zhengyi,China,2025-01-28,2125.514097741654
Fan Zhengyi,China,2025-02-06,2145.677188791334
Fan Zhengyi,China,2025-02-11,2143.1289934483098
Fan Zhengyi,China,2025-04-14,2237.8946045443304
Fan Zhengyi,China,2025-04-16,2317.8258277999416
Fan Zhengyi,China,2025-04-21,2427.8900998586482
Fan Zhengyi,China,2025-06-22,2389.515700376242
Fan Zhengyi,China,2025-06-28,2335.652669575196
Fan Zhengyi,China,2025-07-17,2339.1901669760505
Fan Zhengyi,China,2025-07-17,2345.7070669387435
Fan Zhengyi,China,2025-07-17,2279.207911465286
Fan Zhengyi,China,2025-08-10,2232.9241570799772
Fan Zhengyi,China,2025-09-01,2201.91940173168
Fan Zhengyi,China,2025-09-07,2178.2997844811493
Fan Zhengyi,China,2025-09-13,2189.6554494524353
Fan Zhengyi,China,2025-09-15,2225.353187837312
Fan Zhengyi,China,2025-09-17,2239.796268741437
Fan Zhengyi,China,2025-09-30,2190.5303653789124
Fan Zhengyi,China,2025-10-08,2304.3743236544083
Fan Zhengyi,China,2025-10-17,2329.7578226742276
Fan Zhengyi,China,2025-10-20,2392.515450014629
Fan Zhengyi,China,2025-11-03,2461.4368163484864
Fan Zhengyi,China,2025-11-23,2420.2400352577356
Fan Zhengyi,China,2025-12-11,2415.444620837656
Fan Zhengyi,China,2025-12-12,2451.965278742123
Fan Zhengyi,China,2025-12-13,2488.007856989555
Fan Zhengyi,China,2025-12-13,2469.83265989707
Fan Zhengyi,China,2025-12-15,2452.7531020001848
Fan Zhengyi,China,2026-01-07,2436.860379925022
Fan Zhengyi,China,2026-01-10,2479.20371025516
Fan Zhengyi,China,2026-01-27,2456.897254892691
Fan Zhengyi,China,2026-02-11,2409.322897466624
Fan Zhengyi,China,2026-02-24,2501.1465112758838
Wang Xinbo,China,2023-10-09,1500.0
Wang Xinbo,China,2023-10-09,1381.1461418323058
Wang Xinbo,China,2023-11-05,1380.8513397042693
Wang Xinbo,China,2023-11-06,1389.4217239189363
Wang Xinbo,China,2024-03-18,1403.861947803884
Wang Xinbo,China,2024-03-18,1564.8463911518365
Wang Xinbo,China,2024-03-19,1582.9546989663047
Wang Xinbo,China,2024-07-15,1667.0932416692194
Wang Xinbo,China,2024-08-19,1744.6917825114992
Wang Xinbo,China,2024-10-07,1745.8613851278394
Wang Xinbo,China,2024-11-03,1765.5682843021293
Wang Xinbo,China,2025-07-28,1856.327547255475
Wang Xinbo,China,2025-08-24,1899.3161026224388
Wang Xinbo,China,2025-08-25,1932.9044729232535
Wang Xinbo,China,2025-10-07,2001.6550744628214
Wang Xinbo,China,2025-11-02,2117.165960204081
Patrick Whelan,England,2025-07-11,1500.0
Patrick Whelan,England,2025-07-11,1556.1164320539922
Patrick Whelan,England,2025-07-11,1552.6843387160745
Patrick Whelan,England,2025-07-11,1523.2198463443535
Patrick Whelan,England,2025-08-09,1483.06819044677
Patrick Whelan,England,2025-09-02,1487.8385677397332
Patrick Whelan,England,2025-09-05,1513.6369709332444
Patrick Whelan,England,2025-09-07,1508.0662848199017
Patrick Whelan,England,2025-09-11,1493.4629340666766
Patrick Whelan,England,2025-09-22,1564.3281333263965
Patrick Whelan,England,2025-10-16,1611.3817039632122
Patrick Whelan,England,2025-11-23,1633.7040236069947
Patrick Whelan,England,2025-12-10,1633.1999047818454
Patrick Whelan,England,2026-01-06,1696.3511315681217
Patrick Whelan,England,2026-01-07,1710.5786878208708
Patrick Whelan,England,2026-01-09,1676.6165649438565
Stuart Carrington,England,2022-07-16,1500.0
Stuart Carrington,England,2022-07-16,1522.2917234341246
Stuart Carrington,England,2022-07-21,1459.5509191638682
Stuart Carrington,England,2022-07-21,1447.2240947115704
Stuart Carrington,England,2022-07-21,1415.8205058014055
Stuart Carrington,England,2022-08-17,1459.9720605045175
Stuart Carrington,England,2022-08-18,1401.322374007105
Stuart Carrington,England,2022-08-27,1351.6121069535072
Stuart Carrington,England,2022-09-26,1280.6777037794704
Stuart Carrington,England,2022-10-09,1360.917220069774
Stuart Carrington,England,2022-10-27,1384.8719299095833
Stuart Carrington,England,2022-11-06,1364.1756453508738
Stuart Carrington,England,2022-11-08,1342.4656801726567
Stuart Carrington,England,2022-11-23,1333.089980904019
Stuart Carrington,England,2022-11-28,1309.5738547350943
Stuart Carrington,England,2022-12-14,1286.8471200832655
Stuart Carrington,England,2023-01-26,1275.582477529118
Stuart Carrington,England,2023-02-13,1337.3510731154502
Stuart Carrington,England,2023-02-14,1336.6430634194003
Stuart Carrington,England,2023-02-15,1281.0630459052452
Stuart Carrington,England,2023-03-18,1307.440354493057
Stuart Carrington,England,2023-03-20,1288.8397530303448
Stuart Carrington,England,2023-04-06,1277.3281599930988
Stuart Carrington,England,2023-07-11,1322.4503586897033
Stuart Carrington,England,2023-07-11,1287.57444811637
Stuart Carrington,England,2023-07-11,1312.427714308453
Stuart Carrington,England,2023-07-26,1287.8305465166195
Stuart Carrington,England,2023-08-17,1318.051455661741
Stuart Carrington,England,2023-09-02,1458.1741242286523
Stuart Carrington,England,2023-09-08,1440.3973764834952
Stuart Carrington,England,2023-09-19,1512.0147292401375
Stuart Carrington,England,2023-10-03,1435.095085016067
Stuart Carrington,England,2023-10-09,1433.4924730864604
Stuart Carrington,England,2023-10-18,1389.1109682341034
Stuart Carrington,England,2023-10-31,1350.940513917851
Stuart Carrington,England,2023-11-06,1433.1206516612874
Stuart Carrington,England,2023-11-18,1415.7897234390182
Stuart Carrington,England,2023-11-19,1292.76349035132
Stuart Carrington,England,2023-12-06,1289.3777575563486
Stuart Carrington,England,2023-12-18,1326.5901907103087
Stuart Carrington,England,2024-01-23,1431.495783029474
Stuart Carrington,England,2024-01-26,1407.5610623684806
Stuart Carrington,England,2024-02-13,1461.6944738370096
Stuart Carrington,England,2024-03-18,1489.0350902364003
Stuart Carrington,England,2024-04-09,1487.1715172699435
Stuart Carrington,England,2024-04-11,1513.394420416025
Stuart Carrington,England,2024-04-14,1753.441754944813
Stuart Carrington,England,2024-06-22,1755.1718825003097
Stuart Carrington,England,2024-06-22,1744.7461618389918
Stuart Carrington,England,2024-06-22,1765.4578258085553
Stuart Carrington,England,2024-07-01,1733.996696732792
Stuart Carrington,England,2024-07-01,1774.734053727695
Stuart Carrington,England,2024-07-01,1820.9902089289342
Stuart Carrington,England,2024-08-31,1841.2897721032543
Stuart Carrington,England,2024-09-01,1862.553109851784
Stuart Carrington,England,2024-09-12,1740.1776615047881
Stuart Carrington,England,2024-09-28,1715.296144602719
Stuart Carrington,England,2024-10-01,1738.3755460196344
Stuart Carrington,England,2024-10-28,1707.665839917143
Stuart Carrington,England,2024-10-29,1751.074711621647
Stuart Carrington,England,2024-11-03,1683.0792263291119
Stuart Carrington,England,2024-11-17,1595.1994218549132
Stuart Carrington,England,2024-12-05,1581.129474982203
Stuart Carrington,England,2024-12-10,1573.3092221135075
Stuart Carrington,England,2024-12-16,1546.067737057133
Stuart Carrington,England,2024-12-17,1564.9196477383887
Stuart Carrington,England,2025-02-05,1698.337765004941
Stuart Carrington,England,2025-02-11,1726.1083718321956
Stuart Carrington,England,2025-02-23,1798.088450133971
Stuart Carrington,England,2025-02-24,1783.2668132771837
Stuart Carrington,England,2025-04-10,1734.5274783952377
Stuart Carrington,England,2025-06-27,1707.6238571251458
Stuart Carrington,England,2025-07-02,1691.0469570407686
Stuart Carrington,England,2025-07-02,1703.934690085601
Stuart Carrington,England,2025-07-02,1726.3448461637145
Stuart Carrington,England,2025-10-14,1778.72948322632
Stuart Carrington,England,2025-10-15,1782.869514470068
Stuart Carrington,England,2025-12-10,1787.6188128160636
Stuart Carrington,England,2025-12-12,1778.7250261077565
Lee Stephens,England,2022-11-05,1500.0
Lee Stephens,England,2022-11-05,1347.9554069514181
Ross Muir,Scotland,2022-07-16,1500.0
Ross Muir,Scotland,2022-07-16,1415.6741489179615
Ross Muir,Scotland,2022-07-20,1386.0899806234377
Ross Muir,Scotland,2022-07-20,1387.0404343715538
Ross Muir,Scotland,2022-07-20,1338.8215444962561
Ross Muir,Scotland,2022-07-20,1368.2087245538219
Ross Muir,Scotland,2022-08-12,1392.7769148250493
Ross Muir,Scotland,2022-08-26,1392.3997511613559
Ross Muir,Scotland,2022-09-28,1401.5996525314597
Ross Muir,Scotland,2022-09-28,1324.5415172689218
Ross Muir,Scotland,2022-11-05,1269.479980452963
Ross Muir,Scotland,2022-11-23,1270.3199324405552
Ross Muir,Scotland,2022-11-24,1356.2672075364972
Ross Muir,Scotland,2023-01-13,1363.1897052029396
Ross Muir,Scotland,2023-01-26,1376.4435749154557
Ross Muir,Scotland,2023-01-27,1365.7142438436276
Ross Muir,Scotland,2023-02-02,1354.6909399062654
Ross Muir,Scotland,2023-02-14,1395.684504899905
Ross Muir,Scotland,2023-04-04,1352.3224577492194
Ross Muir,Scotland,2023-04-07,1234.2307117753378
Ross Muir,Scotland,2023-07-10,1209.3359168548347
Ross Muir,Scotland,2023-07-10,1209.3106383912968
Ross Muir,Scotland,2023-07-10,1255.4640364969523
Ross Muir,Scotland,2023-07-27,1295.5610901666505
Ross Muir,Scotland,2023-08-17,1298.0907605185723
Ross Muir,Scotland,2023-08-22,1348.5077259585482
Ross Muir,Scotland,2023-08-24,1339.8112379371696
Ross Muir,Scotland,2023-09-02,1285.6725106380034
Ross Muir,Scotland,2023-09-08,1282.7297710598862
Ross Muir,Scotland,2023-09-18,1407.480490114706
Ross Muir,Scotland,2023-09-27,1377.498164139851
Ross Muir,Scotland,2023-10-18,1402.6285226674086
Ross Muir,Scotland,2023-10-24,1372.8605459865964
Ross Muir,Scotland,2023-11-01,1310.6367682008442
Ross Muir,Scotland,2023-11-05,1432.1561969279126
Ross Muir,Scotland,2023-11-07,1338.6870870818332
Ross Muir,Scotland,2023-11-18,1347.6884465460466
Ross Muir,Scotland,2023-11-19,1382.6803126686748
Ross Muir,Scotland,2023-12-06,1377.9015588145207
Ross Muir,Scotland,2023-12-22,1287.0756603024997
Ross Muir,Scotland,2024-01-24,1316.9795837523195
Ross Muir,Scotland,2024-01-25,1305.1005986276011
Ross Muir,Scotland,2024-02-12,1307.1062888020663
Ross Muir,Scotland,2024-04-08,1433.5305115098183
Ross Muir,Scotland,2024-04-11,1534.3970606020398
Ross Muir,Scotland,2024-06-18,1541.0082479956645
Ross Muir,Scotland,2024-06-18,1522.7445990300344
Ross Muir,Scotland,2024-06-18,1559.355809915624
Ross Muir,Scotland,2024-07-25,1587.9359849412385
Ross Muir,Scotland,2024-07-30,1690.4708490344854
Ross Muir,Scotland,2024-08-31,1702.6770793367282
Ross Muir,Scotland,2024-09-14,1744.7821754559377
Ross Muir,Scotland,2024-09-17,1844.2105028266753
Ross Muir,Scotland,2024-09-18,1880.2416494029126
Ross Muir,Scotland,2024-09-19,1885.6253580997025
Ross Muir,Scotland,2024-09-23,1861.4761686543163
Ross Muir,Scotland,2024-09-28,1856.5229404523127
Ross Muir,Scotland,2024-10-02,1862.141239603129
Ross Muir,Scotland,2024-10-29,1801.4157789519168
Ross Muir,Scotland,2024-11-04,1913.2359087913105
Ross Muir,Scotland,2024-11-18,1944.1180575619287
Ross Muir,Scotland,2024-11-19,1859.750796960256
Ross Muir,Scotland,2024-12-04,1855.0724082551471
Ross Muir,Scotland,2024-12-18,1818.8025377949864
Ross Muir,Scotland,2024-12-19,1805.677942323576
Ross Muir,Scotland,2024-12-21,1757.3085461018586
Ross Muir,Scotland,2025-01-29,1739.6108983287263
Ross Muir,Scotland,2025-02-04,1714.8277583978386
Ross Muir,Scotland,2025-02-05,1734.6385091340753
Ross Muir,Scotland,2025-02-10,1780.3469520461597
Ross Muir,Scotland,2025-04-10,1728.7722793081582
Ross Muir,Scotland,2025-04-13,1919.8239529819948
Ross Muir,Scotland,2025-04-15,1830.0511929886293
Ross Muir,Scotland,2025-06-24,1870.7181393018384
Ross Muir,Scotland,2025-07-08,1842.8383296212105
Ross Muir,Scotland,2025-07-08,1826.6128010103653
Ross Muir,Scotland,2025-07-08,1821.6327190251268
Ross Muir,Scotland,2025-08-08,1822.0951673952866
Ross Muir,Scotland,2025-08-09,1814.3765404514816
Ross Muir,Scotland,2025-09-03,1853.484018508331
Ross Muir,Scotland,2025-09-05,1752.5310308662315
Ross Muir,Scotland,2025-09-12,1761.5299853156018
Ross Muir,Scotland,2025-09-14,1769.9899628226633
Ross Muir,Scotland,2025-09-15,1807.5397736474195
Ross Muir,Scotland,2025-09-22,1844.8959072470113
Ross Muir,Scotland,2025-10-01,1767.6048627707605
Ross Muir,Scotland,2025-10-17,1775.197492862188
Ross Muir,Scotland,2025-11-22,1785.4223496635752
Ross Muir,Scotland,2025-11-23,1866.805264222238
Ross Muir,Scotland,2025-12-11,1889.5834873226936
Ross Muir,Scotland,2025-12-12,1902.3392847752784
Ross Muir,Scotland,2025-12-13,1899.9767430267993
Ross Muir,Scotland,2026-01-06,1958.4810364120237
Ross Muir,Scotland,2026-01-07,2004.4164115470167
Ross Muir,Scotland,2026-01-09,2037.6388534796429
John Astley,England,2022-07-01,1500.0
John Astley,England,2022-07-01,1487.992528222204
John Astley,England,2022-07-01,1458.264720544749
John Astley,England,2022-07-01,1466.5962249235643
John Astley,England,2022-07-22,1540.3027424055197
John Astley,England,2022-08-11,1548.430916698883
John Astley,England,2022-08-24,1569.896408986486
John Astley,England,2022-10-17,1574.3969883562945
John Astley,England,2022-10-19,1507.833533918776
John Astley,England,2022-10-29,1482.2964280082901
John Astley,England,2022-11-05,1491.2374064036348
John Astley,England,2022-11-07,1374.309901061877
John Astley,England,2022-11-24,1366.7093121647902
John Astley,England,2022-11-28,1442.6987931177719
John Astley,England,2022-11-29,1369.0620402437646
John Astley,England,2022-12-14,1391.682463155522
John Astley,England,2022-12-15,1434.4570661329888
John Astley,England,2022-12-15,1424.111464873645
John Astley,England,2023-01-13,1459.6333899443425
John Astley,England,2023-01-26,1470.669449912713
John Astley,England,2023-01-27,1452.1398546427215
John Astley,England,2023-03-16,1483.7040786132186
John Astley,England,2023-04-03,1527.2648233392185
John Astley,England,2023-04-06,1499.7667147994378
John Astley,England,2023-04-08,1666.315231892341
John Astley,England,2023-07-14,1633.3340864163597
John Astley,England,2023-07-14,1670.7003284979128
John Astley,England,2023-07-14,1706.7215931357962
John Astley,England,2023-07-18,1652.677149037596
John Astley,England,2023-07-18,1661.2976024092975
John Astley,England,2023-07-18,1735.1810046706023
John Astley,England,2023-07-28,1701.045233013896
John Astley,England,2023-08-19,1597.4166825562343
John Astley,England,2023-09-01,1645.435986045676
John Astley,England,2023-09-06,1583.5242790646332
John Astley,England,2023-09-22,1546.7473644510553
John Astley,England,2023-10-20,1432.59862017537
John Astley,England,2023-10-30,1370.9577771146944
John Astley,England,2023-11-05,1559.9785662428026
John Astley,England,2023-11-20,1426.1039450070841
John Astley,England,2023-12-07,1400.9861588812298
John Astley,England,2023-12-19,1439.5997118479152
John Astley,England,2024-02-12,1462.339636680063
John Astley,England,2024-04-13,1539.5553730841139
John Astley,England,2024-04-15,1568.8636052676914
John Astley,England,2025-07-14,1578.9431213835921
John Astley,England,2025-07-14,1575.5749770834652
John Astley,England,2025-07-14,1621.31063794272
Steven Wardropper,Scotland,2024-12-05,1500.0
Steven Wardropper,Scotland,2024-12-05,1479.1976536807572
Steven Wardropper,Scotland,2025-12-10,1471.5706474568888
Siripaporn Nuanthakhamjan,Thailand,2023-04-04,1500.0
Siripaporn Nuanthakhamjan,Thailand,2023-04-04,1267.9227466357784
Siripaporn Nuanthakhamjan,Thailand,2023-07-27,1181.664568215125
Siripaporn Nuanthakhamjan,Thailand,2023-08-16,1160.22936701832
Siripaporn Nuanthakhamjan,Thailand,2023-09-08,1144.4811988503216
Siripaporn Nuanthakhamjan,Thailand,2023-09-22,1135.2285374570356
Siripaporn Nuanthakhamjan,Thailand,2023-10-09,1184.3329749875375
Siripaporn Nuanthakhamjan,Thailand,2023-10-17,1120.676260334353
Siripaporn Nuanthakhamjan,Thailand,2023-11-02,1089.295496612115
Siripaporn Nuanthakhamjan,Thailand,2023-11-16,1086.1759297060053
Siripaporn Nuanthakhamjan,Thailand,2023-11-18,1111.7494043618194
Siripaporn Nuanthakhamjan,Thailand,2023-12-06,1106.8166525208062
Siripaporn Nuanthakhamjan,Thailand,2023-12-22,1098.0709440244648
Siripaporn Nuanthakhamjan,Thailand,2024-01-22,1075.271008867102
Siripaporn Nuanthakhamjan,Thailand,2024-01-26,1044.7850994279227
Siripaporn Nuanthakhamjan,Thailand,2024-04-09,1038.2725097053597
Siripaporn Nuanthakhamjan,Thailand,2024-06-20,1003.596566337807
Siripaporn Nuanthakhamjan,Thailand,2024-06-20,1002.4607185136347
Siripaporn Nuanthakhamjan,Thailand,2024-06-20,992.3044717965837
Siripaporn Nuanthakhamjan,Thailand,2024-07-27,1029.2278385467334
Siripaporn Nuanthakhamjan,Thailand,2024-07-28,1014.039884652204
Siripaporn Nuanthakhamjan,Thailand,2024-08-03,1026.3379040012665
Siripaporn Nuanthakhamjan,Thailand,2024-08-30,1060.6767568494947
Siripaporn Nuanthakhamjan,Thailand,2024-09-28,1059.7279506906666
Siripaporn Nuanthakhamjan,Thailand,2024-10-01,1097.59723891784
Siripaporn Nuanthakhamjan,Thailand,2024-10-29,1084.6940106932461
Siripaporn Nuanthakhamjan,Thailand,2024-11-16,951.9777888741512
Siripaporn Nuanthakhamjan,Thailand,2024-12-04,951.603800177503
Siripaporn Nuanthakhamjan,Thailand,2024-12-16,982.9015911492081
Siripaporn Nuanthakhamjan,Thailand,2024-12-22,969.2243005381182
Siripaporn Nuanthakhamjan,Thailand,2025-02-04,957.3224299708039
Siripaporn Nuanthakhamjan,Thailand,2025-04-08,911.7946220539296
Mohamed Ibrahim,Egypt,2022-10-28,1500.0
Mohamed Ibrahim,Egypt,2022-10-28,1515.4254671658991
Mohamed Ibrahim,Egypt,2022-11-05,1512.7745299974918
Mohamed Ibrahim,Egypt,2022-11-06,1345.0305732104296
Mohamed Ibrahim,Egypt,2022-11-23,1348.1673681212383
Mohamed Ibrahim,Egypt,2023-01-11,1384.7202830722995
Mohamed Ibrahim,Egypt,2023-01-26,1370.2106970465793
Mohamed Ibrahim,Egypt,2023-02-15,1327.3430120790224
Mohamed Ibrahim,Egypt,2023-03-17,1334.0178454910852
Mohamed Ibrahim,Egypt,2023-04-03,1171.8297153378849
Mohamed Ibrahim,Egypt,2023-07-08,1180.1188724975605
Mohamed Ibrahim,Egypt,2023-07-08,1222.2365445443836
Mohamed Ibrahim,Egypt,2023-07-08,1216.8637579993692
Mohamed Ibrahim,Egypt,2023-08-17,1218.7452835129804
Mohamed Ibrahim,Egypt,2023-08-22,1197.1534853250396
Mohamed Ibrahim,Egypt,2023-09-04,1102.3037749331493
Mohamed Ibrahim,Egypt,2023-09-07,1055.6705080668685
Mohamed Ibrahim,Egypt,2023-09-20,1021.3836844322823
Mohamed Ibrahim,Egypt,2023-09-26,960.7409430516541
Mohamed Ibrahim,Egypt,2023-10-18,946.1237447545126
Mohamed Ibrahim,Egypt,2023-11-18,951.1126658023782
Mohamed Ibrahim,Egypt,2023-11-19,990.2057580195572
Mohamed Ibrahim,Egypt,2023-12-06,984.9419690963952
Mohamed Ibrahim,Egypt,2023-12-11,972.8087196551686
Mohamed Ibrahim,Egypt,2023-12-21,1053.8904478941627
Mohamed Ibrahim,Egypt,2024-01-23,1045.687996738012
Mohamed Ibrahim,Egypt,2024-02-12,1040.4540588615273
Mohamed Ibrahim,Egypt,2024-04-10,1040.2342116423058
Lim Kok Leong,Malaysia,2024-07-30,1500.0
Lim Kok Leong,Malaysia,2024-07-30,1418.3602935422518
Lim Kok Leong,Malaysia,2024-08-02,1439.1404489915708
Jimmy Robertson,England,2022-07-11,1500.0
Jimmy Robertson,England,2022-07-11,1511.9887923333063
Jimmy Robertson,England,2022-07-12,1500.5829867348775
Jimmy Robertson,England,2022-07-12,1514.5519085243936
Jimmy Robertson,England,2022-07-17,1506.732198980893
Jimmy Robertson,England,2022-07-25,1498.8585662974797
Jimmy Robertson,England,2022-07-25,1508.7737819416584
Jimmy Robertson,England,2022-07-25,1504.9500398429664
Jimmy Robertson,England,2022-08-14,1556.2866198180368
Jimmy Robertson,England,2022-08-16,1557.3810143158503
Jimmy Robertson,England,2022-08-18,1542.0060486631749
Jimmy Robertson,England,2022-08-23,1578.0594518453124
Jimmy Robertson,England,2022-09-28,1632.6593932566109
Jimmy Robertson,England,2022-09-29,1582.4693432923923
Jimmy Robertson,England,2022-10-13,1616.407359534934
Jimmy Robertson,England,2022-10-17,1634.2483295971076
Jimmy Robertson,England,2022-10-19,1613.8461771522605
Jimmy Robertson,England,2022-11-07,1548.4658277773472
Jimmy Robertson,England,2022-11-21,1567.6376889356816
Jimmy Robertson,England,2022-11-22,1616.531050184652
Jimmy Robertson,England,2022-11-28,1646.060399737231
Jimmy Robertson,England,2022-11-30,1554.9431976085632
Jimmy Robertson,England,2022-12-13,1516.8354873656579
Jimmy Robertson,England,2022-12-19,1537.4951782274004
Jimmy Robertson,England,2022-12-19,1549.4792880444797
Jimmy Robertson,England,2022-12-19,1557.2021039857625
Jimmy Robertson,England,2022-12-20,1640.5853935829512
Jimmy Robertson,England,2022-12-20,1644.0579819212742
Jimmy Robertson,England,2022-12-20,1619.299154385465
Jimmy Robertson,England,2023-01-11,1574.2305191537173
Jimmy Robertson,England,2023-01-26,1586.929084936003
Jimmy Robertson,England,2023-01-27,1565.191721538133
Jimmy Robertson,England,2023-02-02,1543.1719560293825
Jimmy Robertson,England,2023-03-17,1550.385390158648
Jimmy Robertson,England,2023-04-10,1586.464724037636
Jimmy Robertson,England,2023-04-12,1663.7535719525545
Jimmy Robertson,England,2023-04-17,1686.3976747291076
Jimmy Robertson,England,2023-07-03,1689.9652173885559
Jimmy Robertson,England,2023-07-03,1702.7922307674492
Jimmy Robertson,England,2023-07-03,1644.1737012682104
Jimmy Robertson,England,2023-07-27,1655.047573594225
Jimmy Robertson,England,2023-08-23,1654.3866375972138
Jimmy Robertson,England,2023-08-24,1752.5154524477346
Jimmy Robertson,England,2023-08-25,1800.7597526807356
Jimmy Robertson,England,2023-09-04,1742.0226563377305
Jimmy Robertson,England,2023-09-06,1711.1069089017542
Jimmy Robertson,England,2023-09-20,1714.5571808514248
Jimmy Robertson,England,2023-09-25,1741.620584294723
Jimmy Robertson,England,2023-09-26,1779.4406719476524
Jimmy Robertson,England,2023-09-28,1674.15223269111
Jimmy Robertson,England,2023-10-03,1684.3213876627824
Jimmy Robertson,England,2023-10-04,1768.9293168896643
Jimmy Robertson,England,2023-10-19,1768.9928882666727
Jimmy Robertson,England,2023-10-24,1765.5739385216518
Jimmy Robertson,England,2023-10-26,1749.1559888015433
Jimmy Robertson,England,2023-11-06,1680.7243109508574
Jimmy Robertson,England,2023-11-21,1642.6078918174362
Jimmy Robertson,England,2023-12-07,1648.3511729102124
Jimmy Robertson,England,2023-12-08,1662.5190882845316
Jimmy Robertson,England,2023-12-09,1669.4930355357005
Jimmy Robertson,England,2023-12-09,1657.3442941173587
Jimmy Robertson,England,2023-12-11,1679.0801151240069
Jimmy Robertson,England,2023-12-12,1650.9830198788936
Jimmy Robertson,England,2023-12-21,1707.1502164092171
Jimmy Robertson,England,2024-01-24,1652.1367017669281
Jimmy Robertson,England,2024-01-25,1606.7836674992175
Jimmy Robertson,England,2024-01-30,1526.6283150281588
Jimmy Robertson,England,2024-02-07,1632.4417173189438
Jimmy Robertson,England,2024-02-07,1709.5615446391412
Jimmy Robertson,England,2024-02-07,1680.3602965360262
Jimmy Robertson,England,2024-02-07,1706.357265982905
Jimmy Robertson,England,2024-02-08,1660.5634966302318
Jimmy Robertson,England,2024-02-08,1720.0287048097957
Jimmy Robertson,England,2024-04-11,1741.663206789252
Jimmy Robertson,England,2024-04-13,1706.870345141975
Jimmy Robertson,England,2024-06-21,1680.4824250107217
Jimmy Robertson,England,2024-06-21,1625.6855612310655
Jimmy Robertson,England,2024-06-21,1631.0258342156087
Jimmy Robertson,England,2024-07-27,1636.0377093533627
Jimmy Robertson,England,2024-07-30,1641.0508155149482
Jimmy Robertson,England,2024-07-31,1628.9997542733443
Jimmy Robertson,England,2024-08-19,1621.3227016984374
Jimmy Robertson,England,2024-08-21,1709.0806210997746
Jimmy Robertson,England,2024-08-22,1835.1487140351462
Jimmy Robertson,England,2024-08-31,1886.3883186632702
Jimmy Robertson,England,2024-09-01,1953.6370905372014
Jimmy Robertson,England,2024-09-02,1918.972118900002
Jimmy Robertson,England,2024-09-03,1995.3642564215404
Jimmy Robertson,England,2024-09-04,2184.321259821999
Jimmy Robertson,England,2024-09-05,2121.234753293086
Jimmy Robertson,England,2024-09-14,2145.942323586864
Jimmy Robertson,England,2024-09-17,2124.76897446002
Jimmy Robertson,England,2024-09-29,2144.9845982408347
Jimmy Robertson,England,2024-10-01,2151.114141081204
Jimmy Robertson,England,2024-10-06,2095.2315522074664
Jimmy Robertson,England,2024-10-21,2154.3685869557717
Jimmy Robertson,England,2024-10-22,2080.4937633710806
Jimmy Robertson,England,2024-10-29,2081.4897440948153
Jimmy Robertson,England,2024-11-04,1966.3299346150327
Jimmy Robertson,England,2024-11-18,1995.0172818309816
Jimmy Robertson,England,2024-11-20,1886.2065725291395
Jimmy Robertson,England,2024-12-04,1863.6456553890043
Jimmy Robertson,England,2024-12-09,1827.9855684397191
Jimmy Robertson,England,2024-12-19,1790.4390799230355
Jimmy Robertson,England,2024-12-20,1840.758474803236
Jimmy Robertson,England,2025-01-10,1905.8958621436473
Jimmy Robertson,England,2025-01-10,1921.7872716687707
Jimmy Robertson,England,2025-01-10,1956.9778181529919
Jimmy Robertson,England,2025-01-11,1963.8702207519789
Jimmy Robertson,England,2025-01-11,2002.8079225722615
Jimmy Robertson,England,2025-01-11,2003.6550103062252
Jimmy Robertson,England,2025-01-28,2091.7146432843547
Jimmy Robertson,England,2025-01-29,1996.5726788213435
Jimmy Robertson,England,2025-02-05,2003.6662134503297
Jimmy Robertson,England,2025-02-10,1972.5139324121471
Jimmy Robertson,England,2025-02-23,2139.269268205015
Jimmy Robertson,England,2025-02-25,2185.2176597504267
Jimmy Robertson,England,2025-02-26,2207.496706558758
Jimmy Robertson,England,2025-03-05,2271.1249126396892
Jimmy Robertson,England,2025-03-06,2319.243465779046
Jimmy Robertson,England,2025-04-14,2458.749493303345
Jimmy Robertson,England,2025-04-16,2544.642142035332
Jimmy Robertson,England,2025-06-24,2553.589612269128
Jimmy Robertson,England,2025-06-25,2546.9657304498646
Jimmy Robertson,England,2025-07-10,2532.2738639189947
Jimmy Robertson,England,2025-07-10,2533.7695019327552
Jimmy Robertson,England,2025-07-10,2443.1583385491754
Jimmy Robertson,England,2025-08-10,2411.777172919776
Jimmy Robertson,England,2025-08-25,2407.8861165065223
Jimmy Robertson,England,2025-09-03,2417.60347220027
Jimmy Robertson,England,2025-09-06,2409.759176965392
Jimmy Robertson,England,2025-09-13,2382.381390927259
Jimmy Robertson,England,2025-09-16,2361.8292487934464
Jimmy Robertson,England,2025-10-01,2416.80676785092
Jimmy Robertson,England,2025-10-08,2447.7417415852346
Jimmy Robertson,England,2025-10-09,2408.86809919663
Jimmy Robertson,England,2025-10-15,2333.950072435978
Jimmy Robertson,England,2025-10-20,2376.1676985717736
Jimmy Robertson,England,2025-10-22,2456.417848474153
Jimmy Robertson,England,2025-11-04,2549.6854757249994
Jimmy Robertson,England,2025-11-25,2575.771400075325
Jimmy Robertson,England,2025-11-27,2635.7858934914248
Jimmy Robertson,England,2025-12-10,2633.8985736372524
Jimmy Robertson,England,2025-12-12,2612.853209588331
Jimmy Robertson,England,2026-01-07,2627.6209891889166
Jimmy Robertson,England,2026-01-08,2704.265970674425
Jimmy Robertson,England,2026-01-23,2669.3644010097046
Jimmy Robertson,England,2026-01-23,2741.2595420188895
Jimmy Robertson,England,2026-01-23,2679.287820259882
Jimmy Robertson,England,2026-01-24,2739.554482487668
Jimmy Robertson,England,2026-01-24,2823.6525675622534
Jimmy Robertson,England,2026-01-24,2895.9438881952533
Jimmy Robertson,England,2026-01-24,2811.22920554376
Jimmy Robertson,England,2026-01-28,2887.0505036298164
Jimmy Robertson,England,2026-01-29,2937.980806491867
Jimmy Robertson,England,2026-01-30,2898.6919236108038
Jimmy Robertson,England,2026-02-10,2885.2275336726802
Jimmy Robertson,England,2026-02-24,2769.0056135467976
Ethan Llewellyn,England,2025-11-22,1500.0
Ethan Llewellyn,England,2025-11-22,1434.7750838088448
Ethan Llewellyn,England,2025-12-10,1451.4895315295144
Ethan Llewellyn,England,2025-12-12,1456.6836444890396
Ethan Llewellyn,England,2025-12-13,1477.2550602034905
Ethan Llewellyn,England,2025-12-13,1474.9151097932688
Gary Wilson,England,2022-07-11,1500.0
Gary Wilson,England,2022-07-11,1536.9887923333063
Gary Wilson,England,2022-07-11,1522.2359365320162
Gary Wilson,England,2022-07-11,1557.5669863541784
Gary Wilson,England,2022-07-16,1589.3769629153908
Gary Wilson,England,2022-07-27,1534.5278736324683
Gary Wilson,England,2022-07-27,1592.8216287956786
Gary Wilson,England,2022-07-27,1651.6798411869602
Gary Wilson,England,2022-08-16,1675.1969867626765
Gary Wilson,England,2022-08-18,1608.9904944888567
Gary Wilson,England,2022-08-23,1605.5646513426773
Gary Wilson,England,2022-09-26,1640.2529938055222
Gary Wilson,England,2022-09-28,1630.658934828287
Gary Wilson,England,2022-09-29,1586.6641068495012
Gary Wilson,England,2022-10-13,1593.1396049363477
Gary Wilson,England,2022-10-30,1632.3394462614724
Gary Wilson,England,2022-11-08,1605.3491032179918
Gary Wilson,England,2022-11-25,1657.7686319214702
Gary Wilson,England,2022-11-26,1645.4057018993599
Gary Wilson,England,2022-11-29,1698.0870704719994
Gary Wilson,England,2022-11-30,1832.3287938563665
Gary Wilson,England,2022-12-01,1834.809852539053
Gary Wilson,England,2022-12-02,1873.132980693927
Gary Wilson,England,2022-12-03,1943.801058140282
Gary Wilson,England,2022-12-04,2002.5824152675493
Gary Wilson,England,2022-12-13,1948.4270809261418
Gary Wilson,England,2023-01-05,2020.3957592716451
Gary Wilson,England,2023-01-05,1960.6612365489339
Gary Wilson,England,2023-01-05,1933.960974086817
Gary Wilson,England,2023-01-05,1923.7605277147427
Gary Wilson,England,2023-01-06,1891.8895431149504
Gary Wilson,England,2023-01-06,1826.2767354057812
Gary Wilson,England,2023-01-11,1801.958315128112
Gary Wilson,England,2023-01-18,1740.0403847727305
Gary Wilson,England,2023-01-26,1749.275350524972
Gary Wilson,England,2023-01-27,1746.0421403444755
Gary Wilson,England,2023-01-28,1730.347882118517
Gary Wilson,England,2023-02-22,1806.2078743707107
Gary Wilson,England,2023-02-24,1696.365728295536
Gary Wilson,England,2023-03-17,1669.5050187449178
Gary Wilson,England,2023-03-19,1740.2596023857775
Gary Wilson,England,2023-03-21,1756.6906692446707
Gary Wilson,England,2023-03-21,1789.0657343793005
Gary Wilson,England,2023-03-22,1893.1341509071583
Gary Wilson,England,2023-03-22,1896.4477807860935
Gary Wilson,England,2023-04-18,1927.4812523891676
Gary Wilson,England,2023-04-24,2010.5139783470956
Gary Wilson,England,2023-07-14,1991.3674536713038
Gary Wilson,England,2023-07-14,1970.7078904021034
Gary Wilson,England,2023-07-14,1913.5744209273767
Gary Wilson,England,2023-07-27,1902.3836529614784
Gary Wilson,England,2023-09-01,1862.7879104836832
Gary Wilson,England,2023-09-06,1879.814097643346
Gary Wilson,England,2023-09-11,1744.410926268114
Gary Wilson,England,2023-09-20,1797.2162563283862
Gary Wilson,England,2023-09-25,1767.2650314846562
Gary Wilson,England,2023-09-26,1831.5042268683949
Gary Wilson,England,2023-09-27,1854.0407370739847
Gary Wilson,England,2023-10-03,1849.9422541422575
Gary Wilson,England,2023-10-05,1819.3158754683886
Gary Wilson,England,2023-10-22,1844.1200495163523
Gary Wilson,England,2023-10-23,1892.397137207156
Gary Wilson,England,2023-10-25,1819.558457574446
Gary Wilson,England,2023-11-06,1896.21709307699
Gary Wilson,England,2023-11-07,1961.0994096168845
Gary Wilson,England,2023-11-16,1919.6633932332106
Gary Wilson,England,2023-11-21,1802.2313830018809
Gary Wilson,England,2023-12-07,1790.728669696555
Gary Wilson,England,2023-12-11,1852.2659453618003
Gary Wilson,England,2023-12-13,1873.4491081823194
Gary Wilson,England,2023-12-14,1930.143208455204
Gary Wilson,England,2023-12-14,2004.368339420334
Gary Wilson,England,2023-12-15,2080.0128416198236
Gary Wilson,England,2023-12-16,2145.8730493017315
Gary Wilson,England,2023-12-17,2274.4231482480263
Gary Wilson,England,2023-12-20,2211.4133267908646
Gary Wilson,England,2024-01-02,2246.5164667694557
Gary Wilson,England,2024-01-02,2205.506091989948
Gary Wilson,England,2024-01-02,2188.570649977386
Gary Wilson,England,2024-01-03,2168.823096339186
Gary Wilson,England,2024-01-03,2182.110685366216
Gary Wilson,England,2024-01-03,2203.1774572867
Gary Wilson,England,2024-01-03,2221.85998629067
Gary Wilson,England,2024-01-03,2143.9815907624215
Gary Wilson,England,2024-01-04,2145.1154226274884
Gary Wilson,England,2024-01-04,2108.974582307225
Gary Wilson,England,2024-01-04,2036.024181998344
Gary Wilson,England,2024-01-05,2110.840373556873
Gary Wilson,England,2024-01-05,2188.1731806978805
Gary Wilson,England,2024-01-05,2203.658945109513
Gary Wilson,England,2024-01-16,2212.472010887292
Gary Wilson,England,2024-01-18,2271.155614507114
Gary Wilson,England,2024-01-19,2257.0574421751944
Gary Wilson,England,2024-01-23,2218.5101919720837
Gary Wilson,England,2024-01-25,2215.9741719915683
Gary Wilson,England,2024-02-05,2297.450379397827
Gary Wilson,England,2024-02-05,2348.185904981152
Gary Wilson,England,2024-02-05,2327.447275319313
Gary Wilson,England,2024-02-06,2312.2073873622326
Gary Wilson,England,2024-02-06,2224.877310068719
Gary Wilson,England,2024-02-06,2172.840339674294
Gary Wilson,England,2024-02-13,2193.680814108168
Gary Wilson,England,2024-02-14,2172.0618308440203
Gary Wilson,England,2024-02-15,2148.639707971532
Gary Wilson,England,2024-02-16,2198.4509537053355
Gary Wilson,England,2024-02-17,2352.5686834401363
Gary Wilson,England,2024-02-18,2302.1773998410636
Gary Wilson,England,2024-02-20,2341.3149386191735
Gary Wilson,England,2024-02-22,2310.177199446419
Gary Wilson,England,2024-04-02,2527.56527698007
Gary Wilson,England,2024-04-04,2559.5822542676265
Gary Wilson,England,2024-04-05,2688.9418576733083
Gary Wilson,England,2024-04-22,2514.7540184553536
Gary Wilson,England,2024-06-24,2493.8339546802426
Gary Wilson,England,2024-06-24,2496.816706753954
Gary Wilson,England,2024-06-24,2474.402266504348
Gary Wilson,England,2024-07-02,2471.3090310929765
Gary Wilson,England,2024-07-02,2466.2965359856853
Gary Wilson,England,2024-07-02,2496.306745943513
Gary Wilson,England,2024-07-16,2500.511638422085
Gary Wilson,England,2024-07-27,2512.0315224086635
Gary Wilson,England,2024-07-28,2472.9976329305064
Gary Wilson,England,2024-08-19,2484.134825473265
Gary Wilson,England,2024-08-21,2446.5787291000593
Gary Wilson,England,2024-09-03,2576.1044561362305
Gary Wilson,England,2024-09-04,2442.6825163420417
Gary Wilson,England,2024-09-17,2462.832095091148
Gary Wilson,England,2024-09-23,2480.6074093881152
Gary Wilson,England,2024-10-01,2508.6243355973174
Gary Wilson,England,2024-10-07,2375.5634565023647
Gary Wilson,England,2024-10-20,2287.3064702967813
Gary Wilson,England,2024-11-03,2315.4026932906886
Gary Wilson,England,2024-11-05,2318.681160285275
Gary Wilson,England,2024-11-06,2476.6335546711484
Gary Wilson,England,2024-11-07,2505.863624380572
Gary Wilson,England,2024-11-11,2464.0429637268594
Gary Wilson,England,2024-11-25,2325.291176316474
Gary Wilson,England,2024-12-04,2318.3509733797086
Gary Wilson,England,2024-12-06,2289.73206461171
Gary Wilson,England,2024-12-09,2228.152813553412
Gary Wilson,England,2024-12-20,2266.58107644005
Gary Wilson,England,2025-01-03,2299.0387642641717
Gary Wilson,England,2025-01-03,2264.999238063933
Gary Wilson,England,2025-01-03,2290.124719177545
Gary Wilson,England,2025-01-04,2263.836435061679
Gary Wilson,England,2025-01-04,2316.0113261669085
Gary Wilson,England,2025-01-04,2239.6323744535075
Gary Wilson,England,2025-01-12,2240.165747271054
Gary Wilson,England,2025-01-28,2255.490539419757
Gary Wilson,England,2025-02-10,2237.9354758754052
Gary Wilson,England,2025-02-24,2205.5607765671734
Gary Wilson,England,2025-03-04,2264.7234076772966
Gary Wilson,England,2025-04-12,2262.7765293610796
Gary Wilson,England,2025-04-15,2272.633930649808
Gary Wilson,England,2025-06-23,2325.09568605344
Gary Wilson,England,2025-07-07,2303.4260028378476
Gary Wilson,England,2025-07-07,2306.772473469404
Gary Wilson,England,2025-07-07,2310.8409736705476
Gary Wilson,England,2025-08-10,2305.4404320092876
Gary Wilson,England,2025-08-11,2315.583971946043
Gary Wilson,England,2025-08-12,2421.8807964641164
Gary Wilson,England,2025-08-24,2456.3005520011206
Gary Wilson,England,2025-08-26,2526.422097775873
Gary Wilson,England,2025-08-27,2672.1777845120123
Gary Wilson,England,2025-08-28,2844.8058279738552
Gary Wilson,England,2025-08-29,2931.3155490673503
Gary Wilson,England,2025-08-30,3123.8333670351703
Gary Wilson,England,2025-09-16,3115.9875814549364
Gary Wilson,England,2025-09-17,2989.916083285607
Gary Wilson,England,2025-09-22,2962.0945947199893
Gary Wilson,England,2025-09-23,2882.9876643061616
Gary Wilson,England,2025-10-02,2908.7205031508483
Gary Wilson,England,2025-10-07,2917.660721184669
Gary Wilson,England,2025-10-08,2926.722354326059
Gary Wilson,England,2025-10-09,2960.663995918282
Gary Wilson,England,2025-10-10,3019.711902001264
Gary Wilson,England,2025-10-11,3169.7261596023864
Gary Wilson,England,2025-10-12,3246.0204041392517
Gary Wilson,England,2025-10-20,3213.4299948401144
Gary Wilson,England,2025-10-22,3230.6078990943165
Gary Wilson,England,2025-10-23,3150.3596130319984
Gary Wilson,England,2025-11-02,3176.0947971750097
Gary Wilson,England,2025-11-04,2986.1434015672717
Gary Wilson,England,2025-12-01,2941.731573393041
Gary Wilson,England,2025-12-10,2934.2700435680426
Gary Wilson,England,2025-12-12,2953.5367967151965
Gary Wilson,England,2025-12-13,2923.914934034001
Gary Wilson,England,2025-12-15,2844.7639852523216
Gary Wilson,England,2026-01-04,2904.8129169876092
Gary Wilson,England,2026-01-04,2921.7040196606386
Gary Wilson,England,2026-01-04,2904.6173426059017
Gary Wilson,England,2026-01-04,2907.71665591231
Gary Wilson,England,2026-01-05,2943.8401325011323
Gary Wilson,England,2026-01-05,2863.150090765427
Gary Wilson,England,2026-01-05,2880.0374000841703
Gary Wilson,England,2026-01-05,2822.470988986113
Gary Wilson,England,2026-01-06,2865.255549322503
Gary Wilson,England,2026-01-06,2841.8916370256843
Gary Wilson,England,2026-01-06,2817.7391714512787
Gary Wilson,England,2026-01-07,2884.4608977315856
Gary Wilson,England,2026-01-07,2898.0109332585785
Gary Wilson,England,2026-01-07,2862.909964417276
Gary Wilson,England,2026-01-08,2896.152841344044
Gary Wilson,England,2026-01-08,2925.462324497945
Gary Wilson,England,2026-01-08,2971.0807408081655
Gary Wilson,England,2026-01-08,3005.5336788795225
Gary Wilson,England,2026-01-09,3034.484597648954
Gary Wilson,England,2026-01-09,2953.4458121442785
Gary Wilson,England,2026-01-12,2924.3435318050465
Gary Wilson,England,2026-01-27,2800.601757545502
Gary Wilson,England,2026-02-04,2761.268255405771
Gary Wilson,England,2026-02-10,2770.233350073988
Gary Wilson,England,2026-02-24,2837.4120523765714
Gary Wilson,England,2026-02-25,2742.7504467589183
Faisal Bahashwan,Saudi Arabia,2024-08-30,1500.0
Faisal Bahashwan,Saudi Arabia,2024-08-30,1421.007827572651
He Guoqiang,China,2023-07-27,1500.0
He Guoqiang,China,2023-07-27,1351.7704579900276
He Guoqiang,China,2023-08-17,1389.250439846976
He Guoqiang,China,2023-09-01,1529.162487534146
He Guoqiang,China,2023-09-06,1600.793250744735
He Guoqiang,China,2023-09-21,1663.6590360172136
He Guoqiang,China,2023-09-27,1662.3755744241894
He Guoqiang,China,2023-09-27,1694.708655895906
He Guoqiang,China,2023-09-28,1764.7215561746686
He Guoqiang,China,2023-09-29,1724.717377055167
He Guoqiang,China,2023-10-03,1737.8544030103994
He Guoqiang,China,2023-10-04,1809.1358975252078
He Guoqiang,China,2023-10-05,1752.9053188534826
He Guoqiang,China,2023-10-09,1796.252543206578
He Guoqiang,China,2023-10-11,1813.7429954863596
He Guoqiang,China,2023-10-12,1756.252733079621
He Guoqiang,China,2023-10-20,1679.2127931481634
He Guoqiang,China,2023-11-02,1652.0650377639113
He Guoqiang,China,2023-11-19,1686.71125135428
He Guoqiang,China,2023-11-21,1653.167824412429
He Guoqiang,China,2023-12-07,1636.1991014697446
He Guoqiang,China,2023-12-12,1630.9537718860975
He Guoqiang,China,2023-12-19,1654.3307729344203
He Guoqiang,China,2024-01-24,1662.4968684384778
He Guoqiang,China,2024-01-30,1793.3200234301687
He Guoqiang,China,2024-01-31,1701.9591235665275
He Guoqiang,China,2024-02-12,1672.5472024100989
He Guoqiang,China,2024-03-19,1707.838517658746
He Guoqiang,China,2024-03-20,1754.5898835013697
He Guoqiang,China,2024-04-11,1803.826599661497
He Guoqiang,China,2024-04-13,1832.149369401033
He Guoqiang,China,2024-04-16,1806.539026047348
He Guoqiang,China,2024-06-25,1742.508692055677
He Guoqiang,China,2024-06-25,1858.4640930471485
He Guoqiang,China,2024-06-25,1847.3965929833048
He Guoqiang,China,2024-06-28,1866.209561364927
He Guoqiang,China,2024-06-28,1894.069401368587
He Guoqiang,China,2024-06-28,1923.632663969311
He Guoqiang,China,2024-07-25,1971.0324750470236
He Guoqiang,China,2024-07-28,1931.9033068278377
He Guoqiang,China,2024-08-02,1968.1001608727834
He Guoqiang,China,2024-08-20,2002.4066084959024
He Guoqiang,China,2024-08-31,1881.983412681598
He Guoqiang,China,2024-09-14,1857.4248006185335
He Guoqiang,China,2024-09-17,1985.2600161148391
He Guoqiang,China,2024-09-18,2043.239486062303
He Guoqiang,China,2024-09-19,2028.6078751317289
He Guoqiang,China,2024-09-29,2022.540993575751
He Guoqiang,China,2024-10-02,1976.4577898518535
He Guoqiang,China,2024-10-07,2028.6053467251525
He Guoqiang,China,2024-10-20,2037.6036524544136
He Guoqiang,China,2024-10-29,2095.965954400625
He Guoqiang,China,2024-11-04,2086.2935982064428
He Guoqiang,China,2024-11-18,2164.5838036788127
He Guoqiang,China,2024-11-19,2180.4700896759678
He Guoqiang,China,2024-11-21,2236.195784899448
He Guoqiang,China,2024-11-26,2120.2329049428677
He Guoqiang,China,2024-12-05,2133.55703143148
He Guoqiang,China,2024-12-06,2104.4469730196756
He Guoqiang,China,2024-12-09,2087.3708478748867
He Guoqiang,China,2024-12-17,2059.907639038739
He Guoqiang,China,2024-12-21,2071.215678060274
He Guoqiang,China,2025-02-05,2021.8021733850746
He Guoqiang,China,2025-02-23,2072.3937649049853
He Guoqiang,China,2025-04-12,2069.146913735537
He Guoqiang,China,2025-04-14,2169.598608462049
He Guoqiang,China,2025-04-16,2173.6088259035814
He Guoqiang,China,2025-06-23,2041.674244942191
He Guoqiang,China,2025-06-26,2010.569422821183
He Guoqiang,China,2025-07-04,1990.5296606172076
He Guoqiang,China,2025-07-04,1995.6657457916522
He Guoqiang,China,2025-07-04,1999.4766761634332
He Guoqiang,China,2025-08-10,1927.9624992700994
He Guoqiang,China,2025-09-02,1925.7666863924874
He Guoqiang,China,2025-09-06,1924.9946214699755
He Guoqiang,China,2025-09-14,1931.192239109508
He Guoqiang,China,2025-09-15,1940.56557502955
He Guoqiang,China,2025-09-23,1889.1328906662518
He Guoqiang,China,2025-10-02,1998.083373303576
He Guoqiang,China,2025-10-07,2044.2580432280229
He Guoqiang,China,2025-10-09,2155.5481266303877
He Guoqiang,China,2025-10-10,2134.1840657545495
He Guoqiang,China,2025-10-17,2162.207947254604
He Guoqiang,China,2025-10-19,2231.899860160354
He Guoqiang,China,2025-10-22,2361.4588938632514
He Guoqiang,China,2025-10-23,2447.8013917439107
He Guoqiang,China,2025-11-02,2512.3992857116373
He Guoqiang,China,2025-11-04,2537.995144733475
He Guoqiang,China,2025-11-25,2635.9164157115665
He Guoqiang,China,2025-11-27,2565.5347982421695
He Guoqiang,China,2025-12-11,2538.907013574221
He Guoqiang,China,2025-12-17,2415.723009306907
He Guoqiang,China,2026-01-06,2359.601623003143
He Guoqiang,China,2026-01-10,2325.1643881461364
He Guoqiang,China,2026-02-10,2359.4296023449447
Manasawin Phetmalaikul,England,2023-08-14,1500.0
Manasawin Phetmalaikul,England,2023-08-14,1433.3477749496483
Manasawin Phetmalaikul,England,2023-08-22,1419.7706062860514
Manasawin Phetmalaikul,England,2023-09-04,1389.0341993185823
Manasawin Phetmalaikul,England,2023-09-08,1348.061554324331
Manasawin Phetmalaikul,England,2023-09-22,1361.2834852754868
Manasawin Phetmalaikul,England,2023-10-18,1336.9581771730454
Manasawin Phetmalaikul,England,2023-10-31,1355.3145701567314
Manasawin Phetmalaikul,England,2023-11-18,1295.190025449489
Manasawin Phetmalaikul,England,2023-12-06,1280.310114828215
Manasawin Phetmalaikul,England,2023-12-13,1238.2891175197658
Manasawin Phetmalaikul,England,2024-01-25,1249.7170929804831
Manasawin Phetmalaikul,England,2024-01-29,1335.6499121811169
Manasawin Phetmalaikul,England,2024-03-18,1348.2105662057543
Manasawin Phetmalaikul,England,2024-04-10,1234.0883664888313
Manasawin Phetmalaikul,England,2024-06-20,1276.3908289225478
Manasawin Phetmalaikul,England,2024-06-20,1224.051874449105
Manasawin Phetmalaikul,England,2024-06-20,1260.8792124167328
Manasawin Phetmalaikul,England,2024-07-26,1245.1381163779727
Manasawin Phetmalaikul,England,2024-07-29,1283.5835592792976
Manasawin Phetmalaikul,England,2024-08-30,1221.9536808783994
Manasawin Phetmalaikul,England,2024-09-12,1172.8975621020145
Manasawin Phetmalaikul,England,2024-09-23,1141.4216574770485
Manasawin Phetmalaikul,England,2024-09-28,1217.031701296978
Manasawin Phetmalaikul,England,2024-09-29,1200.2367064024256
Manasawin Phetmalaikul,England,2024-10-01,1256.9695852761402
Manasawin Phetmalaikul,England,2024-10-29,1294.86684994602
Manasawin Phetmalaikul,England,2024-11-17,1287.2647283010147
Manasawin Phetmalaikul,England,2024-11-18,1333.5283079739345
Manasawin Phetmalaikul,England,2024-12-04,1330.7604080109074
Manasawin Phetmalaikul,England,2024-12-16,1250.0048799450212
Manasawin Phetmalaikul,England,2024-12-22,1376.4736588624614
Manasawin Phetmalaikul,England,2025-02-04,1375.8158703705406
Manasawin Phetmalaikul,England,2025-02-23,1381.592269110185
Manasawin Phetmalaikul,England,2025-04-08,1423.077839708349
Manasawin Phetmalaikul,England,2025-04-11,1468.011601507267
Fraser Patrick,Scotland,2022-07-06,1500.0
Fraser Patrick,Scotland,2022-07-06,1440.0
Fraser Patrick,Scotland,2022-07-06,1506.542587313549
Fraser Patrick,Scotland,2022-07-06,1549.2934779444581
Fraser Patrick,Scotland,2022-07-16,1506.635089180467
Fraser Patrick,Scotland,2022-08-11,1496.8449934821874
Fraser Patrick,Scotland,2022-09-28,1415.0003491436655
Fraser Patrick,Scotland,2022-10-16,1342.6377713910115
Fraser Patrick,Scotland,2022-10-30,1349.890028111472
Fraser Patrick,Scotland,2022-11-05,1377.5614357992793
Fraser Patrick,Scotland,2022-11-07,1366.7868648560568
Fraser Patrick,Scotland,2022-11-28,1423.3704930665417
Fraser Patrick,Scotland,2022-11-30,1462.334282755518
Fraser Patrick,Scotland,2022-12-14,1409.9940363839373
Fraser Patrick,Scotland,2023-04-07,1344.4565224570194
Lukas Kleckers,Germany,2022-07-07,1500.0
Lukas Kleckers,Germany,2022-07-07,1465.8126336830787
Lukas Kleckers,Germany,2022-07-07,1405.6764681994723
Lukas Kleckers,Germany,2022-07-07,1351.1599113528175
Lukas Kleckers,Germany,2022-07-16,1374.7576462815136
Lukas Kleckers,Germany,2022-08-10,1430.5650192205878
Lukas Kleckers,Germany,2022-08-16,1444.2902546181224
Lukas Kleckers,Germany,2022-09-27,1373.7084309503182
Lukas Kleckers,Germany,2022-10-10,1379.0466213006605
Lukas Kleckers,Germany,2022-10-16,1325.3462053563337
Lukas Kleckers,Germany,2022-10-25,1240.2046044547021
Lukas Kleckers,Germany,2022-11-05,1289.0058487382814
Lukas Kleckers,Germany,2022-11-06,1256.4142116624625
Lukas Kleckers,Germany,2022-11-24,1270.828034544372
Lukas Kleckers,Germany,2022-11-26,1241.727113280547
Lukas Kleckers,Germany,2023-01-11,1294.1772854322355
Lukas Kleckers,Germany,2023-01-25,1304.574374010566
Lukas Kleckers,Germany,2023-01-27,1320.5564760285974
Lukas Kleckers,Germany,2023-01-28,1308.915277702742
Lukas Kleckers,Germany,2023-03-17,1390.999327467936
Lukas Kleckers,Germany,2023-03-19,1379.9835319119034
Lukas Kleckers,Germany,2023-03-20,1431.2365577338026
Lukas Kleckers,Germany,2023-03-21,1520.3640805995876
Lukas Kleckers,Germany,2023-03-22,1484.6379502252548
Lukas Kleckers,Germany,2023-04-08,1468.937536412146
Lukas Kleckers,Germany,2023-07-12,1435.701417877097
Lukas Kleckers,Germany,2023-07-12,1477.1955073648207
Lukas Kleckers,Germany,2023-07-12,1504.6678162724193
Lukas Kleckers,Germany,2023-07-26,1486.1407244444156
Lukas Kleckers,Germany,2023-08-14,1485.4674740546907
Lukas Kleckers,Germany,2023-09-04,1482.0352244698424
Lukas Kleckers,Germany,2023-09-06,1492.9245602286464
Lukas Kleckers,Germany,2023-09-23,1490.4632229438148
Lukas Kleckers,Germany,2023-10-04,1390.8968531706835
Lukas Kleckers,Germany,2023-10-17,1431.8758048581599
Lukas Kleckers,Germany,2023-10-23,1437.044348934639
Lukas Kleckers,Germany,2023-10-31,1460.0807282685314
Lukas Kleckers,Germany,2023-11-20,1462.1490735022398
Lukas Kleckers,Germany,2023-11-21,1539.211975455099
Lukas Kleckers,Germany,2023-11-23,1442.7022236608736
Lukas Kleckers,Germany,2023-12-06,1456.3862104681584
Lukas Kleckers,Germany,2023-12-08,1451.501581945526
Lukas Kleckers,Germany,2023-12-12,1443.3839771199844
Lukas Kleckers,Germany,2024-01-24,1548.9080790961627
Lukas Kleckers,Germany,2024-01-25,1509.3186394582522
Lukas Kleckers,Germany,2024-01-29,1499.5270110858278
Lukas Kleckers,Germany,2024-03-18,1541.333123913721
Lukas Kleckers,Germany,2024-04-11,1500.961939834312
Lukas Kleckers,Germany,2024-04-14,1538.7773614657256
Jamie O'Neill,England,2022-08-10,1500.0
Jamie O'Neill,England,2022-08-10,1431.6701592521413
Jamie O'Neill,England,2022-08-28,1356.3958218294042
Jamie O'Neill,England,2022-10-13,1316.0002028586432
Jamie O'Neill,England,2022-10-26,1283.2519261140765
Jamie O'Neill,England,2022-11-06,1270.9391006869732
Jamie O'Neill,England,2022-11-21,1233.6918910576276
Jamie O'Neill,England,2023-01-25,1240.4349932636273
Jamie O'Neill,England,2023-01-27,1228.8783634069418
Jamie O'Neill,England,2023-02-13,1261.2033358578813
Jamie O'Neill,England,2023-03-16,1258.1973523694214
Jamie O'Neill,England,2023-04-03,1427.6158298456617
Jamie O'Neill,England,2023-04-06,1359.6485093784324
Jamie O'Neill,England,2023-07-12,1333.7100347286291
Jamie O'Neill,England,2023-07-12,1321.6840664538547
Jamie O'Neill,England,2023-07-12,1315.9271700148943
Jamie O'Neill,England,2023-12-07,1324.7286168899736
Jamie O'Neill,England,2023-12-08,1311.6020489653608
Jamie O'Neill,England,2024-06-22,1325.6806980955
Jamie O'Neill,England,2024-06-22,1327.3680589212813
Jamie O'Neill,England,2024-06-22,1268.2448122344338
Dominic Dale,Wales,2022-07-13,1500.0
Dominic Dale,Wales,2022-07-13,1467.7096123885208
Dominic Dale,Wales,2022-07-13,1459.1309331848129
Dominic Dale,Wales,2022-07-13,1519.193605236329
Dominic Dale,Wales,2022-07-16,1538.9976051280573
Dominic Dale,Wales,2022-08-17,1524.1889810773193
Dominic Dale,Wales,2022-08-18,1500.2390583378249
Dominic Dale,Wales,2022-08-24,1487.66764707347
Dominic Dale,Wales,2022-09-26,1424.1200101772329
Dominic Dale,Wales,2022-10-12,1395.0086406461305
Dominic Dale,Wales,2022-10-19,1365.6806923769236
Dominic Dale,Wales,2022-10-27,1362.0865903324438
Dominic Dale,Wales,2022-11-06,1398.3484445034628
Dominic Dale,Wales,2022-11-07,1459.6356487040603
Dominic Dale,Wales,2022-11-09,1327.780355024676
Dominic Dale,Wales,2022-11-25,1316.5921726750075
Dominic Dale,Wales,2022-12-13,1340.8006705639684
Dominic Dale,Wales,2023-01-13,1371.4283307300648
Dominic Dale,Wales,2023-01-26,1386.4931104695188
Dominic Dale,Wales,2023-01-27,1395.181221473148
Dominic Dale,Wales,2023-01-28,1401.2917379392006
Dominic Dale,Wales,2023-01-28,1416.164945599395
Dominic Dale,Wales,2023-01-28,1451.4112358253124
Dominic Dale,Wales,2023-01-28,1435.000219963448
Dominic Dale,Wales,2023-02-14,1520.6841089872678
Dominic Dale,Wales,2023-02-15,1457.2932012924725
Dominic Dale,Wales,2023-03-16,1444.3122446877846
Dominic Dale,Wales,2023-04-06,1404.0469078971942
Dominic Dale,Wales,2023-04-09,1421.2177532240935
Dominic Dale,Wales,2023-07-07,1388.3920673881564
Dominic Dale,Wales,2023-07-07,1406.0010737842317
Dominic Dale,Wales,2023-07-07,1401.9396453254958
Dominic Dale,Wales,2023-07-26,1513.5297400055508
Dominic Dale,Wales,2023-08-15,1526.3797986292093
Dominic Dale,Wales,2023-08-22,1425.2864005004926
Dominic Dale,Wales,2023-09-04,1437.6680258604586
Dominic Dale,Wales,2023-09-08,1432.9191584998725
Dominic Dale,Wales,2023-09-22,1403.5816952504604
Dominic Dale,Wales,2023-09-26,1339.332185938772
Dominic Dale,Wales,2023-10-03,1401.9857226211511
Dominic Dale,Wales,2023-10-10,1330.8064303596352
Dominic Dale,Wales,2023-10-17,1407.2295610445094
Dominic Dale,Wales,2023-10-24,1428.5178326120877
Dominic Dale,Wales,2023-11-01,1450.7239155643158
Dominic Dale,Wales,2023-11-06,1672.4885957653555
Dominic Dale,Wales,2023-11-07,1710.8789798435587
Dominic Dale,Wales,2023-11-19,1708.240798961456
Dominic Dale,Wales,2023-11-21,1623.0842529099957
Dominic Dale,Wales,2023-12-06,1634.4185406831436
Dominic Dale,Wales,2023-12-08,1651.9079885235194
Dominic Dale,Wales,2023-12-09,1668.7069185891685
Dominic Dale,Wales,2023-12-09,1675.924092135204
Dominic Dale,Wales,2023-12-09,1654.5952679347386
Dominic Dale,Wales,2023-12-13,1699.911821583228
Dominic Dale,Wales,2023-12-14,1671.7268362752588
Dominic Dale,Wales,2023-12-14,1630.2136876531154
Dominic Dale,Wales,2023-12-18,1533.8381111893896
Dominic Dale,Wales,2024-01-17,1612.8117972294472
Dominic Dale,Wales,2024-01-22,1668.7861521844884
Dominic Dale,Wales,2024-01-27,1666.1029880879305
Dominic Dale,Wales,2024-02-14,1652.7181248854838
Dominic Dale,Wales,2024-02-15,1679.8389657593
Dominic Dale,Wales,2024-02-15,1754.0851429315326
Dominic Dale,Wales,2024-02-16,1749.096025880952
Dominic Dale,Wales,2024-03-18,1746.0404811845228
Dominic Dale,Wales,2024-03-20,1685.8481782128222
Dominic Dale,Wales,2024-04-13,1722.2385508371374
Dominic Dale,Wales,2024-04-16,1815.3459610063735
Dominic Dale,Wales,2024-04-24,1762.5693017405308
Dominic Dale,Wales,2024-06-15,1731.9377115056766
Dominic Dale,Wales,2024-06-15,1729.1765006618566
Dominic Dale,Wales,2024-06-15,1726.023121318279
Dominic Dale,Wales,2024-07-25,1724.3763494347493
Dominic Dale,Wales,2024-07-28,1640.877560030297
Dominic Dale,Wales,2024-08-01,1600.5588243013358
Dominic Dale,Wales,2024-08-20,1738.3029830038827
Dominic Dale,Wales,2024-08-21,1866.3004677265403
Dominic Dale,Wales,2024-08-22,1787.568511938257
Dominic Dale,Wales,2024-09-16,1765.068848250848
Dominic Dale,Wales,2024-09-17,1741.9561080157662
Dominic Dale,Wales,2024-09-29,1758.5686301654032
Dominic Dale,Wales,2024-10-01,1788.5021770499638
Dominic Dale,Wales,2024-10-20,1800.16031827121
Dominic Dale,Wales,2024-10-30,1749.7942239733554
Dominic Dale,Wales,2024-11-19,1656.02057739192
Dominic Dale,Wales,2024-12-17,1706.152428106302
Dominic Dale,Wales,2024-12-21,1812.6334704464641
Dominic Dale,Wales,2025-02-05,1791.3315349727181
Dominic Dale,Wales,2025-02-10,1788.1053998222817
Dominic Dale,Wales,2025-04-12,1751.7724817193155
Alex Clenshaw,England,2025-07-07,1500.0
Alex Clenshaw,England,2025-07-07,1535.1336280444152
Alex Clenshaw,England,2025-07-07,1496.2872795588962
Alex Clenshaw,England,2025-07-07,1483.7775687366682
Jamie Clarke,Wales,2022-07-19,1500.0
Jamie Clarke,Wales,2022-07-19,1487.992528222204
Jamie Clarke,Wales,2022-07-19,1468.9150784594274
Jamie Clarke,Wales,2022-07-19,1481.0001440316664
Jamie Clarke,Wales,2022-07-22,1481.1964406669329
Jamie Clarke,Wales,2022-07-28,1431.8146189333029
Jamie Clarke,Wales,2022-07-28,1382.8587332838042
Jamie Clarke,Wales,2022-07-28,1344.6530013717895
Jamie Clarke,Wales,2022-08-13,1391.8456992937502
Jamie Clarke,Wales,2022-08-26,1400.4507660728088
Jamie Clarke,Wales,2022-09-27,1365.2753566028603
Jamie Clarke,Wales,2022-10-12,1405.9357147683043
Jamie Clarke,Wales,2022-10-18,1372.4555944722385
Jamie Clarke,Wales,2022-10-29,1380.9872577034735
Jamie Clarke,Wales,2022-11-06,1375.4967590818821
Jamie Clarke,Wales,2022-11-07,1453.7012242813184
Jamie Clarke,Wales,2022-11-09,1545.6727743736303
Jamie Clarke,Wales,2022-11-14,1575.0973497976856
Jamie Clarke,Wales,2022-11-17,1505.3692604778055
Jamie Clarke,Wales,2022-11-21,1579.4839161187663
Jamie Clarke,Wales,2022-11-22,1561.442358037848
Jamie Clarke,Wales,2022-11-29,1588.8400964740654
Jamie Clarke,Wales,2022-11-30,1551.2136007882282
Jamie Clarke,Wales,2023-01-12,1525.3746597436916
Jamie Clarke,Wales,2023-01-25,1508.0557573740384
Jamie Clarke,Wales,2023-03-19,1504.22076612871
Jamie Clarke,Wales,2023-03-20,1533.0785361857284
Jamie Clarke,Wales,2023-03-21,1508.4793576677428
Jamie Clarke,Wales,2023-04-10,1369.6512483206855
Jamie Clarke,Wales,2023-07-11,1335.9815591853178
Jamie Clarke,Wales,2023-07-11,1372.2882218815198
Jamie Clarke,Wales,2023-07-11,1393.1038978497445
Jamie Clarke,Wales,2023-07-29,1355.072756046639
Jamie Clarke,Wales,2023-09-04,1334.8376172240348
Jamie Clarke,Wales,2023-09-22,1357.9448835940611
Jamie Clarke,Wales,2023-09-25,1364.142748532357
Jamie Clarke,Wales,2023-10-02,1365.2858638735256
Jamie Clarke,Wales,2023-10-10,1320.7401706724531
Jamie Clarke,Wales,2023-10-18,1339.272188317596
Jamie Clarke,Wales,2023-10-24,1311.6152991251881
Jamie Clarke,Wales,2023-10-30,1426.6745071466157
Jamie Clarke,Wales,2023-11-19,1438.3565197932453
Jamie Clarke,Wales,2023-11-21,1573.8442366805666
Jamie Clarke,Wales,2023-11-22,1655.1431322558253
Jamie Clarke,Wales,2023-11-25,1813.195779842872
Jamie Clarke,Wales,2023-11-29,1864.9503564787938
Jamie Clarke,Wales,2023-12-07,1862.6630598487307
Jamie Clarke,Wales,2023-12-08,1840.6800217104708
Jamie Clarke,Wales,2023-12-12,1796.031675443843
Jamie Clarke,Wales,2023-12-20,1824.496731370415
Jamie Clarke,Wales,2024-01-22,1718.777247947385
Jamie Clarke,Wales,2024-01-27,1755.9704045072554
Jamie Clarke,Wales,2024-01-29,1750.9894034502145
Jamie Clarke,Wales,2024-01-31,1723.5795480524348
Jamie Clarke,Wales,2024-02-13,1602.4340458515046
Jamie Clarke,Wales,2024-04-11,1573.8753863814766
Jamie Clarke,Wales,2024-04-14,1630.2352850824607
Jamie Clarke,Wales,2024-06-10,1668.4969286998726
Jamie Clarke,Wales,2024-06-10,1668.9271360349878
Jamie Clarke,Wales,2024-06-10,1647.1267018544347
Jamie Clarke,Wales,2024-07-28,1684.3881851671824
Jamie Clarke,Wales,2024-07-31,1714.7092365775084
Jamie Clarke,Wales,2024-08-19,1753.5615487929358
Jamie Clarke,Wales,2024-08-20,1730.5863594826978
Jamie Clarke,Wales,2024-08-31,1687.4890213722617
Jamie Clarke,Wales,2024-09-14,1695.7894192871763
Jamie Clarke,Wales,2024-09-16,1733.4567432972212
Jamie Clarke,Wales,2024-09-25,1669.5430731498052
Jamie Clarke,Wales,2024-09-29,1686.6468184969642
Jamie Clarke,Wales,2024-09-30,1672.0719774889264
Jamie Clarke,Wales,2024-10-08,1741.384186924386
Jamie Clarke,Wales,2024-10-22,1726.3495115713174
Jamie Clarke,Wales,2024-10-29,1722.3898464129497
Jamie Clarke,Wales,2024-11-03,1879.7087484990138
Jamie Clarke,Wales,2024-11-17,1834.5854834751995
Jamie Clarke,Wales,2024-11-18,1894.5178795645138
Jamie Clarke,Wales,2024-12-05,1871.068407047063
Jamie Clarke,Wales,2024-12-19,1882.8588001918297
Jamie Clarke,Wales,2024-12-20,1802.9661609790865
Jamie Clarke,Wales,2025-02-06,1815.8544351412584
Jamie Clarke,Wales,2025-02-12,1918.6487444339186
Jamie Clarke,Wales,2025-04-11,1857.4919185416609
Jamie Clarke,Wales,2025-11-22,1924.217874602833
Jamie Clarke,Wales,2025-11-23,1989.7008819170364
Jamie Clarke,Wales,2025-11-25,2078.457457790558
Jamie Clarke,Wales,2025-11-26,2106.3092343721573
Chris Totten,Scotland,2023-07-05,1500.0
Chris Totten,Scotland,2023-07-05,1455.5242870286932
Chris Totten,Scotland,2023-07-05,1468.037758183321
Chris Totten,Scotland,2023-07-05,1434.2142699082767
Chris Totten,Scotland,2024-06-15,1467.7791966351524
Chris Totten,Scotland,2024-06-15,1517.864056556358
Chris Totten,Scotland,2024-06-15,1495.235873918228
Chris Totten,Scotland,2024-07-27,1486.209633152992
Chris Totten,Scotland,2024-07-30,1551.0235670348384
Chris Totten,Scotland,2024-08-01,1590.119836978731
Chris Totten,Scotland,2024-08-30,1620.3698929891361
Chris Totten,Scotland,2024-08-31,1531.055198100324
Chris Totten,Scotland,2024-09-12,1591.387414189918
Chris Totten,Scotland,2024-09-13,1575.1702461276743
Chris Totten,Scotland,2024-09-24,1616.6300412227274
Chris Totten,Scotland,2024-09-28,1657.4498167339207
Chris Totten,Scotland,2024-09-29,1673.6669428156047
Chris Totten,Scotland,2024-09-30,1683.834035725995
Chris Totten,Scotland,2024-10-28,1643.7576035383267
Chris Totten,Scotland,2024-11-17,1612.80080445765
Chris Totten,Scotland,2024-11-18,1665.4569088997519
Chris Totten,Scotland,2024-11-19,1812.5089282881588
Chris Totten,Scotland,2024-12-04,1796.6704411786664
Chris Totten,Scotland,2024-12-18,1742.969321708302
Chris Totten,Scotland,2024-12-20,1904.829900533519
Chris Totten,Scotland,2025-02-04,1857.3301702050053
Chris Totten,Scotland,2025-04-07,1759.8394545286058
Chris Totten,Scotland,2025-06-24,1761.8065077741676
Chris Totten,Scotland,2025-06-26,1662.0295506806103
Chris Totten,Scotland,2025-07-04,1632.4772731248495
Chris Totten,Scotland,2025-07-04,1660.781374028276
Chris Totten,Scotland,2025-07-04,1712.2175316548257
Chris Totten,Scotland,2025-08-09,1677.2164537674419
Chris Totten,Scotland,2025-09-01,1676.4510491862166
Chris Totten,Scotland,2025-09-04,1568.4848146018337
Chris Totten,Scotland,2025-09-12,1547.1117919461763
Chris Totten,Scotland,2025-10-02,1627.6959600588903
Chris Totten,Scotland,2025-10-14,1546.610986709423
Chris Totten,Scotland,2025-11-22,1582.3955363701016
Chris Totten,Scotland,2025-11-23,1637.1362351000741
Chris Totten,Scotland,2025-12-11,1615.5444453155055
Chris Totten,Scotland,2026-01-06,1683.7773252814577
Chris Totten,Scotland,2026-01-09,1626.6971267953008
Gong Chenzhi,China,2023-09-11,1500.0
Gong Chenzhi,China,2023-09-11,1377.9293043752236
Gong Chenzhi,China,2023-10-09,1447.557764588855
Gong Chenzhi,China,2023-10-10,1470.30562859505
Gong Chenzhi,China,2023-10-11,1523.9792650730744
Gong Chenzhi,China,2023-11-05,1514.8125461809598
Gong Chenzhi,China,2024-03-18,1531.1478530886257
Gong Chenzhi,China,2024-04-10,1406.1648844475105
Gong Chenzhi,China,2024-06-22,1405.1900042270938
Gong Chenzhi,China,2024-06-22,1493.5800759261224
Gong Chenzhi,China,2024-06-22,1476.7631162870046
Gong Chenzhi,China,2024-07-26,1519.2612882641806
Gong Chenzhi,China,2024-07-28,1566.1479243426668
Gong Chenzhi,China,2024-08-19,1644.6727802563714
Gong Chenzhi,China,2024-08-21,1778.1358981810026
Gong Chenzhi,China,2024-08-22,1876.8507338874424
Gong Chenzhi,China,2024-08-30,1876.5544167896867
Gong Chenzhi,China,2024-08-31,1900.0906721392573
Gong Chenzhi,China,2024-09-01,1927.7129807904853
Gong Chenzhi,China,2024-09-02,1928.3150012572653
Gong Chenzhi,China,2024-09-12,1934.8884775409374
Gong Chenzhi,China,2024-09-23,1934.5239675155528
Gong Chenzhi,China,2024-09-24,1896.6886224365282
Gong Chenzhi,China,2024-09-28,1890.3786933039178
Gong Chenzhi,China,2024-09-29,1807.7329570663733
Gong Chenzhi,China,2024-10-01,1858.8481746324621
Gong Chenzhi,China,2024-10-28,1785.149339617338
Gong Chenzhi,China,2024-11-04,1913.2597876945495
Gong Chenzhi,China,2024-11-16,1945.9833921531251
Gong Chenzhi,China,2024-11-17,1763.4737629062488
Gong Chenzhi,China,2024-12-04,1771.1155402132013
Gong Chenzhi,China,2024-12-06,1747.1491187096826
Gong Chenzhi,China,2024-12-16,1733.2086941261998
Gong Chenzhi,China,2024-12-17,1768.4440974792792
Gong Chenzhi,China,2024-12-20,1742.732825855126
Gong Chenzhi,China,2025-02-05,1757.3827822013745
Gong Chenzhi,China,2025-02-06,1723.5822143158919
Gong Chenzhi,China,2025-04-07,1679.7550855322372
Gong Chenzhi,China,2025-04-10,1745.9527377460497
Gong Chenzhi,China,2025-04-12,1872.2377920281986
Gong Chenzhi,China,2025-06-23,1873.8115993487158
Gong Chenzhi,China,2025-06-26,1873.3027877890204
Gong Chenzhi,China,2025-07-08,1904.2255955314681
Gong Chenzhi,China,2025-07-08,1924.2726712496888
Gong Chenzhi,China,2025-07-08,1904.7589622391092
Gong Chenzhi,China,2025-08-09,1914.866340376743
Gong Chenzhi,China,2025-08-10,1924.7083537883243
Gong Chenzhi,China,2025-09-01,1918.7909800048733
Gong Chenzhi,China,2025-09-06,1847.1679821222249
Gong Chenzhi,China,2025-09-14,1940.1106472169583
Gong Chenzhi,China,2025-09-16,1934.7670430123128
Gong Chenzhi,China,2025-09-30,1977.7586702642575
Gong Chenzhi,China,2025-10-17,1877.1648908472328
Gong Chenzhi,China,2025-11-24,1942.333374375507
Gong Chenzhi,China,2025-12-11,1935.8996262010464
Gong Chenzhi,China,2026-01-06,1978.597453647134
Gong Chenzhi,China,2026-01-07,1904.7056229029681
Gong Chenzhi,China,2026-01-09,1875.6452691455816
Gong Chenzhi,China,2026-02-12,1911.7454802566647
Ashley Hugill,England,2022-06-29,1500.0
Ashley Hugill,England,2022-06-29,1463.9962641111022
Ashley Hugill,England,2022-06-29,1450.407836822296
Ashley Hugill,England,2022-06-29,1447.5029133969442
Ashley Hugill,England,2022-07-22,1443.440847150047
Ashley Hugill,England,2022-08-09,1447.8013670540563
Ashley Hugill,England,2022-08-17,1414.5666255790236
Ashley Hugill,England,2022-08-24,1309.3284734247811
Ashley Hugill,England,2022-10-14,1334.121901295496
Ashley Hugill,England,2022-11-06,1388.3617665853674
Ashley Hugill,England,2022-11-07,1410.760613593406
Ashley Hugill,England,2022-11-08,1298.9098539099537
Ashley Hugill,England,2022-11-22,1213.7674371876344
Ashley Hugill,England,2022-11-30,1188.888175388207
Ashley Hugill,England,2022-12-14,1287.2289845039975
Ashley Hugill,England,2022-12-15,1335.6650135920477
Ashley Hugill,England,2022-12-15,1389.2789016824352
Ashley Hugill,England,2022-12-16,1350.0252807443208
Ashley Hugill,England,2023-01-13,1329.846033632412
Ashley Hugill,England,2023-01-25,1334.3296050543918
Ashley Hugill,England,2023-01-27,1322.6123548909106
Ashley Hugill,England,2023-03-17,1287.2745115057596
Ashley Hugill,England,2023-04-05,1420.442130692755
Ashley Hugill,England,2023-04-08,1469.6467298234986
Ashley Hugill,England,2023-04-10,1507.0784670501826
Ashley Hugill,England,2023-07-05,1458.130012093675
Ashley Hugill,England,2023-07-05,1422.0406829850117
Ashley Hugill,England,2023-07-05,1415.2132223943358
Ashley Hugill,England,2023-07-28,1466.592421804573
Ashley Hugill,England,2023-08-17,1523.8718243774545
Ashley Hugill,England,2023-08-23,1582.5978296803316
Ashley Hugill,England,2023-08-24,1640.3650347192827
Ashley Hugill,England,2023-08-25,1693.813275236601
Ashley Hugill,England,2023-09-19,1537.9031568542873
Ashley Hugill,England,2023-09-27,1534.0054784847914
Ashley Hugill,England,2023-10-02,1519.3286323680936
Ashley Hugill,England,2023-10-09,1535.2207046895521
Ashley Hugill,England,2023-10-20,1557.0589823078699
Ashley Hugill,England,2023-11-01,1557.4241108172791
Ashley Hugill,England,2023-11-20,1541.5554440888343
Ashley Hugill,England,2023-11-21,1598.900171564857
Ashley Hugill,England,2023-12-06,1583.2641269366718
Ashley Hugill,England,2023-12-21,1585.550667815047
Ashley Hugill,England,2024-01-24,1627.64964480826
Ashley Hugill,England,2024-01-26,1630.3588706941282
Ashley Hugill,England,2024-03-18,1707.3059343350449
Ashley Hugill,England,2024-03-20,1760.6993315026314
Ashley Hugill,England,2024-04-11,1732.6412638030129
Ashley Hugill,England,2024-04-14,1885.4231286294796
Ashley Hugill,England,2025-07-14,1918.5469167295216
Ashley Hugill,England,2025-07-14,1968.3865085602358
Ashley Hugill,England,2025-07-14,1974.9122955052792
Ashley Hugill,England,2025-08-08,1994.330753764437
Ashley Hugill,England,2025-08-09,1975.132091703518
Ashley Hugill,England,2025-08-10,1979.4123493672582
Ashley Hugill,England,2025-09-05,1947.1479410595073
Ashley Hugill,England,2025-09-07,2029.84755836737
Ashley Hugill,England,2025-09-12,1915.545321587535
Ashley Hugill,England,2025-09-22,1983.911568385734
Ashley Hugill,England,2025-10-14,1964.5663862879057
Ashley Hugill,England,2025-10-15,2009.1465622399676
Ashley Hugill,England,2025-10-19,2023.5331763309512
Ashley Hugill,England,2025-10-22,1913.905288089421
Ashley Hugill,England,2025-11-23,2030.3430587228916
Ashley Hugill,England,2025-11-24,1976.2439685932363
Ashley Hugill,England,2025-12-10,1967.791559351641
Ashley Hugill,England,2025-12-16,1984.5161009698215
Ashley Hugill,England,2026-01-05,1921.8541096850083
Ashley Hugill,England,2026-01-09,1959.9943462069207
Jack Lisowski,England,2022-07-21,1500.0
Jack Lisowski,England,2022-07-21,1538.7290996629313
Jack Lisowski,England,2022-07-21,1519.5574498772344
Jack Lisowski,England,2022-07-21,1477.8000248316164
Jack Lisowski,England,2022-07-22,1535.457166287426
Jack Lisowski,England,2022-08-17,1582.5644720553971
Jack Lisowski,England,2022-08-18,1533.410016488318
Jack Lisowski,England,2022-09-26,1606.2451322001857
Jack Lisowski,England,2022-09-27,1613.269659917244
Jack Lisowski,England,2022-09-28,1683.7451314661853
Jack Lisowski,England,2022-09-29,1630.1699733602925
Jack Lisowski,England,2022-10-17,1634.7856141242535
Jack Lisowski,England,2022-11-15,1697.3841864155063
Jack Lisowski,England,2022-11-17,1749.127880243472
Jack Lisowski,England,2022-11-18,1859.1853108826367
Jack Lisowski,England,2022-11-19,1880.5167378750357
Jack Lisowski,England,2022-11-23,1919.2099447671071
Jack Lisowski,England,2022-11-24,1958.4796954666197
Jack Lisowski,England,2022-11-28,2003.0943616855363
Jack Lisowski,England,2022-11-30,2021.4005952186774
Jack Lisowski,England,2022-12-01,2080.484327592589
Jack Lisowski,England,2022-12-01,2005.5219612895207
Jack Lisowski,England,2022-12-12,1998.8155599476322
Jack Lisowski,England,2022-12-14,2017.4879205205393
Jack Lisowski,England,2022-12-15,1980.6790417300135
Jack Lisowski,England,2022-12-19,1987.4524904352015
Jack Lisowski,England,2022-12-19,1984.7933382943568
Jack Lisowski,England,2022-12-19,2015.491520260053
Jack Lisowski,England,2022-12-19,1985.2570093913857
Jack Lisowski,England,2022-12-20,1919.7925520470576
Jack Lisowski,England,2022-12-20,1876.7598961132467
Jack Lisowski,England,2022-12-20,1895.010070883257
Jack Lisowski,England,2022-12-21,1911.0581422758307
Jack Lisowski,England,2023-01-10,1988.1560787119408
Jack Lisowski,England,2023-01-12,2040.7871471140506
Jack Lisowski,England,2023-01-14,1884.4185950607018
Jack Lisowski,England,2023-01-16,1912.6624462720213
Jack Lisowski,England,2023-01-18,1947.6194547310479
Jack Lisowski,England,2023-01-20,1922.5335999012723
Jack Lisowski,England,2023-01-25,1933.2383934534917
Jack Lisowski,England,2023-01-27,1930.3794792062365
Jack Lisowski,England,2023-01-28,1929.1100205393532
Jack Lisowski,England,2023-01-28,1905.8044987233757
Jack Lisowski,England,2023-02-02,1917.9354910221884
Jack Lisowski,England,2023-02-02,1879.8079500061217
Jack Lisowski,England,2023-02-03,1921.2362342736171
Jack Lisowski,England,2023-02-04,1948.5861841911503
Jack Lisowski,England,2023-02-13,1993.220855865294
Jack Lisowski,England,2023-02-15,1986.4136311436257
Jack Lisowski,England,2023-02-16,1960.1686849759178
Jack Lisowski,England,2023-02-16,1886.571994525814
Jack Lisowski,England,2023-02-22,1891.9320649940069
Jack Lisowski,England,2023-03-01,1868.421811988811
Jack Lisowski,England,2023-03-01,1825.009155100221
Jack Lisowski,England,2023-03-01,1864.8126222541762
Jack Lisowski,England,2023-03-01,1822.6654165443033
Jack Lisowski,England,2023-03-02,1843.3181403379358
Jack Lisowski,England,2023-03-02,1871.322097854226
Jack Lisowski,England,2023-03-16,1922.1542825751146
Jack Lisowski,England,2023-03-19,1873.8155512067915
Jack Lisowski,England,2023-04-19,1877.1479131668239
Jack Lisowski,England,2023-04-24,1871.6071764024953
Jack Lisowski,England,2023-07-27,1909.6514846583275
Jack Lisowski,England,2023-08-22,1951.8958199553197
Jack Lisowski,England,2023-09-03,1987.4498819489597
Jack Lisowski,England,2023-09-11,1997.3849027909278
Jack Lisowski,England,2023-09-12,2066.043234567671
Jack Lisowski,England,2023-09-21,2095.437166616369
Jack Lisowski,England,2023-09-25,2152.817298575763
Jack Lisowski,England,2023-09-26,2229.7938784810954
Jack Lisowski,England,2023-09-28,2275.3401303458436
Jack Lisowski,England,2023-09-28,2243.9230063822756
Jack Lisowski,England,2023-09-29,2281.182413262015
Jack Lisowski,England,2023-10-02,2275.577030421202
Jack Lisowski,England,2023-10-04,2245.769857840475
Jack Lisowski,England,2023-10-09,2231.610291521962
Jack Lisowski,England,2023-10-11,2217.8791182636664
Jack Lisowski,England,2023-10-12,2164.025406660945
Jack Lisowski,England,2023-10-22,2157.453274335824
Jack Lisowski,England,2023-10-23,2153.275349364978
Jack Lisowski,England,2023-10-25,2152.872258363588
Jack Lisowski,England,2023-10-26,2174.815033184744
Jack Lisowski,England,2023-10-27,2216.2153797216165
Jack Lisowski,England,2023-10-28,2056.4001459644514
Jack Lisowski,England,2023-11-05,2110.003024012819
Jack Lisowski,England,2023-11-07,1994.3503197047748
Jack Lisowski,England,2023-11-27,1927.110028144529
Jack Lisowski,England,2023-12-11,1945.618437356657
Jack Lisowski,England,2023-12-12,1845.7632523627944
Jack Lisowski,England,2023-12-19,1788.8112554705947
Jack Lisowski,England,2024-01-07,1947.6274682161459
Jack Lisowski,England,2024-01-11,1946.2261357387283
Jack Lisowski,England,2024-01-17,1994.8271284111204
Jack Lisowski,England,2024-01-24,1884.2413420036664
Jack Lisowski,England,2024-02-12,1903.5941728553062
Jack Lisowski,England,2024-02-13,1904.8513008143098
Jack Lisowski,England,2024-02-14,1944.8306139886404
Jack Lisowski,England,2024-04-13,2061.1800623939657
Jack Lisowski,England,2024-04-16,2144.308366910181
Jack Lisowski,England,2024-04-24,2344.860862471321
Jack Lisowski,England,2024-04-29,2443.668855762302
Jack Lisowski,England,2024-06-25,2412.800885329798
Jack Lisowski,England,2024-06-25,2449.123720579641
Jack Lisowski,England,2024-06-25,2450.8121299121476
Jack Lisowski,England,2024-06-29,2361.988593636237
Jack Lisowski,England,2024-06-29,2426.3047953022897
Jack Lisowski,England,2024-06-29,2400.2796677787587
Jack Lisowski,England,2024-06-29,2379.2932563942672
Jack Lisowski,England,2024-07-25,2365.2311456448665
Jack Lisowski,England,2024-07-30,2376.078150299713
Jack Lisowski,England,2024-07-31,2321.457558998623
Jack Lisowski,England,2024-08-19,2332.781103661493
Jack Lisowski,England,2024-08-21,2359.808734249366
Jack Lisowski,England,2024-09-01,2328.8490240180545
Jack Lisowski,England,2024-09-02,2394.6592427126957
Jack Lisowski,England,2024-09-03,2430.6544959621087
Jack Lisowski,England,2024-09-04,2361.096589451122
Jack Lisowski,England,2024-09-17,2373.5556645712736
Jack Lisowski,England,2024-10-02,2401.875404956298
Jack Lisowski,England,2024-10-06,2412.8739839372042
Jack Lisowski,England,2024-10-08,2512.7581115494286
Jack Lisowski,England,2024-10-09,2549.4231111842546
Jack Lisowski,England,2024-10-10,2415.0120282459106
Jack Lisowski,England,2024-10-21,2385.1996257559194
Jack Lisowski,England,2024-11-04,2388.665604139473
Jack Lisowski,England,2024-11-05,2453.9129181576404
Jack Lisowski,England,2024-11-06,2434.7967726759634
Jack Lisowski,England,2024-11-18,2488.053329646072
Jack Lisowski,England,2024-11-20,2516.07103020878
Jack Lisowski,England,2024-11-24,2612.9933267389333
Jack Lisowski,England,2024-11-27,2644.5655432809544
Jack Lisowski,England,2024-11-29,2602.212975477582
Jack Lisowski,England,2024-12-05,2573.098971118999
Jack Lisowski,England,2024-12-10,2541.870197467805
Jack Lisowski,England,2024-12-11,2559.951169737378
Jack Lisowski,England,2024-12-12,2599.101267651566
Jack Lisowski,England,2024-12-21,2635.222040722624
Jack Lisowski,England,2025-01-22,2672.34247306129
Jack Lisowski,England,2025-01-22,2610.964393370676
Jack Lisowski,England,2025-01-22,2559.9942364266713
Jack Lisowski,England,2025-01-23,2504.297805941838
Jack Lisowski,England,2025-01-23,2577.814342846513
Jack Lisowski,England,2025-01-23,2489.4806642169374
Jack Lisowski,England,2025-01-28,2452.616639961417
Jack Lisowski,England,2025-02-11,2496.3308974881497
Jack Lisowski,England,2025-02-12,2547.5984493560068
Jack Lisowski,England,2025-02-13,2605.343116804297
Jack Lisowski,England,2025-02-14,2574.4868791069466
Jack Lisowski,England,2025-02-24,2635.406454863141
Jack Lisowski,England,2025-02-25,2654.28084047263
Jack Lisowski,England,2025-03-04,2628.537175058036
Jack Lisowski,England,2025-04-12,2580.016798407736
Jack Lisowski,England,2025-06-23,2563.958645547234
Jack Lisowski,England,2025-06-25,2556.2026164773433
Jack Lisowski,England,2025-07-08,2536.9564791224543
Jack Lisowski,England,2025-07-08,2541.312014523705
Jack Lisowski,England,2025-07-08,2543.387014200104
Jack Lisowski,England,2025-07-19,2519.124677436842
Jack Lisowski,England,2025-07-19,2476.206086278655
Jack Lisowski,England,2025-07-19,2395.3972800959914
Jack Lisowski,England,2025-08-10,2412.594889766122
Jack Lisowski,England,2025-08-11,2404.354385650979
Jack Lisowski,England,2025-08-26,2483.231995249696
Jack Lisowski,England,2025-09-02,2443.4032978551113
Jack Lisowski,England,2025-09-16,2461.476513528485
Jack Lisowski,England,2025-09-17,2622.5852717323573
Jack Lisowski,England,2025-09-18,2540.0895223626867
Jack Lisowski,England,2025-09-23,2626.8011795037114
Jack Lisowski,England,2025-09-30,2627.532022593349
Jack Lisowski,England,2025-10-19,2644.766671909294
Jack Lisowski,England,2025-10-22,2723.9871480160114
Jack Lisowski,England,2025-10-23,2754.983783655233
Jack Lisowski,England,2025-10-24,2888.1121261758626
Jack Lisowski,England,2025-10-25,2953.908699971969
Jack Lisowski,England,2025-10-26,3103.5988275232557
Jack Lisowski,England,2025-11-03,3154.381933501783
Jack Lisowski,England,2025-11-04,3285.323940828459
Jack Lisowski,England,2025-11-05,3281.1369006642713
Jack Lisowski,England,2025-11-11,3280.164962750106
Jack Lisowski,England,2025-11-25,3160.7779987494496
Jack Lisowski,England,2025-12-16,3081.5837748871463
Jack Lisowski,England,2026-01-08,3065.5402203757158
Jack Lisowski,England,2026-01-21,3053.642600207831
Jack Lisowski,England,2026-01-21,3112.216305501218
Jack Lisowski,England,2026-01-21,3141.613064667981
Jack Lisowski,England,2026-01-21,3107.035986783948
Jack Lisowski,England,2026-01-22,3112.3708916433116
Jack Lisowski,England,2026-01-22,3100.8633351564413
Jack Lisowski,England,2026-01-23,3109.5653518392505
Jack Lisowski,England,2026-01-23,3110.8969323246956
Jack Lisowski,England,2026-01-23,3035.2427576727023
Jack Lisowski,England,2026-01-24,2996.1388391939277
Jack Lisowski,England,2026-01-24,3016.036631854068
Jack Lisowski,England,2026-01-24,2996.726604964665
Jack Lisowski,England,2026-01-24,3004.645385377965
Jack Lisowski,England,2026-01-28,2938.933123307102
Jack Lisowski,England,2026-02-03,2929.599074620557
Jack Lisowski,England,2026-02-12,2938.5465956215626
Jack Lisowski,England,2026-02-17,3025.7906498022944
Jack Lisowski,England,2026-02-24,2997.177047234061
Jack Lisowski,England,2026-02-25,3054.3507610314405
Jack Lisowski,England,2026-02-26,3073.659545717854
Jack Lisowski,England,2026-02-27,3093.794833287143
Jack Lisowski,England,2026-02-28,3252.161336234382
Jack Lisowski,England,2026-03-01,3149.555774590271
Peter Devlin,England,2022-07-18,1500.0
Peter Devlin,England,2022-07-18,1487.992528222204
Peter Devlin,England,2022-07-18,1475.328831163377
Peter Devlin,England,2022-07-18,1488.9943606287693
Peter Devlin,England,2023-03-19,1478.228758493943
Wang Xinzhong,China,2023-10-09,1500.0
Wang Xinzhong,China,2023-10-09,1490.5428695344892
Wang Xinzhong,China,2023-11-05,1492.8876447616433
Wang Xinzhong,China,2023-11-05,1480.5045104376823
Wang Xinzhong,China,2024-03-18,1371.3918913426212
Wang Xinzhong,China,2025-11-02,1454.2342973599305
Wang Xinzhong,China,2025-11-02,1605.4046140820167
Wang Xinzhong,China,2025-11-03,1821.2512924343737
Kusai Hamed Sharif,Libya,2024-08-30,1500.0
Kusai Hamed Sharif,Libya,2024-08-30,1398.910769474409
Zhao Xintong,China,2022-06-29,1500.0
Zhao Xintong,China,2022-06-29,1511.9887923333063
Zhao Xintong,China,2022-06-29,1548.0812274796428
Zhao Xintong,China,2022-06-29,1581.5141014145045
Zhao Xintong,China,2022-07-16,1626.1431591697644
Zhao Xintong,China,2022-07-27,1657.170741504951
Zhao Xintong,China,2022-07-27,1714.1801512076404
Zhao Xintong,China,2022-07-27,1763.3803477114125
Zhao Xintong,China,2022-07-29,1798.700729878683
Zhao Xintong,China,2022-07-29,1850.932154516804
Zhao Xintong,China,2022-08-18,1816.6880853787998
Zhao Xintong,China,2022-09-26,1793.2172227774686
Zhao Xintong,China,2022-09-27,1851.7852364359753
Zhao Xintong,China,2022-09-29,1785.2978823543733
Zhao Xintong,China,2022-10-16,1694.6917998602587
Zhao Xintong,China,2022-11-03,1691.38975907414
Zhao Xintong,China,2022-11-03,1592.1891670176553
Zhao Xintong,China,2022-11-12,1498.5403002117423
Zhao Xintong,China,2022-11-21,1519.9995158392835
Zhao Xintong,China,2022-11-22,1576.2447955347723
Zhao Xintong,China,2022-11-28,1652.833281836556
Zhao Xintong,China,2022-11-29,1669.0694145820646
Zhao Xintong,China,2022-12-12,1665.438990547446
Zhao Xintong,China,2022-12-14,1716.4233977464153
Zhao Xintong,China,2022-12-15,1596.589427045571
Zhao Xintong,China,2024-11-16,1708.8503449532698
Zhao Xintong,China,2024-11-18,1927.8625374033722
Zhao Xintong,China,2024-11-19,2039.694573901168
Zhao Xintong,China,2024-11-21,2035.4410055437625
Zhao Xintong,China,2024-11-23,2139.655732256997
Zhao Xintong,China,2025-04-08,2271.7990600444746
Zhao Xintong,China,2025-04-10,2349.141644712128
Zhao Xintong,China,2025-04-13,2396.837211646896
Zhao Xintong,China,2025-04-15,2534.222983439533
Zhao Xintong,China,2025-04-21,2730.2291828602106
Zhao Xintong,China,2025-04-27,2744.350416031958
Zhao Xintong,China,2025-04-30,2705.34493825252
Zhao Xintong,China,2025-05-02,3015.7544230133844
Zhao Xintong,China,2025-05-05,3452.2574645056475
Zhao Xintong,China,2025-07-30,3452.986175980004
Zhao Xintong,China,2025-07-31,3478.777408996242
Zhao Xintong,China,2025-08-02,3365.300570498567
Zhao Xintong,China,2025-08-12,3449.240700572673
Zhao Xintong,China,2025-08-13,3401.1819518918987
Zhao Xintong,China,2025-08-24,3435.123305068478
Zhao Xintong,China,2025-08-25,3469.0683218000545
Zhao Xintong,China,2025-08-26,3479.2325234868936
Zhao Xintong,China,2025-09-16,3521.385168593827
Zhao Xintong,China,2025-09-17,3417.20291595358
Zhao Xintong,China,2025-09-22,3434.3554633898725
Zhao Xintong,China,2025-09-23,3451.556514240717
Zhao Xintong,China,2025-09-24,3426.3047536970885
Zhao Xintong,China,2025-10-07,3385.2448949243158
Zhao Xintong,China,2025-10-08,3272.8209423957496
Zhao Xintong,China,2025-10-19,3144.821390051149
Zhao Xintong,China,2025-11-02,3170.5495074371684
Zhao Xintong,China,2025-11-03,3171.337196200452
Zhao Xintong,China,2025-11-04,3172.1972633280643
Zhao Xintong,China,2025-11-05,3155.801463928757
Zhao Xintong,China,2025-11-06,3155.825859229685
Zhao Xintong,China,2025-11-07,3208.0084039212566
Zhao Xintong,China,2025-11-11,3235.128194406249
Zhao Xintong,China,2025-11-11,3346.928538163201
Zhao Xintong,China,2025-11-14,3250.3339181635456
Zhao Xintong,China,2025-11-20,3304.0711497502457
Zhao Xintong,China,2025-11-21,3330.522249007735
Zhao Xintong,China,2025-11-21,3379.7512147509506
Zhao Xintong,China,2025-12-01,3380.4822208677665
Zhao Xintong,China,2025-12-04,3236.3742217571858
Zhao Xintong,China,2025-12-11,3205.3840181781406
Zhao Xintong,China,2025-12-17,3150.945634375857
Zhao Xintong,China,2026-01-08,3176.7887131325515
Zhao Xintong,China,2026-01-08,3236.9446101595063
Zhao Xintong,China,2026-01-08,3260.3597335313684
Zhao Xintong,China,2026-01-08,3168.5316547998686
Zhao Xintong,China,2026-01-09,3171.302972216875
Zhao Xintong,China,2026-01-09,3181.384096513126
Zhao Xintong,China,2026-01-12,3169.3455298088247
Zhao Xintong,China,2026-01-15,3187.536757512765
Zhao Xintong,China,2026-01-19,3240.9460350495146
Zhao Xintong,China,2026-01-19,3288.568213918755
Zhao Xintong,China,2026-01-19,3355.7687624200316
Zhao Xintong,China,2026-01-19,3396.9486076279454
Zhao Xintong,China,2026-01-20,3397.8211180874036
Zhao Xintong,China,2026-01-20,3483.2650456287233
Zhao Xintong,China,2026-01-20,3472.0163861501287
Zhao Xintong,China,2026-01-20,3459.669013755965
Zhao Xintong,China,2026-01-21,3487.429955254052
Zhao Xintong,China,2026-01-21,3463.0852289537056
Zhao Xintong,China,2026-01-21,3375.249996774199
Zhao Xintong,China,2026-01-22,3314.70093767985
Zhao Xintong,China,2026-01-22,3369.9132127451253
Zhao Xintong,China,2026-01-22,3357.440174026777
Zhao Xintong,China,2026-01-22,3388.024240707492
Zhao Xintong,China,2026-01-22,3351.2579305276386
Zhao Xintong,China,2026-01-27,3385.436324129931
Zhao Xintong,China,2026-01-28,3322.1540949849746
Zhao Xintong,China,2026-02-04,3352.9360462564932
Zhao Xintong,China,2026-02-05,3520.539016901745
Zhao Xintong,China,2026-02-06,3504.557557351736
Zhao Xintong,China,2026-02-07,3530.8128356711104
Zhao Xintong,China,2026-02-08,3666.111121761415
Zhao Xintong,China,2026-02-18,3642.093295403326
Zhao Xintong,China,2026-02-19,3670.4624742704154
Zhao Xintong,China,2026-02-21,3675.8280062006556
Zhao Xintong,China,2026-02-22,3744.9178173321675
Zhao Xintong,China,2026-02-24,3787.072198545937
Zhao Xintong,China,2026-02-25,3804.2449751570657
Zhao Xintong,China,2026-02-26,3748.842609922908
Hammad Miah,England,2022-06-29,1500.0
Hammad Miah,England,2022-06-29,1440.0
Hammad Miah,England,2022-06-29,1455.97940461516
Hammad Miah,England,2022-06-29,1442.8455841833995
Hammad Miah,England,2022-07-17,1449.5353850376487
Hammad Miah,England,2022-08-13,1461.0153583844562
Hammad Miah,England,2022-08-28,1456.7733544606774
Hammad Miah,England,2022-09-27,1356.044113843924
Hammad Miah,England,2022-10-13,1350.034258042983
Hammad Miah,England,2022-10-18,1414.9194285743167
Hammad Miah,England,2022-10-19,1390.6352894998681
Hammad Miah,England,2022-10-25,1386.3832365073229
Hammad Miah,England,2022-11-07,1388.8330843994777
Hammad Miah,England,2022-11-08,1264.4059361611776
Hammad Miah,England,2022-11-21,1262.2612336277198
Hammad Miah,England,2022-11-29,1254.1222850459462
Hammad Miah,England,2022-12-13,1290.562245984113
Hammad Miah,England,2023-01-11,1301.5032027007896
Hammad Miah,England,2023-01-25,1286.0514247589128
Hammad Miah,England,2023-02-14,1255.1143251646024
Hammad Miah,England,2023-03-17,1334.006237925245
Hammad Miah,England,2023-03-19,1374.4191986779035
Hammad Miah,England,2023-04-08,1259.0887242807605
Hammad Miah,England,2023-07-06,1305.8103695769294
Hammad Miah,England,2023-07-06,1293.5931195425926
Hammad Miah,England,2023-07-06,1299.4634928334613
Hammad Miah,England,2023-07-27,1253.4572819763
Hammad Miah,England,2023-08-15,1306.2502872736738
Hammad Miah,England,2023-09-02,1394.2413080627139
Hammad Miah,England,2023-09-06,1433.5022934524793
Hammad Miah,England,2023-09-21,1370.6789096167222
Hammad Miah,England,2023-09-26,1500.2412227863142
Hammad Miah,England,2023-09-27,1457.5464663071548
Hammad Miah,England,2023-10-02,1461.5460009779351
Hammad Miah,England,2023-10-09,1511.2168209870947
Hammad Miah,England,2023-10-17,1507.9491191714274
Hammad Miah,England,2023-10-24,1497.8922277008433
Hammad Miah,England,2023-11-01,1515.4806837640544
Hammad Miah,England,2023-11-19,1507.1386890573233
Hammad Miah,England,2023-11-20,1563.3434513394304
Hammad Miah,England,2023-11-21,1604.6723623245618
Hammad Miah,England,2023-12-07,1613.7470571247832
Hammad Miah,England,2023-12-08,1632.5357020002612
Hammad Miah,England,2023-12-09,1640.995960257789
Hammad Miah,England,2023-12-09,1624.9739898681134
Hammad Miah,England,2023-12-20,1604.6594935100645
Hammad Miah,England,2024-01-22,1610.8545933328662
Hammad Miah,England,2024-01-25,1509.6383898982674
Hammad Miah,England,2024-04-09,1249.5459442639467
Hammad Miah,England,2024-06-10,1235.387342332094
Hammad Miah,England,2024-06-10,1268.982139466056
Hammad Miah,England,2024-06-10,1307.809209050824
Hammad Miah,England,2024-07-29,1434.0684739793664
Hammad Miah,England,2024-08-02,1452.705850321133
Hammad Miah,England,2024-08-19,1522.0868797756552
Hammad Miah,England,2024-08-21,1556.3103987376048
Hammad Miah,England,2024-08-31,1484.5302188312287
Hammad Miah,England,2024-09-13,1473.6374568714775
Hammad Miah,England,2024-09-14,1479.71924212553
Hammad Miah,England,2024-09-25,1437.5577942625087
Hammad Miah,England,2024-09-28,1455.01437944266
Hammad Miah,England,2024-10-01,1512.738238215708
Hammad Miah,England,2024-10-07,1484.0230252424635
Hammad Miah,England,2024-10-29,1505.6425313545878
Hammad Miah,England,2024-11-18,1525.752051491331
Hammad Miah,England,2024-12-04,1505.7580751974758
Hammad Miah,England,2024-12-18,1553.5363271506803
Hammad Miah,England,2024-12-19,1685.402340240139
Hammad Miah,England,2025-01-27,1768.1073140257306
Hammad Miah,England,2025-01-29,1820.4073149185667
Hammad Miah,England,2025-02-06,1760.398784212419
Hammad Miah,England,2025-02-23,1796.7944265836604
Hammad Miah,England,2025-04-07,1793.5482439488526
Hammad Miah,England,2025-04-10,1877.859161716927
Hammad Miah,England,2025-04-12,1780.8947042751724
Hammad Miah,England,2025-11-22,1725.2756257995927
Habib Subah Humood,Bahrain,2024-08-30,1500.0
Habib Subah Humood,Bahrain,2024-08-30,1449.8635441078638
Habib Subah Humood,Bahrain,2024-11-17,1372.486039055513
Habib Subah Humood,Bahrain,2025-08-08,1315.052377957043
Robert Milkins,England,2022-06-28,1500.0
Robert Milkins,England,2022-06-28,1487.992528222204
Robert Milkins,England,2022-06-28,1500.884475709603
Robert Milkins,England,2022-06-28,1537.8069470759963
Robert Milkins,England,2022-07-23,1576.2874226104632
Robert Milkins,England,2022-07-26,1519.3976342214594
Robert Milkins,England,2022-07-26,1546.96127778189
Robert Milkins,England,2022-07-26,1554.2765417179598
Robert Milkins,England,2022-08-14,1448.221253916906
Robert Milkins,England,2022-08-17,1471.5124822074665
Robert Milkins,England,2022-08-18,1581.3731709393812
Robert Milkins,England,2022-08-19,1482.199664949748
Robert Milkins,England,2022-08-26,1523.38167548423
Robert Milkins,England,2022-10-12,1510.937530551081
Robert Milkins,England,2022-10-18,1503.5129981082007
Robert Milkins,England,2022-10-20,1540.6406484780894
Robert Milkins,England,2022-10-20,1455.2045310762705
Robert Milkins,England,2022-10-27,1443.26117079526
Robert Milkins,England,2022-11-03,1475.4034762934227
Robert Milkins,England,2022-11-08,1503.5053907557556
Robert Milkins,England,2022-11-10,1527.859195574665
Robert Milkins,England,2022-11-24,1536.1285458790376
Robert Milkins,England,2022-11-26,1506.4643020356466
Robert Milkins,England,2022-11-28,1492.143803700559
Robert Milkins,England,2022-11-30,1465.932864247349
Robert Milkins,England,2022-12-13,1455.3115694740247
Robert Milkins,England,2022-12-14,1498.0426049170562
Robert Milkins,England,2022-12-21,1539.6115094440606
Robert Milkins,England,2022-12-21,1593.1004805111236
Robert Milkins,England,2022-12-21,1558.8674322871288
Robert Milkins,England,2022-12-22,1595.002875528382
Robert Milkins,England,2022-12-22,1642.488433425838
Robert Milkins,England,2022-12-22,1643.5241921751626
Robert Milkins,England,2022-12-22,1682.5373424841637
Robert Milkins,England,2022-12-23,1674.3032558599045
Robert Milkins,England,2023-01-03,1646.4628845373431
Robert Milkins,England,2023-01-03,1657.494368568377
Robert Milkins,England,2023-01-03,1691.2508229293078
Robert Milkins,England,2023-01-04,1655.2286631052266
Robert Milkins,England,2023-01-04,1631.997181823699
Robert Milkins,England,2023-01-04,1640.5083443128717
Robert Milkins,England,2023-01-05,1683.702833096686
Robert Milkins,England,2023-01-05,1736.1903632745343
Robert Milkins,England,2023-01-05,1726.7035469050418
Robert Milkins,England,2023-01-06,1674.5775466328096
Robert Milkins,England,2023-01-06,1615.4207765939855
Robert Milkins,England,2023-01-06,1648.8533093069914
Robert Milkins,England,2023-01-06,1628.6038049383844
Robert Milkins,England,2023-01-12,1601.141211003794
Robert Milkins,England,2023-01-16,1665.138553690087
Robert Milkins,England,2023-01-25,1666.535330601852
Robert Milkins,England,2023-01-27,1645.1184257817972
Robert Milkins,England,2023-02-02,1664.1187496190705
Robert Milkins,England,2023-02-03,1676.3119105816977
Robert Milkins,England,2023-02-03,1729.0044271909749
Robert Milkins,England,2023-02-04,1753.1546887295185
Robert Milkins,England,2023-02-07,1687.3236051137148
Robert Milkins,England,2023-02-07,1654.130345308637
Robert Milkins,England,2023-02-07,1672.2058266511353
Robert Milkins,England,2023-02-08,1697.4495828912736
Robert Milkins,England,2023-02-08,1762.2621129540462
Robert Milkins,England,2023-02-08,1807.2449798382236
Robert Milkins,England,2023-02-09,1838.1109653289777
Robert Milkins,England,2023-02-09,1826.7021795027804
Robert Milkins,England,2023-02-09,1918.6294651836665
Robert Milkins,England,2023-02-10,1908.183118833049
Robert Milkins,England,2023-02-10,1930.4456721846936
Robert Milkins,England,2023-02-10,1905.7218281267474
Robert Milkins,England,2023-02-14,1924.2965846372033
Robert Milkins,England,2023-02-15,1935.2894678249927
Robert Milkins,England,2023-02-16,1963.142118186876
Robert Milkins,England,2023-02-17,1984.7614708318004
Robert Milkins,England,2023-02-18,2031.355142152349
Robert Milkins,England,2023-02-19,1998.8542326336026
Robert Milkins,England,2023-02-21,2036.6993091352626
Robert Milkins,England,2023-02-22,1909.8561533519958
Robert Milkins,England,2023-03-19,1877.9708546959205
Robert Milkins,England,2023-03-20,1828.672592200647
Robert Milkins,England,2023-03-29,1982.6974400935856
Robert Milkins,England,2023-04-20,1904.330305515425
Robert Milkins,England,2023-04-24,1790.8264251693638
Robert Milkins,England,2023-07-07,1780.4432332565782
Robert Milkins,England,2023-07-07,1737.4546659135833
Robert Milkins,England,2023-07-07,1733.754613896902
Robert Milkins,England,2023-07-18,1738.3978925833342
Robert Milkins,England,2023-07-18,1785.0040884351395
Robert Milkins,England,2023-07-18,1816.5947946548786
Robert Milkins,England,2023-07-21,1872.2232937114334
Robert Milkins,England,2023-07-21,1854.544781897055
Robert Milkins,England,2023-07-21,1834.5339244331997
Robert Milkins,England,2023-07-26,1780.2254649398142
Robert Milkins,England,2023-09-02,1748.085562814085
Robert Milkins,England,2023-09-12,1736.353807098135
Robert Milkins,England,2023-09-13,1866.4360233493812
Robert Milkins,England,2023-09-14,1936.1700527382607
Robert Milkins,England,2023-09-22,1842.262604842638
Robert Milkins,England,2023-09-25,1813.0790969916568
Robert Milkins,England,2023-09-26,1821.037817570609
Robert Milkins,England,2023-10-02,1828.5991635590535
Robert Milkins,England,2023-10-03,1823.9738890337671
Robert Milkins,England,2023-10-04,1760.976219644802
Robert Milkins,England,2023-10-09,1779.8210562090578
Robert Milkins,England,2023-10-11,1712.0802373068605
Robert Milkins,England,2023-10-22,1684.0773676491056
Robert Milkins,England,2023-11-14,1777.4186032506504
Robert Milkins,England,2023-11-14,1805.9205666818643
Robert Milkins,England,2023-11-28,1945.436538557266
Robert Milkins,England,2023-11-30,2056.0061877639178
Robert Milkins,England,2023-12-07,2050.4912517063185
Robert Milkins,England,2023-12-08,2027.6086874050975
Robert Milkins,England,2023-12-11,1911.6387864129224
Robert Milkins,England,2023-12-19,1873.108400094909
Robert Milkins,England,2024-01-02,1859.779171711205
Robert Milkins,England,2024-01-02,1791.5785623346867
Robert Milkins,England,2024-01-02,1748.4936020133957
Robert Milkins,England,2024-01-03,1769.6671069956142
Robert Milkins,England,2024-01-03,1813.5873376495335
Robert Milkins,England,2024-01-03,1789.5694556476126
Robert Milkins,England,2024-01-10,1796.4689202629227
Robert Milkins,England,2024-01-23,1784.0679372602572
Robert Milkins,England,2024-01-30,1806.3552647794415
Robert Milkins,England,2024-01-31,1733.7115032952518
Robert Milkins,England,2024-02-12,1737.2089978395802
Robert Milkins,England,2024-02-13,1764.7088506365085
Robert Milkins,England,2024-02-14,1847.0597035241408
Robert Milkins,England,2024-02-15,1793.8786416619735
Robert Milkins,England,2024-03-20,1796.6425172962875
Robert Milkins,England,2024-04-23,1925.1350839764164
Robert Milkins,England,2024-04-26,1832.3854392202732
Robert Milkins,England,2024-06-14,1846.257986231901
Robert Milkins,England,2024-06-14,1823.0362888399634
Robert Milkins,England,2024-06-14,1813.2941243476453
Robert Milkins,England,2024-07-27,1726.414384000308
Robert Milkins,England,2024-07-28,1738.7900565519308
Robert Milkins,England,2024-09-01,1698.8115881003484
Robert Milkins,England,2024-09-16,1711.2648709357225
Robert Milkins,England,2024-09-23,1724.6452673282286
Robert Milkins,England,2024-10-01,1670.9118195321607
Robert Milkins,England,2024-10-07,1690.2817559046323
Robert Milkins,England,2024-10-20,1716.7635773378145
Robert Milkins,England,2024-10-22,1689.1693740108958
Robert Milkins,England,2024-11-19,1738.0303276760542
Robert Milkins,England,2024-11-21,1877.9184270902665
Robert Milkins,England,2024-11-23,2020.4260081349125
Robert Milkins,England,2024-12-04,2019.4426137170726
Robert Milkins,England,2024-12-06,2049.360598108044
Robert Milkins,England,2024-12-07,2051.2153900934213
Robert Milkins,England,2024-12-07,2031.6626362632278
Robert Milkins,England,2024-12-10,2040.3310024493164
Robert Milkins,England,2024-12-21,2002.3028568712186
Robert Milkins,England,2025-01-06,1954.893014467913
Robert Milkins,England,2025-01-06,2056.177428062193
Robert Milkins,England,2025-01-06,2107.9165423811896
Robert Milkins,England,2025-01-06,2053.158402710354
Robert Milkins,England,2025-01-07,2090.7462453682424
Robert Milkins,England,2025-01-07,2059.9544037784226
Robert Milkins,England,2025-01-08,2065.2023471376297
Robert Milkins,England,2025-01-08,2098.163260010574
Robert Milkins,England,2025-01-08,2043.8062504898057
Robert Milkins,England,2025-01-09,2100.321387474803
Robert Milkins,England,2025-01-09,2176.583633965492
Robert Milkins,England,2025-01-09,2175.909498140008
Robert Milkins,England,2025-01-27,2194.466052920418
Robert Milkins,England,2025-01-29,2154.639835892126
Robert Milkins,England,2025-02-10,2142.7215847454618
Robert Milkins,England,2025-02-12,2093.2942268596257
Robert Milkins,England,2025-02-24,2062.374640726591
Robert Milkins,England,2025-04-14,1884.235368180003
Robert Milkins,England,2025-06-24,1809.3608525540512
Robert Milkins,England,2025-06-28,1874.8655608984882
Robert Milkins,England,2025-07-03,1889.0163178203757
Robert Milkins,England,2025-07-03,1857.1002663327888
Robert Milkins,England,2025-07-03,1830.3857031510258
Robert Milkins,England,2025-08-10,1854.666810937333
Robert Milkins,England,2025-09-01,1838.9443437895236
Robert Milkins,England,2025-09-07,1814.2363589634629
Robert Milkins,England,2025-09-14,1739.1224535754982
Robert Milkins,England,2025-09-23,1714.6992327268385
Robert Milkins,England,2025-09-30,1756.1080759545785
Robert Milkins,England,2025-10-08,1872.3235460790497
Robert Milkins,England,2025-10-09,2078.5311937831357
Robert Milkins,England,2025-10-10,2091.16597139801
Robert Milkins,England,2025-10-15,2131.7378512876307
Robert Milkins,England,2025-10-20,2231.5504253341987
Robert Milkins,England,2025-11-23,2185.4104155045598
Robert Milkins,England,2025-11-24,2237.78220104465
Robert Milkins,England,2025-12-11,2219.7702665458564
Robert Milkins,England,2026-01-06,2283.382494666578
Robert Milkins,England,2026-01-10,2283.2318253260023
Robert Milkins,England,2026-01-26,2295.3807306646013
Robert Milkins,England,2026-02-11,2284.7713599723534
Jenson Kendrick,England,2022-07-16,1500.0
Jenson Kendrick,England,2022-07-16,1464.6217027570856
Jenson Kendrick,England,2022-07-21,1455.2882765164295
Jenson Kendrick,England,2022-07-21,1443.600838779827
Jenson Kendrick,England,2022-07-21,1411.8753064897885
Jenson Kendrick,England,2022-08-12,1371.3199091982208
Jenson Kendrick,England,2022-08-26,1315.8855922396738
Jenson Kendrick,England,2022-10-12,1253.9705599467652
Jenson Kendrick,England,2022-10-25,1235.3386523507454
Jenson Kendrick,England,2022-11-05,1160.5478888274818
Jenson Kendrick,England,2022-11-22,1115.399824090943
Jenson Kendrick,England,2023-01-11,1097.289867103707
Jenson Kendrick,England,2023-01-25,1090.782748852624
Jenson Kendrick,England,2023-03-16,1135.526759605111
Jenson Kendrick,England,2023-04-04,1008.6169041046468
Jenson Kendrick,England,2023-07-10,1018.4723175269264
Jenson Kendrick,England,2023-07-10,1046.2373529871827
Jenson Kendrick,England,2023-07-10,1025.618617164968
Jenson Kendrick,England,2023-07-27,1010.3901392871977
Jenson Kendrick,England,2023-08-15,1005.1365633933389
Jenson Kendrick,England,2023-09-03,990.1354504364649
Jenson Kendrick,England,2023-09-08,1064.8619002525313
Jenson Kendrick,England,2023-09-19,1060.0198688349085
Jenson Kendrick,England,2023-10-04,1164.2814216925399
Jenson Kendrick,England,2023-10-05,1136.2709762522397
Jenson Kendrick,England,2023-10-22,1179.9821838252806
Jenson Kendrick,England,2023-11-01,1216.9297648463048
Jenson Kendrick,England,2023-11-18,1255.7909043499126
Jenson Kendrick,England,2023-11-19,1232.8403730072364
Jenson Kendrick,England,2023-12-06,1218.4529338633536
Jenson Kendrick,England,2023-12-12,1262.9411253174803
Jenson Kendrick,England,2023-12-18,1191.0948558582143
Jenson Kendrick,England,2024-01-22,1280.61222863551
Jenson Kendrick,England,2024-02-12,1323.310728162004
Jenson Kendrick,England,2024-03-18,1381.9539684240153
Jenson Kendrick,England,2024-04-08,1409.6594995633752
Jenson Kendrick,England,2024-04-11,1552.779364978501
Jenson Kendrick,England,2024-04-13,1688.2975124748552
Jenson Kendrick,England,2024-04-16,1753.7167919123917
Aaron Hill,Ireland,2022-06-28,1500.0
Aaron Hill,Ireland,2022-06-28,1513.9699953376762
Aaron Hill,Ireland,2022-06-28,1549.0242167130236
Aaron Hill,Ireland,2022-06-28,1535.7343850832267
Aaron Hill,Ireland,2022-07-24,1549.958275924744
Aaron Hill,Ireland,2022-07-25,1495.006593716958
Aaron Hill,Ireland,2022-07-25,1507.886482982549
Aaron Hill,Ireland,2022-07-25,1451.3390572330488
Aaron Hill,Ireland,2022-08-12,1365.783091552859
Aaron Hill,Ireland,2022-08-17,1334.8844846004288
Aaron Hill,Ireland,2022-08-26,1359.2543432098187
Aaron Hill,Ireland,2022-10-18,1433.6794011046768
Aaron Hill,Ireland,2022-10-19,1404.8940948594195
Aaron Hill,Ireland,2022-10-26,1389.7321962297417
Aaron Hill,Ireland,2022-11-06,1298.1207133402397
Aaron Hill,Ireland,2022-11-23,1330.0407908256643
Aaron Hill,Ireland,2022-11-28,1367.8607267210182
Aaron Hill,Ireland,2023-01-11,1417.7317303609564
Aaron Hill,Ireland,2023-01-25,1400.8924821008002
Aaron Hill,Ireland,2023-02-14,1391.6989959574494
Aaron Hill,Ireland,2023-02-15,1360.9828547730624
Aaron Hill,Ireland,2023-03-18,1330.115749842421
Aaron Hill,Ireland,2023-04-04,1396.2316647240964
Aaron Hill,Ireland,2023-04-06,1527.4018824093391
Aaron Hill,Ireland,2023-04-09,1369.9580635659227
Aaron Hill,Ireland,2023-06-27,1354.703610613148
Aaron Hill,Ireland,2023-06-27,1312.420008762226
Aaron Hill,Ireland,2023-06-27,1363.2513974385586
Aaron Hill,Ireland,2023-07-25,1349.2201905868171
Aaron Hill,Ireland,2023-08-16,1323.889363494247
Aaron Hill,Ireland,2023-08-22,1263.9271144066702
Aaron Hill,Ireland,2023-09-02,1357.2217534860276
Aaron Hill,Ireland,2023-09-08,1296.7013098506318
Aaron Hill,Ireland,2023-09-23,1269.8696340389458
Aaron Hill,Ireland,2023-10-09,1319.0037325117894
Aaron Hill,Ireland,2023-10-11,1445.9875782354934
Aaron Hill,Ireland,2023-10-12,1529.7856961230216
Aaron Hill,Ireland,2023-10-13,1561.3591424654248
Aaron Hill,Ireland,2023-10-19,1582.461754127351
Aaron Hill,Ireland,2023-10-23,1656.807845888664
Aaron Hill,Ireland,2023-10-25,1690.3932382631842
Aaron Hill,Ireland,2023-10-26,1675.3274356593324
Aaron Hill,Ireland,2023-10-31,1659.5700551803084
Aaron Hill,Ireland,2023-11-20,1521.9111619143061
Aaron Hill,Ireland,2023-12-07,1504.3676199157446
Aaron Hill,Ireland,2023-12-12,1559.6572526596785
Aaron Hill,Ireland,2023-12-14,1561.6016127748824
Aaron Hill,Ireland,2023-12-19,1550.4123127979847
Aaron Hill,Ireland,2024-01-22,1597.7059297167991
Aaron Hill,Ireland,2024-01-26,1644.5133973204386
Aaron Hill,Ireland,2024-01-30,1604.7774080633055
Aaron Hill,Ireland,2024-02-14,1688.6548156560368
Aaron Hill,Ireland,2024-02-15,1658.8292982833468
Aaron Hill,Ireland,2024-03-19,1697.7798882334146
Aaron Hill,Ireland,2024-04-12,1705.1713304583327
Aaron Hill,Ireland,2024-04-15,1667.4147869398444
Aaron Hill,Ireland,2024-06-13,1696.4497621357982
Aaron Hill,Ireland,2024-06-13,1691.526631583878
Aaron Hill,Ireland,2024-06-13,1727.9241330818559
Aaron Hill,Ireland,2024-07-27,1701.4101826543617
Aaron Hill,Ireland,2024-07-28,1729.1315943462198
Aaron Hill,Ireland,2024-08-20,1706.5171622240957
Aaron Hill,Ireland,2024-08-31,1645.0768212244927
Aaron Hill,Ireland,2024-09-13,1730.4427395200205
Aaron Hill,Ireland,2024-09-16,1785.684469850673
Aaron Hill,Ireland,2024-09-23,1890.7027113708164
Aaron Hill,Ireland,2024-09-24,1877.1880018184086
Aaron Hill,Ireland,2024-09-29,1863.6983534005276
Aaron Hill,Ireland,2024-10-01,1848.9506628540441
Aaron Hill,Ireland,2024-10-07,1827.738290233178
Aaron Hill,Ireland,2024-10-29,1746.2383204909195
Aaron Hill,Ireland,2024-11-04,1788.340691483906
Aaron Hill,Ireland,2024-11-18,1887.3959055240273
Aaron Hill,Ireland,2024-11-19,1885.6845935267438
Aaron Hill,Ireland,2024-12-04,1882.8217152822403
Aaron Hill,Ireland,2024-12-06,1897.4809519623823
Aaron Hill,Ireland,2024-12-07,1873.848852810711
Aaron Hill,Ireland,2024-12-17,1942.8861528009115
Aaron Hill,Ireland,2024-12-20,1978.7781938638293
Aaron Hill,Ireland,2025-01-28,2100.3708802359088
Aaron Hill,Ireland,2025-01-29,2149.295050383368
Aaron Hill,Ireland,2025-01-30,2218.303200901864
Aaron Hill,Ireland,2025-01-31,2178.541040309848
Aaron Hill,Ireland,2025-02-06,2114.8081523083665
Aaron Hill,Ireland,2025-02-23,2110.235774330574
Aaron Hill,Ireland,2025-02-25,2140.759404965432
Aaron Hill,Ireland,2025-04-10,2137.497519958564
Aaron Hill,Ireland,2025-04-12,2249.2207542060123
Aaron Hill,Ireland,2025-04-15,2308.460337422506
Aaron Hill,Ireland,2025-06-23,2273.095642772789
Aaron Hill,Ireland,2025-07-17,2300.8610740336926
Aaron Hill,Ireland,2025-07-17,2303.9023292623906
Aaron Hill,Ireland,2025-07-17,2219.4222959907283
Aaron Hill,Ireland,2025-08-09,2211.658617919602
Aaron Hill,Ireland,2025-08-10,2209.67981764395
Aaron Hill,Ireland,2025-08-11,2151.9447506489405
Aaron Hill,Ireland,2025-08-25,2291.424483406048
Aaron Hill,Ireland,2025-08-26,2360.2586608620495
Aaron Hill,Ireland,2025-08-27,2369.9123570225315
Aaron Hill,Ireland,2025-09-03,2329.317863875476
Aaron Hill,Ireland,2025-09-07,2339.222848245165
Aaron Hill,Ireland,2025-09-14,2358.9706558973808
Aaron Hill,Ireland,2025-09-16,2392.6445280056364
Aaron Hill,Ireland,2025-09-17,2495.8605732424917
Aaron Hill,Ireland,2025-09-18,2538.5883396269596
Aaron Hill,Ireland,2025-09-19,2481.2607517078895
Aaron Hill,Ireland,2025-09-22,2459.532183355826
Aaron Hill,Ireland,2025-10-02,2410.2624202487277
Aaron Hill,Ireland,2025-10-07,2420.127289183562
Aaron Hill,Ireland,2025-10-09,2491.6698854544975
Aaron Hill,Ireland,2025-10-10,2366.8234008811514
Aaron Hill,Ireland,2025-10-15,2299.8923898160688
Aaron Hill,Ireland,2025-10-20,2405.04071651469
Aaron Hill,Ireland,2025-10-21,2527.2750896349767
Aaron Hill,Ireland,2025-10-23,2500.915136007542
Aaron Hill,Ireland,2025-11-04,2506.7608601622137
Aaron Hill,Ireland,2025-11-25,2368.4259712709077
Aaron Hill,Ireland,2025-12-11,2366.7572322301667
Aaron Hill,Ireland,2025-12-12,2337.926971130792
Aaron Hill,Ireland,2026-01-07,2349.2081921900576
Aaron Hill,Ireland,2026-01-10,2379.4610368200433
Aaron Hill,Ireland,2026-02-03,2376.779991438125
Aaron Hill,Ireland,2026-02-11,2411.2585623421182
Aaron Hill,Ireland,2026-02-23,2350.1584498004304
Luke Simmonds,England,2022-06-30,1500.0
Luke Simmonds,England,2022-06-30,1487.9935721083198
Luke Simmonds,England,2022-06-30,1451.9897579279836
Luke Simmonds,England,2022-06-30,1444.6877201256148
Luke Simmonds,England,2022-08-16,1364.7426792921713
Luke Simmonds,England,2023-01-25,1355.7759916099728
Luke Simmonds,England,2023-03-16,1362.079286005256
Andy Hicks,England,2022-06-28,1500.0
Andy Hicks,England,2022-06-28,1512.992528222204
Andy Hicks,England,2022-06-28,1547.4406633983788
Andy Hicks,England,2022-06-28,1550.661877827988
Andy Hicks,England,2022-07-16,1567.712859509949
Andy Hicks,England,2022-08-16,1518.3734147340463
Andy Hicks,England,2022-08-24,1581.1200136042776
Andy Hicks,England,2022-09-26,1576.8541544684533
Andy Hicks,England,2022-10-12,1522.6097085788047
Andy Hicks,England,2022-10-17,1490.0220040265865
Andy Hicks,England,2022-10-29,1407.285970270162
Andy Hicks,England,2022-11-06,1475.5269007226095
Andy Hicks,England,2022-11-08,1518.2929151230687
Andy Hicks,England,2022-11-09,1429.3421331689328
Andy Hicks,England,2022-11-24,1512.8156914153335
Andy Hicks,England,2022-11-26,1379.4016651342358
Andy Hicks,England,2023-01-13,1354.2957634703414
Andy Hicks,England,2023-01-25,1338.4793630055176
Andy Hicks,England,2023-02-15,1375.6663098821273
Andy Hicks,England,2023-02-16,1401.2571054537073
Andy Hicks,England,2023-03-18,1350.5814922429117
Andy Hicks,England,2023-04-06,1429.6931347670684
Andy Hicks,England,2023-04-08,1439.0892625509614
Andy Hicks,England,2023-06-29,1468.3956513606222
Andy Hicks,England,2023-06-29,1506.5332493305032
Andy Hicks,England,2023-06-29,1474.9608888705718
Andy Hicks,England,2023-08-16,1523.2250033083785
Andy Hicks,England,2023-08-23,1493.1994036692256
Andy Hicks,England,2023-08-24,1537.8735137489396
Andy Hicks,England,2023-09-02,1487.912683919819
Andy Hicks,England,2023-09-07,1512.0537658313235
Andy Hicks,England,2023-09-19,1416.6316672425644
Andy Hicks,England,2023-09-26,1395.4609074017806
Andy Hicks,England,2023-10-03,1412.0561237695247
Andy Hicks,England,2023-10-19,1358.9590975931608
Andy Hicks,England,2023-11-01,1431.3882822887322
Andy Hicks,England,2023-11-19,1410.54796934605
Andy Hicks,England,2023-11-20,1414.527516766284
Andy Hicks,England,2023-12-06,1425.7886770378498
Andy Hicks,England,2023-12-08,1409.4139399377568
Andy Hicks,England,2023-12-20,1433.7022903404436
Andy Hicks,England,2024-01-22,1448.950964453051
Andy Hicks,England,2024-01-26,1492.3295871793287
Andy Hicks,England,2024-04-12,1648.2336424049047
Andy Hicks,England,2024-04-15,1689.2576314744854
Zhang Anda,China,2022-06-30,1500.0
Zhang Anda,China,2022-06-30,1513.9699953376762
Zhang Anda,China,2022-06-30,1497.4005731926702
Zhang Anda,China,2022-06-30,1487.474604880105
Zhang Anda,China,2022-07-16,1578.0646932082934
Zhang Anda,China,2022-08-09,1611.4615862621213
Zhang Anda,China,2022-08-17,1598.9668514315263
Zhang Anda,China,2022-08-24,1521.1444886005131
Zhang Anda,China,2022-09-28,1442.7550412581427
Zhang Anda,China,2022-10-12,1460.004863558442
Zhang Anda,China,2022-10-29,1538.5867083777418
Zhang Anda,China,2022-11-07,1635.935038352912
Zhang Anda,China,2022-11-08,1534.827768546718
Zhang Anda,China,2022-11-23,1532.9118683605072
Zhang Anda,China,2022-11-24,1525.687596637715
Zhang Anda,China,2022-11-29,1524.5389795574326
Zhang Anda,China,2022-12-01,1527.781583148089
Zhang Anda,China,2022-12-14,1442.680470870588
Zhang Anda,China,2023-01-26,1423.3361691243451
Zhang Anda,China,2023-02-02,1376.0850437759893
Zhang Anda,China,2023-02-13,1345.8861278252755
Zhang Anda,China,2023-03-19,1391.5257047574828
Zhang Anda,China,2023-03-20,1436.1035935202074
Zhang Anda,China,2023-04-06,1519.5661729992937
Zhang Anda,China,2023-04-08,1735.5213433448964
Zhang Anda,China,2023-04-11,1729.2771668468117
Zhang Anda,China,2023-07-12,1703.9028045064724
Zhang Anda,China,2023-07-12,1738.4199512765979
Zhang Anda,China,2023-07-12,1801.093754125611
Zhang Anda,China,2023-07-28,1730.031369872152
Zhang Anda,China,2023-08-16,1743.4775558221645
Zhang Anda,China,2023-09-02,1731.7186568147572
Zhang Anda,China,2023-09-07,1773.0479576589328
Zhang Anda,China,2023-09-20,1753.7228478728716
Zhang Anda,China,2023-10-04,1838.2733062914124
Zhang Anda,China,2023-10-05,1906.065229111176
Zhang Anda,China,2023-10-05,2050.4754580168883
Zhang Anda,China,2023-10-06,2099.572628436199
Zhang Anda,China,2023-10-07,2065.0245234963436
Zhang Anda,China,2023-10-08,2165.1865062913243
Zhang Anda,China,2023-10-11,2155.3178133710758
Zhang Anda,China,2023-10-12,2054.0062115413807
Zhang Anda,China,2023-10-20,2091.3621894891758
Zhang Anda,China,2023-10-25,2085.355797828849
Zhang Anda,China,2023-10-26,1996.688789057402
Zhang Anda,China,2023-11-01,1991.1325941529412
Zhang Anda,China,2023-11-06,2189.0971269791035
Zhang Anda,China,2023-11-07,2191.942837110331
Zhang Anda,China,2023-11-08,2287.653366181811
Zhang Anda,China,2023-11-09,2329.333263530356
Zhang Anda,China,2023-11-11,2460.5468455553246
Zhang Anda,China,2023-11-12,2520.2504513037998
Zhang Anda,China,2023-11-15,2468.419020686271
Zhang Anda,China,2023-11-26,2471.1453782999442
Zhang Anda,China,2023-11-30,2516.948521996378
Zhang Anda,China,2023-12-01,2449.2615791482685
Zhang Anda,China,2023-12-07,2442.517526929324
Zhang Anda,China,2023-12-08,2413.592587706045
Zhang Anda,China,2023-12-12,2527.6453880022364
Zhang Anda,China,2023-12-14,2546.9738152755904
Zhang Anda,China,2023-12-14,2419.317776031664
Zhang Anda,China,2023-12-20,2404.8564109925737
Zhang Anda,China,2024-01-07,2290.631004068926
Zhang Anda,China,2024-01-17,2334.4570932188985
Zhang Anda,China,2024-01-18,2368.1691895046706
Zhang Anda,China,2024-01-19,2346.830204441441
Zhang Anda,China,2024-01-30,2318.384743719717
Zhang Anda,China,2024-02-12,2336.812105567253
Zhang Anda,China,2024-02-14,2239.7361501851587
Zhang Anda,China,2024-02-21,2261.4001242695567
Zhang Anda,China,2024-02-23,2411.2668438898195
Zhang Anda,China,2024-02-24,2530.5806810221247
Zhang Anda,China,2024-02-25,2479.1121755426684
Zhang Anda,China,2024-03-18,2514.647638902195
Zhang Anda,China,2024-03-19,2458.0720720447102
Zhang Anda,China,2024-04-04,2487.175879413224
Zhang Anda,China,2024-04-21,2291.950130794068
Zhang Anda,China,2024-07-15,2172.507679112203
Zhang Anda,China,2024-08-19,2209.6651318277136
Zhang Anda,China,2024-08-20,2126.1559105082606
Zhang Anda,China,2024-09-03,2221.050412955174
Zhang Anda,China,2024-09-04,2299.777228164994
Zhang Anda,China,2024-09-16,2285.342299683798
Zhang Anda,China,2024-09-18,2218.840488028003
Zhang Anda,China,2024-09-23,2217.116587094881
Zhang Anda,China,2024-09-25,2234.972748657907
Zhang Anda,China,2024-09-25,2208.5843834735315
Zhang Anda,China,2024-10-06,2219.57752474021
Zhang Anda,China,2024-10-07,2207.163437197817
Zhang Anda,China,2024-10-08,2272.0695388637155
Zhang Anda,China,2024-10-09,2258.3792892821543
Zhang Anda,China,2024-10-10,2263.3937269302132
Zhang Anda,China,2024-10-21,2239.1778620504288
Zhang Anda,China,2024-11-03,2249.183757069943
Zhang Anda,China,2024-11-04,2278.5128686481457
Zhang Anda,China,2024-11-05,2167.8441867670226
Zhang Anda,China,2024-11-26,2249.286001756828
Zhang Anda,China,2024-11-28,2348.5694729044076
Zhang Anda,China,2024-11-29,2331.3805623053745
Zhang Anda,China,2024-12-04,2351.0488853766547
Zhang Anda,China,2024-12-06,2346.6745569596824
Zhang Anda,China,2024-12-07,2328.514511720233
Zhang Anda,China,2024-12-09,2319.9478719986796
Zhang Anda,China,2024-12-11,2329.475109642703
Zhang Anda,China,2024-12-18,2373.3726796271717
Zhang Anda,China,2024-12-18,2267.863452541297
Zhang Anda,China,2025-01-15,2379.360385495176
Zhang Anda,China,2025-01-27,2392.1274150696872
Zhang Anda,China,2025-01-29,2393.461667801052
Zhang Anda,China,2025-01-30,2343.933793465095
Zhang Anda,China,2025-02-10,2338.87118952886
Zhang Anda,China,2025-02-12,2299.336410981278
Zhang Anda,China,2025-02-23,2264.6774921117603
Zhang Anda,China,2025-03-04,2291.7939473519637
Zhang Anda,China,2025-04-23,2241.1675297175057
Zhang Anda,China,2025-06-23,2250.750344674044
Zhang Anda,China,2025-07-04,2238.814458025589
Zhang Anda,China,2025-07-04,2221.7108286857974
Zhang Anda,China,2025-07-04,2200.7236227482417
Zhang Anda,China,2025-07-18,2174.0465664711455
Zhang Anda,China,2025-07-18,2229.118860454277
Zhang Anda,China,2025-07-18,2287.2543051283924
Zhang Anda,China,2025-07-28,2374.001409364651
Zhang Anda,China,2025-07-29,2500.0111198007926
Zhang Anda,China,2025-08-12,2397.6810301345968
Zhang Anda,China,2025-08-24,2406.792753104842
Zhang Anda,China,2025-08-26,2424.578040162793
Zhang Anda,China,2025-08-27,2438.7435083836244
Zhang Anda,China,2025-08-28,2442.4597022629328
Zhang Anda,China,2025-09-02,2427.888403445533
Zhang Anda,China,2025-09-16,2426.819750021988
Zhang Anda,China,2025-09-17,2353.1667097549275
Zhang Anda,China,2025-09-22,2374.2909379495227
Zhang Anda,China,2025-09-23,2416.9384143497937
Zhang Anda,China,2025-09-25,2546.607824412288
Zhang Anda,China,2025-10-02,2572.3395737057094
Zhang Anda,China,2025-10-21,2496.3690264390216
Zhang Anda,China,2025-11-02,2447.103818740481
Zhang Anda,China,2025-11-04,2530.4084262521956
Zhang Anda,China,2025-11-25,2556.3057899132323
Zhang Anda,China,2025-11-27,2601.7590658146564
Zhang Anda,China,2025-12-01,2747.4378316249936
Zhang Anda,China,2025-12-04,2950.786762511162
Zhang Anda,China,2025-12-05,2940.0432399467304
Zhang Anda,China,2025-12-10,2913.9208550775493
Zhang Anda,China,2025-12-15,2885.0387115270655
Zhang Anda,China,2025-12-17,2883.030011406091
Zhang Anda,China,2025-12-18,2878.2066269072675
Zhang Anda,China,2026-01-08,2865.853162428395
Zhang Anda,China,2026-01-21,2868.430094102957
Zhang Anda,China,2026-01-21,2888.026604174702
Zhang Anda,China,2026-01-21,2940.166842020249
Zhang Anda,China,2026-01-22,2986.087256594612
Zhang Anda,China,2026-01-22,3033.20126128063
Zhang Anda,China,2026-01-22,3083.7450343779956
Zhang Anda,China,2026-01-22,3046.009718645837
Zhang Anda,China,2026-01-23,2984.6476820614707
Zhang Anda,China,2026-01-23,3050.8345587049416
Zhang Anda,China,2026-01-23,3080.071159444717
Zhang Anda,China,2026-01-24,3016.5572669904877
Zhang Anda,China,2026-01-24,2984.1276340952386
Zhang Anda,China,2026-01-24,3012.8881722926235
Zhang Anda,China,2026-01-24,3066.929071879389
Zhang Anda,China,2026-01-24,3073.20696561096
Zhang Anda,China,2026-01-28,3104.416455172821
Zhang Anda,China,2026-01-29,3071.657466692383
Zhang Anda,China,2026-02-03,3124.3549947582837
Zhang Anda,China,2026-02-05,3177.368312442868
Zhang Anda,China,2026-02-06,3338.2341303062553
Zhang Anda,China,2026-02-07,3370.807836269464
Zhang Anda,China,2026-02-08,3410.711769159253
Zhang Anda,China,2026-02-10,3400.124503625687
Zhang Anda,China,2026-02-10,3353.349409595693
Zhang Anda,China,2026-02-10,3359.852722032091
Zhang Anda,China,2026-02-11,3315.6092082979426
Zhang Anda,China,2026-02-11,3300.2298268890427
Zhang Anda,China,2026-02-11,3287.6125165645035
Zhang Anda,China,2026-02-18,3162.171542377504
Zhang Anda,China,2026-02-24,3154.3467832654173
Zhang Anda,China,2026-02-25,3122.0943096062006
Zhang Anda,China,2026-02-26,3131.5190809670853
Jak Jones,Wales,2022-07-11,1500.0
Jak Jones,Wales,2022-07-11,1440.0
Jak Jones,Wales,2022-07-11,1501.4938791479692
Jak Jones,Wales,2022-07-11,1487.5248137398082
Jak Jones,Wales,2022-07-23,1580.2110501450816
Jak Jones,Wales,2022-08-14,1595.2473033806637
Jak Jones,Wales,2022-08-17,1528.5986613935074
Jak Jones,Wales,2022-08-25,1555.0852863841985
Jak Jones,Wales,2022-09-27,1584.1152458568863
Jak Jones,Wales,2022-09-28,1518.8866845404364
Jak Jones,Wales,2022-10-14,1530.1680812558557
Jak Jones,Wales,2022-10-27,1493.189832814409
Jak Jones,Wales,2022-11-08,1508.220258016581
Jak Jones,Wales,2022-11-09,1506.4342863901077
Jak Jones,Wales,2022-11-21,1564.5597557375195
Jak Jones,Wales,2022-11-22,1517.3925006184747
Jak Jones,Wales,2023-01-12,1539.4866244593672
Jak Jones,Wales,2023-01-26,1543.869827930699
Jak Jones,Wales,2023-01-27,1551.1823032999566
Jak Jones,Wales,2023-01-28,1560.3011111872765
Jak Jones,Wales,2023-01-28,1544.0774902345818
Jak Jones,Wales,2023-02-14,1657.4990719451553
Jak Jones,Wales,2023-02-15,1693.878225400067
Jak Jones,Wales,2023-02-16,1647.2698657182113
Jak Jones,Wales,2023-03-18,1683.5880060109705
Jak Jones,Wales,2023-03-20,1658.097832098518
Jak Jones,Wales,2023-04-06,1605.493523826279
Jak Jones,Wales,2023-04-09,1689.5895234918542
Jak Jones,Wales,2023-04-11,1697.8603016046175
Jak Jones,Wales,2023-04-16,1854.0767095044469
Jak Jones,Wales,2023-04-22,1987.137420894816
Jak Jones,Wales,2023-04-26,1971.0289782576522
Jak Jones,Wales,2023-07-05,1958.5386342110344
Jak Jones,Wales,2023-07-05,1960.988804418597
Jak Jones,Wales,2023-07-05,1916.4253158011486
Jak Jones,Wales,2023-07-20,1855.8653313359323
Jak Jones,Wales,2023-07-20,1825.6686508482774
Jak Jones,Wales,2023-07-20,1802.7386157630717
Jak Jones,Wales,2023-07-25,1698.8694948328525
Jak Jones,Wales,2023-08-17,1657.43753913847
Jak Jones,Wales,2023-09-04,1655.928219085607
Jak Jones,Wales,2023-09-07,1663.5499920659524
Jak Jones,Wales,2023-09-23,1720.4208114239661
Jak Jones,Wales,2023-10-10,1748.510174909889
Jak Jones,Wales,2023-10-20,1769.075429718222
Jak Jones,Wales,2023-10-24,1785.9107113403138
Jak Jones,Wales,2023-10-25,1759.6240948037012
Jak Jones,Wales,2023-10-31,1845.7086655024357
Jak Jones,Wales,2023-11-06,1951.6583969322965
Jak Jones,Wales,2023-11-07,2078.5666660844086
Jak Jones,Wales,2023-11-21,1937.4384706457506
Jak Jones,Wales,2023-12-07,1913.9092375868397
Jak Jones,Wales,2023-12-21,1984.1624478639014
Jak Jones,Wales,2024-01-23,1969.730491771644
Jak Jones,Wales,2024-01-27,1980.7306632598477
Jak Jones,Wales,2024-02-14,2052.400626356778
Jak Jones,Wales,2024-02-15,2060.201839882988
Jak Jones,Wales,2024-02-15,1938.1032629568963
Jak Jones,Wales,2024-02-28,1967.3226852969271
Jak Jones,Wales,2024-02-28,2051.106982933222
Jak Jones,Wales,2024-02-28,2093.1618152905808
Jak Jones,Wales,2024-02-28,2119.866552581079
Jak Jones,Wales,2024-02-29,2131.62594330895
Jak Jones,Wales,2024-02-29,2199.8255997881483
Jak Jones,Wales,2024-02-29,2214.0380378008967
Jak Jones,Wales,2024-02-29,2146.476685405174
Jak Jones,Wales,2024-03-18,1988.1030513265612
Jak Jones,Wales,2024-04-14,1935.0974378238936
Jak Jones,Wales,2024-04-16,2170.4836214200113
Jak Jones,Wales,2024-04-21,2293.082046281332
Jak Jones,Wales,2024-04-27,2360.2850481152086
Jak Jones,Wales,2024-05-01,2535.238065502371
Jak Jones,Wales,2024-05-04,2673.557384085817
Jak Jones,Wales,2024-05-06,2653.8983578343523
Jak Jones,Wales,2024-06-17,2632.775345303948
Jak Jones,Wales,2024-06-17,2634.5465911357883
Jak Jones,Wales,2024-06-17,2612.3982337134753
Jak Jones,Wales,2024-07-01,2617.662191897575
Jak Jones,Wales,2024-07-01,2599.302806792052
Jak Jones,Wales,2024-07-01,2602.8707762382287
Jak Jones,Wales,2024-07-16,2459.209806008882
Jak Jones,Wales,2024-07-26,2420.0625724002875
Jak Jones,Wales,2024-07-30,2480.9895082396993
Jak Jones,Wales,2024-08-19,2491.891097352843
Jak Jones,Wales,2024-08-21,2496.851086218092
Jak Jones,Wales,2024-08-22,2462.94826158184
Jak Jones,Wales,2024-09-03,2405.155537324082
Jak Jones,Wales,2024-09-16,2400.1368127469673
Jak Jones,Wales,2024-09-23,2419.1809997972464
Jak Jones,Wales,2024-09-24,2388.12727675157
Jak Jones,Wales,2024-09-25,2432.123894821673
Jak Jones,Wales,2024-09-26,2458.010402182308
Jak Jones,Wales,2024-09-27,2420.6373502736333
Jak Jones,Wales,2024-10-01,2399.486256634435
Jak Jones,Wales,2024-10-06,2410.6405213078106
Jak Jones,Wales,2024-10-08,2339.5219363812535
Jak Jones,Wales,2024-10-20,2385.3178467355456
Jak Jones,Wales,2024-10-23,2265.751912764087
Jak Jones,Wales,2024-11-11,2374.2453191772947
Jak Jones,Wales,2024-11-11,2378.931340031907
Jak Jones,Wales,2024-11-18,2382.2189836842217
Jak Jones,Wales,2024-11-20,2443.7648614217564
Jak Jones,Wales,2024-11-25,2425.710272528864
Jak Jones,Wales,2024-11-28,2416.029951816723
Jak Jones,Wales,2024-12-05,2410.3796399162848
Jak Jones,Wales,2024-12-06,2400.2721138550646
Jak Jones,Wales,2024-12-09,2420.801390402556
Jak Jones,Wales,2024-12-11,2425.823356621528
Jak Jones,Wales,2024-12-21,2461.988249162436
Jak Jones,Wales,2025-01-03,2475.871311712327
Jak Jones,Wales,2025-01-03,2460.654891384752
Jak Jones,Wales,2025-01-03,2471.4270084594937
Jak Jones,Wales,2025-01-03,2488.1573213862516
Jak Jones,Wales,2025-01-04,2524.7018030672352
Jak Jones,Wales,2025-01-04,2439.0018849794196
Jak Jones,Wales,2025-01-04,2473.698436265446
Jak Jones,Wales,2025-01-04,2419.408336148862
Jak Jones,Wales,2025-01-06,2441.946909513145
Jak Jones,Wales,2025-01-06,2494.951278925761
Jak Jones,Wales,2025-01-06,2424.989836800712
Jak Jones,Wales,2025-01-07,2360.69281113216
Jak Jones,Wales,2025-01-07,2441.53851395006
Jak Jones,Wales,2025-01-07,2405.0873323785736
Jak Jones,Wales,2025-01-07,2455.00336291442
Jak Jones,Wales,2025-01-07,2454.2742352203436
Jak Jones,Wales,2025-01-08,2481.9425922567216
Jak Jones,Wales,2025-01-08,2503.7203008922475
Jak Jones,Wales,2025-01-08,2420.607665474586
Jak Jones,Wales,2025-01-09,2402.739213627497
Jak Jones,Wales,2025-01-09,2373.7061143238584
Jak Jones,Wales,2025-01-09,2365.984973241059
Jak Jones,Wales,2025-01-09,2463.6124496319267
Jak Jones,Wales,2025-01-09,2519.613368130786
Jak Jones,Wales,2025-01-10,2530.579130833
Jak Jones,Wales,2025-01-10,2548.704092977886
Jak Jones,Wales,2025-01-10,2531.8249458376936
Jak Jones,Wales,2025-01-11,2539.7664651607874
Jak Jones,Wales,2025-01-11,2556.0892338990384
Jak Jones,Wales,2025-01-11,2610.596441186751
Jak Jones,Wales,2025-01-11,2680.9411653424995
Jak Jones,Wales,2025-01-11,2629.8290921376065
Jak Jones,Wales,2025-01-20,2631.5525885993484
Jak Jones,Wales,2025-01-20,2676.526975111315
Jak Jones,Wales,2025-01-20,2713.4440158137063
Jak Jones,Wales,2025-01-21,2742.8308376047153
Jak Jones,Wales,2025-01-21,2784.191012374595
Jak Jones,Wales,2025-01-21,2789.3230954056826
Jak Jones,Wales,2025-01-21,2752.5829548983797
Jak Jones,Wales,2025-01-22,2752.5188883475
Jak Jones,Wales,2025-01-22,2669.763199078263
Jak Jones,Wales,2025-01-22,2701.6712965679512
Jak Jones,Wales,2025-01-23,2645.5970781096394
Jak Jones,Wales,2025-01-23,2713.179080976919
Jak Jones,Wales,2025-01-23,2681.689844713986
Jak Jones,Wales,2025-01-24,2587.010323520893
Jak Jones,Wales,2025-01-27,2597.902516768009
Jak Jones,Wales,2025-01-29,2661.6557441873415
Jak Jones,Wales,2025-01-30,2689.0722408596016
Jak Jones,Wales,2025-02-11,2659.693096066913
Jak Jones,Wales,2025-03-05,2649.822867053976
Jak Jones,Wales,2025-04-21,2551.865284199587
Jak Jones,Wales,2025-06-24,2535.826266612617
Jak Jones,Wales,2025-06-26,2553.8264234536905
Jak Jones,Wales,2025-07-10,2461.0932944595947
Jak Jones,Wales,2025-07-10,2436.6906516755275
Jak Jones,Wales,2025-07-10,2414.6646627042956
Jak Jones,Wales,2025-08-10,2407.0418674572957
Jak Jones,Wales,2025-08-11,2283.810478875618
Jak Jones,Wales,2025-08-24,2325.0479165037164
Jak Jones,Wales,2025-08-26,2377.841853083673
Jak Jones,Wales,2025-09-01,2412.165115199849
Jak Jones,Wales,2025-09-16,2387.567412636926
Jak Jones,Wales,2025-09-17,2394.3862192720007
Jak Jones,Wales,2025-09-18,2473.297526134396
Jak Jones,Wales,2025-09-19,2506.897700659904
Jak Jones,Wales,2025-09-20,2580.6027079110168
Jak Jones,Wales,2025-09-23,2547.963377388274
Jak Jones,Wales,2025-09-24,2657.7985739378096
Jak Jones,Wales,2025-09-30,2658.534738274908
Jak Jones,Wales,2025-10-07,2619.248324912898
Jak Jones,Wales,2025-10-09,2603.86009804171
Jak Jones,Wales,2025-10-10,2648.6627750006633
Jak Jones,Wales,2025-10-20,2593.349963599799
Jak Jones,Wales,2025-11-03,2634.0871004889955
Jak Jones,Wales,2025-11-04,2647.7079398185497
Jak Jones,Wales,2025-11-25,2553.474076723958
Jak Jones,Wales,2026-01-08,2550.882520682506
Jak Jones,Wales,2026-01-21,2614.251767438617
Jak Jones,Wales,2026-01-21,2636.556291467111
Jak Jones,Wales,2026-01-21,2707.482360133576
Jak Jones,Wales,2026-01-21,2776.6988787229566
Jak Jones,Wales,2026-01-22,2880.0822044730517
Jak Jones,Wales,2026-01-22,2909.8259018400727
Jak Jones,Wales,2026-01-22,2880.1776481229576
Jak Jones,Wales,2026-01-23,2861.189627145446
Jak Jones,Wales,2026-01-23,2878.8551381318703
Jak Jones,Wales,2026-01-23,2858.0398925171153
Jak Jones,Wales,2026-01-24,2852.686340649589
Jak Jones,Wales,2026-01-24,2823.1530423215563
Jak Jones,Wales,2026-01-24,2895.184409640445
Jak Jones,Wales,2026-01-27,2904.1709799129494
Jak Jones,Wales,2026-01-29,2878.576612113645
Jak Jones,Wales,2026-02-04,2972.927852581522
Jak Jones,Wales,2026-02-05,2870.7212383486767
Jak Jones,Wales,2026-02-11,2854.6617934132737
Jak Jones,Wales,2026-02-23,2849.419995340283
Jak Jones,Wales,2026-02-25,2841.1121417106724
Jak Jones,Wales,2026-02-26,2862.8580905640642
Shaun Murphy,England,2022-07-19,1500.0
Shaun Murphy,England,2022-07-19,1563.771450078811
Shaun Murphy,England,2022-07-19,1596.881020701033
Shaun Murphy,England,2022-07-19,1598.0524094259786
Shaun Murphy,England,2022-07-23,1608.9566751392097
Shaun Murphy,England,2022-07-28,1646.3853209101903
Shaun Murphy,England,2022-07-28,1700.0401669202724
Shaun Murphy,England,2022-07-29,1681.9889612783181
Shaun Murphy,England,2022-08-17,1696.376377867265
Shaun Murphy,England,2022-08-18,1720.545175790119
Shaun Murphy,England,2022-08-19,1661.4906464164753
Shaun Murphy,England,2022-09-26,1684.2329532500873
Shaun Murphy,England,2022-10-16,1693.590837381422
Shaun Murphy,England,2022-10-18,1671.5962660006949
Shaun Murphy,England,2022-10-20,1639.9252201390018
Shaun Murphy,England,2022-11-15,1718.354997127091
Shaun Murphy,England,2022-11-17,1824.1041900828945
Shaun Murphy,England,2022-11-18,1711.5714803005947
Shaun Murphy,England,2022-11-25,1732.5877086270596
Shaun Murphy,England,2022-11-26,1657.705419179638
Shaun Murphy,England,2022-11-28,1708.4739746624568
Shaun Murphy,England,2022-11-29,1590.884216319046
Shaun Murphy,England,2022-12-12,1668.3225784226222
Shaun Murphy,England,2022-12-14,1741.0222564174355
Shaun Murphy,England,2022-12-15,1787.8996087550227
Shaun Murphy,England,2022-12-16,1819.850488997528
Shaun Murphy,England,2023-01-10,1914.4062958125758
Shaun Murphy,England,2023-01-13,1773.8781117214812
Shaun Murphy,England,2023-01-18,1814.4249471816001
Shaun Murphy,England,2023-01-19,1877.1521416025016
Shaun Murphy,England,2023-01-20,1912.1893189599791
Shaun Murphy,England,2023-01-21,1893.8480217640385
Shaun Murphy,England,2023-01-25,1901.6774770991713
Shaun Murphy,England,2023-01-27,1876.5671826562816
Shaun Murphy,England,2023-02-13,1895.1622932477658
Shaun Murphy,England,2023-02-14,1863.539823410521
Shaun Murphy,England,2023-02-16,1918.116428879954
Shaun Murphy,England,2023-02-16,1978.9573905942725
Shaun Murphy,England,2023-02-17,1995.3338878503484
Shaun Murphy,England,2023-02-19,1980.344659108947
Shaun Murphy,England,2023-02-19,1979.6001236749848
Shaun Murphy,England,2023-02-21,2019.1594833186837
Shaun Murphy,England,2023-02-23,2108.7348563832275
Shaun Murphy,England,2023-02-25,2150.967119904183
Shaun Murphy,England,2023-02-26,2283.0000093190647
Shaun Murphy,England,2023-03-18,2351.0095131059834
Shaun Murphy,England,2023-03-20,2345.061973893809
Shaun Murphy,England,2023-03-29,2340.227081896427
Shaun Murphy,England,2023-04-01,2349.983668080358
Shaun Murphy,England,2023-04-02,2446.696794604438
Shaun Murphy,England,2023-04-20,2467.6670093735524
Shaun Murphy,England,2023-07-12,2445.2934162638353
Shaun Murphy,England,2023-07-12,2447.629038145839
Shaun Murphy,England,2023-07-12,2474.6116486944156
Shaun Murphy,England,2023-07-19,2455.006055514596
Shaun Murphy,England,2023-07-19,2463.8443388467635
Shaun Murphy,England,2023-07-19,2466.4094824590525
Shaun Murphy,England,2023-07-21,2475.934975155447
Shaun Murphy,England,2023-07-21,2482.7411798900453
Shaun Murphy,England,2023-07-21,2537.198754307283
Shaun Murphy,England,2023-07-21,2517.197560377274
Shaun Murphy,England,2023-08-22,2502.7297350024587
Shaun Murphy,England,2023-08-23,2513.4042778957028
Shaun Murphy,England,2023-08-24,2523.9362438787966
Shaun Murphy,England,2023-08-24,2454.241501737767
Shaun Murphy,England,2023-09-04,2367.6173332903036
Shaun Murphy,England,2023-09-13,2371.4693794049776
Shaun Murphy,England,2023-09-22,2374.1056754723713
Shaun Murphy,England,2023-09-25,2342.530000301579
Shaun Murphy,England,2023-09-26,2378.2558387158533
Shaun Murphy,England,2023-10-02,2322.9349761988874
Shaun Murphy,England,2023-10-22,2316.378534717391
Shaun Murphy,England,2023-10-23,2361.161982909167
Shaun Murphy,England,2023-10-25,2379.635048019281
Shaun Murphy,England,2023-10-26,2301.720697099003
Shaun Murphy,England,2023-11-06,2182.063011618364
Shaun Murphy,England,2023-11-16,2189.6120552238945
Shaun Murphy,England,2023-11-16,2242.2001379637004
Shaun Murphy,England,2023-11-26,2151.5327223890945
Shaun Murphy,England,2023-12-07,2172.229841224571
Shaun Murphy,England,2023-12-08,2146.846365241732
Shaun Murphy,England,2023-12-11,2046.9180198890303
Shaun Murphy,England,2024-01-07,2189.9537280800932
Shaun Murphy,England,2024-01-11,2253.6622050069395
Shaun Murphy,England,2024-01-13,2300.1280079199
Shaun Murphy,England,2024-01-16,2369.578710680833
Shaun Murphy,England,2024-01-17,2242.182739300397
Shaun Murphy,England,2024-01-23,2277.714207481496
Shaun Murphy,England,2024-01-29,2215.4061494139846
Shaun Murphy,England,2024-02-12,2209.900334339429
Shaun Murphy,England,2024-03-05,2328.1232402639266
Shaun Murphy,England,2024-03-18,2290.022839739514
Shaun Murphy,England,2024-03-20,2326.226483963754
Shaun Murphy,England,2024-03-21,2390.327814772984
Shaun Murphy,England,2024-04-22,2418.2766874274166
Shaun Murphy,England,2024-04-28,2250.9446923580695
Shaun Murphy,England,2024-06-27,2282.8278177787224
Shaun Murphy,England,2024-06-27,2259.504435973213
Shaun Murphy,England,2024-06-27,2288.080347903673
Shaun Murphy,England,2024-06-28,2220.234881006429
Shaun Murphy,England,2024-06-28,2216.2750486138666
Shaun Murphy,England,2024-06-28,2229.8971807295516
Shaun Murphy,England,2024-07-17,2304.6410348850345
Shaun Murphy,England,2024-07-18,2300.797915779076
Shaun Murphy,England,2024-07-19,2502.4282615635407
Shaun Murphy,England,2024-07-21,2557.7521592974144
Shaun Murphy,England,2024-07-27,2568.598508438345
Shaun Murphy,England,2024-07-28,2529.5024831668156
Shaun Murphy,England,2024-08-20,2615.4927638935974
Shaun Murphy,England,2024-08-21,2553.881839034864
Shaun Murphy,England,2024-09-03,2601.587993832658
Shaun Murphy,England,2024-09-04,2683.6281419523334
Shaun Murphy,England,2024-09-05,2638.1119361288934
Shaun Murphy,England,2024-09-06,2659.383321514478
Shaun Murphy,England,2024-09-16,2703.129633051709
Shaun Murphy,England,2024-09-18,2648.842557462091
Shaun Murphy,England,2024-09-23,2642.5760189653943
Shaun Murphy,England,2024-09-25,2594.4805982230982
Shaun Murphy,England,2024-10-01,2573.015128065722
Shaun Murphy,England,2024-10-07,2583.9165181015574
Shaun Murphy,England,2024-10-08,2570.696657702248
Shaun Murphy,England,2024-10-09,2645.798982157631
Shaun Murphy,England,2024-10-10,2538.95149420376
Shaun Murphy,England,2024-10-20,2536.857224560928
Shaun Murphy,England,2024-10-22,2556.351300579942
Shaun Murphy,England,2024-10-24,2561.570627848919
Shaun Murphy,England,2024-10-25,2481.139968741628
Shaun Murphy,England,2024-11-05,2415.7352325131287
Shaun Murphy,England,2024-11-14,2453.0560091753027
Shaun Murphy,England,2024-11-23,2483.795366751872
Shaun Murphy,England,2024-11-27,2533.0049797264683
Shaun Murphy,England,2024-11-29,2485.406290447526
Shaun Murphy,England,2024-12-05,2479.106937155455
Shaun Murphy,England,2024-12-06,2463.626644300672
Shaun Murphy,England,2024-12-10,2483.3351273790468
Shaun Murphy,England,2024-12-11,2481.3979746354307
Shaun Murphy,England,2024-12-18,2410.639894217322
Shaun Murphy,England,2024-12-22,2371.5176053442956
Shaun Murphy,England,2025-01-12,2371.9189580544453
Shaun Murphy,England,2025-01-16,2451.5731801657166
Shaun Murphy,England,2025-01-18,2615.9996111366686
Shaun Murphy,England,2025-01-19,2814.493650762343
Shaun Murphy,England,2025-01-27,2850.3390382893554
Shaun Murphy,England,2025-01-29,2887.625636249053
Shaun Murphy,England,2025-01-30,2824.5414479563296
Shaun Murphy,England,2025-02-11,2844.1132187986204
Shaun Murphy,England,2025-02-24,2879.9600850400348
Shaun Murphy,England,2025-02-25,2966.1789961822174
Shaun Murphy,England,2025-02-26,3021.7571378851067
Shaun Murphy,England,2025-02-27,2919.921054243329
Shaun Murphy,England,2025-03-04,2938.835552610645
Shaun Murphy,England,2025-03-06,2956.053805873013
Shaun Murphy,England,2025-03-07,3008.4072954811413
Shaun Murphy,England,2025-03-08,3016.066572369303
Shaun Murphy,England,2025-03-18,3082.4145974164708
Shaun Murphy,England,2025-03-20,2952.096890976053
Shaun Murphy,England,2025-03-31,2708.0216573797684
Shaun Murphy,England,2025-04-23,2779.8060983264486
Shaun Murphy,England,2025-04-28,3053.672374736444
Shaun Murphy,England,2025-06-23,3087.6124854145132
Shaun Murphy,England,2025-07-01,3015.531505259597
Shaun Murphy,England,2025-07-01,2968.457088337021
Shaun Murphy,England,2025-07-01,2896.5765999717796
Shaun Murphy,England,2025-07-28,2872.304732208646
Shaun Murphy,England,2025-07-29,2789.1702812118583
Shaun Murphy,England,2025-08-12,2799.9788700906215
Shaun Murphy,England,2025-08-13,2758.42695688327
Shaun Murphy,England,2025-08-25,2742.3786394775
Shaun Murphy,England,2025-08-26,2687.814336321107
Shaun Murphy,England,2025-09-02,2696.948904494198
Shaun Murphy,England,2025-09-15,2743.974724971966
Shaun Murphy,England,2025-09-17,2763.5385776026205
Shaun Murphy,England,2025-09-18,2773.574895751676
Shaun Murphy,England,2025-09-22,2765.7955630607057
Shaun Murphy,England,2025-09-24,2733.398485568249
Shaun Murphy,England,2025-09-25,2822.4946804192714
Shaun Murphy,England,2025-09-25,2916.504024454717
Shaun Murphy,England,2025-09-26,2950.5274942033343
Shaun Murphy,England,2025-09-27,3060.0706376325606
Shaun Murphy,England,2025-09-28,3153.8532281162097
Shaun Murphy,England,2025-10-01,3154.5813967717763
Shaun Murphy,England,2025-10-08,3163.534552896842
Shaun Murphy,England,2025-10-09,3238.853679560092
Shaun Murphy,England,2025-10-10,3400.558691391445
Shaun Murphy,England,2025-10-11,3436.100107314464
Shaun Murphy,England,2025-10-12,3521.151858033874
Shaun Murphy,England,2025-10-13,3297.9822124095576
Shaun Murphy,England,2025-10-20,3290.137262599822
Shaun Murphy,England,2025-10-22,3312.1144152606093
Shaun Murphy,England,2025-10-23,3256.691948483979
Shaun Murphy,England,2025-11-03,3307.420065991843
Shaun Murphy,England,2025-11-04,3362.0681322862933
Shaun Murphy,England,2025-11-05,3425.341870141001
Shaun Murphy,England,2025-11-06,3307.741672898214
Shaun Murphy,England,2025-11-10,3204.3876486254585
Shaun Murphy,England,2025-11-19,3246.7053025962673
Shaun Murphy,England,2025-11-19,3263.85739370659
Shaun Murphy,England,2025-11-20,3266.8751315223467
Shaun Murphy,England,2025-11-29,3242.608220960355
Shaun Murphy,England,2025-12-04,3278.1932461912916
Shaun Murphy,England,2025-12-05,3309.7725246584223
Shaun Murphy,England,2025-12-06,3287.624045783699
Shaun Murphy,England,2025-12-10,3279.916184130259
Shaun Murphy,England,2025-12-12,3252.8404510407263
Shaun Murphy,England,2025-12-15,3245.0086286887736
Shaun Murphy,England,2025-12-17,3141.4759817876097
Shaun Murphy,England,2026-01-11,3111.6982436169833
Shaun Murphy,England,2026-01-26,3097.8396615385673
Shaun Murphy,England,2026-01-27,3157.2482757726925
Shaun Murphy,England,2026-01-29,3204.683815568215
Shaun Murphy,England,2026-01-30,3280.0606334204795
Shaun Murphy,England,2026-01-31,3350.1475768170867
Shaun Murphy,England,2026-02-01,3268.8001886232705
Shaun Murphy,England,2026-02-04,3133.052037374968
Shaun Murphy,England,2026-02-10,3116.9921479713194
Shaun Murphy,England,2026-02-18,3220.9911351209125
Shaun Murphy,England,2026-02-19,3251.273685174752
Shaun Murphy,England,2026-02-24,3143.9551595040834
Mohammed Asif,Pakistan,2022-10-09,1500.0
Mohammed Asif,Pakistan,2022-10-09,1416.97754565971
Mohammed Asif,Pakistan,2022-10-26,1436.7266345372332
Mohammed Asif,Pakistan,2022-11-06,1423.696335529152
Mohammed Asif,Pakistan,2022-11-07,1389.3161934643972
Mohammed Asif,Pakistan,2022-11-21,1381.466028634522
Mohammed Asif,Pakistan,2022-11-22,1307.3375628797814
Mohammed Asif,Pakistan,2022-12-14,1305.3077672870888
Mohammed Asif,Pakistan,2023-01-11,1286.6903021494763
Mohammed Asif,Pakistan,2023-01-25,1271.2507031362582
Mohammed Asif,Pakistan,2023-03-20,1252.3744327980562
Mohammed Asif,Pakistan,2023-04-04,1132.033423054584
Mohammed Asif,Pakistan,2023-07-07,1162.215385916584
Mohammed Asif,Pakistan,2023-07-07,1144.7983335544398
Mohammed Asif,Pakistan,2023-07-07,1202.6454669419284
Mohammed Asif,Pakistan,2023-07-25,1155.2516450421442
Mohammed Asif,Pakistan,2023-08-14,1172.7313181789302
Mohammed Asif,Pakistan,2023-09-04,1201.6825736745354
Mohammed Asif,Pakistan,2023-09-08,1200.4241488851424
Mohammed Asif,Pakistan,2023-09-21,1265.4116294815162
Mohammed Asif,Pakistan,2023-09-27,1244.177869626645
Mohammed Asif,Pakistan,2023-10-04,1326.4980214874229
Mohammed Asif,Pakistan,2023-10-05,1320.0718235753848
Mohammed Asif,Pakistan,2023-10-22,1249.1621785080688
Mohammed Asif,Pakistan,2023-11-02,1224.3209402038722
Mohammed Asif,Pakistan,2023-11-18,1133.5029692669996
Mohammed Asif,Pakistan,2023-12-07,1132.3529933434813
Mohammed Asif,Pakistan,2023-12-19,1176.0824428025007
Leone Crowley,Ireland,2023-12-07,1500.0
Leone Crowley,Ireland,2023-12-07,1485.8306980849095
Leone Crowley,Ireland,2025-04-08,1266.0885597897955
Leone Crowley,Ireland,2025-06-23,1261.4508291745708
Leone Crowley,Ireland,2025-06-27,1267.431958405494
Leone Crowley,Ireland,2025-07-04,1331.7731555704472
Leone Crowley,Ireland,2025-07-04,1265.8719107795503
Leone Crowley,Ireland,2025-07-04,1250.9430209421298
Leone Crowley,Ireland,2025-08-08,1276.8764309747075
Leone Crowley,Ireland,2025-08-09,1313.5426293410153
Leone Crowley,Ireland,2025-09-05,1353.8239846529057
Leone Crowley,Ireland,2025-09-07,1407.15717429373
Leone Crowley,Ireland,2025-09-12,1397.0005768597975
Leone Crowley,Ireland,2025-09-24,1419.4000279516686
Leone Crowley,Ireland,2025-10-02,1428.9323885824574
Leone Crowley,Ireland,2025-10-07,1451.002509301809
Leone Crowley,Ireland,2025-10-16,1409.6205025574513
Leone Crowley,Ireland,2025-11-23,1448.7107284212393
Leone Crowley,Ireland,2025-12-10,1435.4981908587415
Leone Crowley,Ireland,2026-01-06,1454.0914773228842
Leone Crowley,Ireland,2026-01-09,1398.6812932974644
Leone Crowley,Ireland,2026-02-10,1462.8479079563601
Robbie Williams,England,2022-07-01,1500.0
Robbie Williams,England,2022-07-01,1539.7854097279649
Robbie Williams,England,2022-07-01,1520.5403091707053
Robbie Williams,England,2022-07-01,1509.41374752941
Robbie Williams,England,2022-07-22,1446.6321128286806
Robbie Williams,England,2022-08-09,1449.246937475813
Robbie Williams,England,2022-08-28,1430.5934678304407
Robbie Williams,England,2022-09-27,1460.1841567584588
Robbie Williams,England,2022-09-29,1534.6509706021886
Robbie Williams,England,2022-09-29,1610.804404309149
Robbie Williams,England,2022-09-30,1616.4502463207718
Robbie Williams,England,2022-10-01,1625.1361355471727
Robbie Williams,England,2022-10-25,1530.4013154024815
Robbie Williams,England,2022-11-06,1516.889603234506
Robbie Williams,England,2022-11-09,1487.9059020235834
Robbie Williams,England,2022-11-23,1459.99940939689
Robbie Williams,England,2022-11-24,1431.8727404878975
Robbie Williams,England,2022-11-28,1428.9203678685103
Robbie Williams,England,2022-11-29,1448.4450949632426
Robbie Williams,England,2023-01-18,1458.405405714159
Robbie Williams,England,2023-01-25,1458.4967440718663
Robbie Williams,England,2023-01-27,1448.240603977497
Robbie Williams,England,2023-02-13,1482.4174519371927
Robbie Williams,England,2023-02-14,1538.597852278111
Robbie Williams,England,2023-02-15,1555.654354864256
Robbie Williams,England,2023-02-16,1476.3770962884537
Robbie Williams,England,2023-03-18,1492.1314529935785
Robbie Williams,England,2023-03-20,1566.5070629535796
Robbie Williams,England,2023-03-21,1626.94619888373
Robbie Williams,England,2023-03-21,1628.3016145012107
Robbie Williams,England,2023-04-09,1648.387805895119
Robbie Williams,England,2023-06-28,1699.0705632989554
Robbie Williams,England,2023-06-28,1722.6462682020317
Robbie Williams,England,2023-06-28,1686.2552830183963
Robbie Williams,England,2023-07-17,1653.5911972231431
Robbie Williams,England,2023-07-17,1676.5650149378193
Robbie Williams,England,2023-07-17,1658.0369444156415
Robbie Williams,England,2023-07-28,1695.170450047618
Robbie Williams,England,2023-08-15,1781.7238728533075
Robbie Williams,England,2023-08-23,1791.7140687653844
Robbie Williams,England,2023-08-24,1895.1910330966423
Robbie Williams,England,2023-09-01,1737.0213387113643
Robbie Williams,England,2023-09-18,1782.232835554031
Robbie Williams,England,2023-09-27,1930.6943136481964
Robbie Williams,England,2023-09-28,1855.9174967042109
Robbie Williams,England,2023-10-02,1808.0643050198319
Robbie Williams,England,2023-10-18,1783.595330895605
Robbie Williams,England,2023-10-25,1879.8761309865292
Robbie Williams,England,2023-10-26,1908.830385776663
Robbie Williams,England,2023-10-26,1853.0028734977361
Robbie Williams,England,2023-11-01,1849.491816287578
Robbie Williams,England,2023-11-06,1816.828524154981
Robbie Williams,England,2023-11-19,1820.1451768071604
Robbie Williams,England,2023-11-20,1823.43069970676
Robbie Williams,England,2023-11-22,1810.058521215109
Robbie Williams,England,2023-12-07,1805.759310954979
Robbie Williams,England,2023-12-08,1785.8455125167247
Robbie Williams,England,2023-12-13,1784.8897350619852
Robbie Williams,England,2023-12-18,1780.9742541356939
Robbie Williams,England,2024-01-22,1741.952008642723
Robbie Williams,England,2024-01-26,1766.4549486241121
Robbie Williams,England,2024-01-30,1721.733293388012
Robbie Williams,England,2024-02-13,1826.3059039208695
Robbie Williams,England,2024-02-14,1799.61083173957
Robbie Williams,England,2024-02-15,1764.0637103391566
Robbie Williams,England,2024-03-18,1860.531184462828
Robbie Williams,England,2024-03-20,1855.4731880689721
Robbie Williams,England,2024-04-14,1830.6772045702896
Robbie Williams,England,2024-04-16,1947.622699597151
Robbie Williams,England,2024-04-24,2099.4453566435086
Robbie Williams,England,2024-06-12,2128.716539916874
Robbie Williams,England,2024-06-12,2071.916495263201
Robbie Williams,England,2024-06-12,1977.71831925449
Robbie Williams,England,2024-07-25,1917.2065262618075
Robbie Williams,England,2024-07-28,1930.0239812396997
Robbie Williams,England,2024-08-03,1937.6825857515125
Robbie Williams,England,2024-09-01,1886.8177609935722
Robbie Williams,England,2024-09-14,1872.285398417146
Robbie Williams,England,2024-09-24,1880.0624191390134
Robbie Williams,England,2024-09-29,1768.0205402195347
Robbie Williams,England,2024-10-01,1778.2906380927939
Robbie Williams,England,2024-10-07,1749.4740268448497
Robbie Williams,England,2024-10-08,1608.463715300747
Robbie Williams,England,2024-10-30,1649.466538177382
Robbie Williams,England,2024-11-03,1666.1044570820968
Robbie Williams,England,2024-11-05,1749.1284214888565
Robbie Williams,England,2024-11-19,1794.272024463324
Robbie Williams,England,2024-12-05,1812.2377540629832
Robbie Williams,England,2024-12-06,1818.4244471333304
Robbie Williams,England,2024-12-07,1832.3134068448494
Robbie Williams,England,2024-12-07,1808.385312477339
Robbie Williams,England,2024-12-11,1893.0951462714293
Robbie Williams,England,2024-12-18,1792.4579114621777
Robbie Williams,England,2024-12-21,1863.1300231002072
Robbie Williams,England,2025-02-05,1868.5939630441906
Robbie Williams,England,2025-02-10,1920.97478371499
Robbie Williams,England,2025-02-12,1896.3263573007418
Robbie Williams,England,2025-02-25,1994.1204464158375
Robbie Williams,England,2025-04-11,2015.893954677373
Robbie Williams,England,2025-04-14,1994.8837899755474
Robbie Williams,England,2025-06-28,1895.0140164817003
Robbie Williams,England,2025-07-12,1969.450685273729
Robbie Williams,England,2025-07-12,1950.371192630843
Robbie Williams,England,2025-07-12,1979.996592439278
Robbie Williams,England,2025-07-19,2017.1704177068298
Robbie Williams,England,2025-07-19,2075.198988673252
Robbie Williams,England,2025-07-19,2001.0457752784664
Robbie Williams,England,2025-08-10,1978.1004265220613
Robbie Williams,England,2025-08-24,1961.3768586239726
Robbie Williams,England,2025-09-01,1971.5931086967332
Robbie Williams,England,2025-09-07,2001.0091979022172
Robbie Williams,England,2025-09-13,2005.7803252891588
Robbie Williams,England,2025-09-15,2122.6527720610165
Robbie Williams,England,2025-09-17,2133.658419059551
Robbie Williams,England,2025-09-18,2184.1501004116526
Robbie Williams,England,2025-10-07,2172.527042757347
Robbie Williams,England,2025-10-17,2143.543056541553
Robbie Williams,England,2025-10-19,2065.5639131701064
Robbie Williams,England,2025-11-02,1897.7520451449232
Robbie Williams,England,2025-11-24,1902.5436633969966
Robbie Williams,England,2025-11-25,1887.1698118353943
Robbie Williams,England,2025-12-16,1935.1664607266755
Robbie Williams,England,2026-01-07,1943.7041446599658
Robbie Williams,England,2026-01-10,2020.7263844182364
Robbie Williams,England,2026-01-27,2084.600761063157
Robbie Williams,England,2026-02-11,2109.6698218345764
Robbie Williams,England,2026-02-23,2217.402345864017
Robbie Williams,England,2026-02-25,2276.1224809789364
Robbie Williams,England,2026-02-26,2262.375016293552
Long Zehuang,China,2023-07-06,1500.0
Long Zehuang,China,2023-07-06,1503.3712791042901
Long Zehuang,China,2023-07-06,1564.0350070713212
Long Zehuang,China,2023-07-06,1566.3022519800252
Long Zehuang,China,2023-07-20,1575.0994563863962
Long Zehuang,China,2023-07-20,1584.4493096660062
Long Zehuang,China,2023-07-20,1577.2721136882742
Long Zehuang,China,2023-07-28,1485.1969814948714
Long Zehuang,China,2023-09-01,1463.050706621914
Long Zehuang,China,2023-09-07,1435.306988941807
Long Zehuang,China,2023-09-18,1545.082409216827
Long Zehuang,China,2023-09-25,1582.3990014417775
Long Zehuang,China,2023-10-17,1485.4652050359439
Long Zehuang,China,2023-11-06,1565.8288177081643
Long Zehuang,China,2023-11-18,1602.9159930921173
Long Zehuang,China,2023-11-20,1614.4241282402345
Long Zehuang,China,2023-12-07,1633.130808667091
Long Zehuang,China,2023-12-08,1648.4244939287732
Long Zehuang,China,2023-12-09,1650.4516584042033
Long Zehuang,China,2023-12-09,1629.3418773463318
Long Zehuang,China,2023-12-11,1708.5869534784974
Long Zehuang,China,2023-12-20,1771.1080540034816
Long Zehuang,China,2024-01-24,1882.0135042416591
Long Zehuang,China,2024-01-26,1851.2366977813192
Long Zehuang,China,2024-02-13,1772.8602814307565
Long Zehuang,China,2024-03-18,1870.6756275638118
Long Zehuang,China,2024-03-20,1946.823731707279
Long Zehuang,China,2024-04-09,1917.9038254075467
Long Zehuang,China,2024-04-12,1646.9118694935341
Long Zehuang,China,2024-06-22,1688.2769073304407
Long Zehuang,China,2024-06-22,1689.2168503737164
Long Zehuang,China,2024-06-22,1705.3822416402334
Long Zehuang,China,2024-06-28,1744.9859370169145
Long Zehuang,China,2024-06-28,1818.615529805335
Long Zehuang,China,2024-06-28,1811.7439103878335
Long Zehuang,China,2024-07-03,1847.4225784733082
Long Zehuang,China,2024-07-03,1858.713541271301
Long Zehuang,China,2024-07-03,1884.2391090913222
Long Zehuang,China,2024-07-27,1996.782251622595
Long Zehuang,China,2024-07-28,2073.969736990067
Long Zehuang,China,2024-08-02,2095.2853109073803
Long Zehuang,China,2024-08-31,1976.6198739372098
Long Zehuang,China,2024-09-14,2002.7289043982082
Long Zehuang,China,2024-09-17,2029.7896822117827
Long Zehuang,China,2024-09-24,1907.175619910838
Long Zehuang,China,2024-09-28,1930.5488552460977
Long Zehuang,China,2024-09-29,1961.8429865174148
Long Zehuang,China,2024-09-30,1915.7444570138312
Long Zehuang,China,2024-10-06,1916.9210579536389
Long Zehuang,China,2024-10-08,1957.6833400440319
Long Zehuang,China,2024-10-09,2017.2938856083508
Long Zehuang,China,2024-10-10,2146.211886409912
Long Zehuang,China,2024-10-11,2197.7125635584653
Long Zehuang,China,2024-10-23,2173.7438917295412
Long Zehuang,China,2024-10-29,2153.1402185284055
Long Zehuang,China,2024-11-17,2181.1579482251536
Long Zehuang,China,2024-11-18,2151.232901340312
Long Zehuang,China,2024-12-04,2149.28705070774
Long Zehuang,China,2024-12-06,2121.134440397346
Long Zehuang,China,2024-12-09,2145.697640412463
Long Zehuang,China,2024-12-11,2171.9646447811256
Long Zehuang,China,2024-12-12,2082.9798475183734
Long Zehuang,China,2024-12-19,2050.9880393168933
Long Zehuang,China,2024-12-20,2037.571413177265
Long Zehuang,China,2025-02-05,1985.3693178851538
Long Zehuang,China,2025-02-24,1999.9262069499346
Long Zehuang,China,2025-04-10,2108.9740082724966
Long Zehuang,China,2025-06-22,2032.8460142329532
Long Zehuang,China,2025-06-28,2089.4484456636997
Long Zehuang,China,2025-07-09,2098.129018375386
Long Zehuang,China,2025-07-09,2179.707862015531
Long Zehuang,China,2025-07-09,2112.7251655679315
Long Zehuang,China,2025-08-09,2106.9891458274374
Long Zehuang,China,2025-08-10,2189.332707106454
Long Zehuang,China,2025-08-11,2218.4830079049234
Long Zehuang,China,2025-08-12,2305.5344817586683
Long Zehuang,China,2025-09-01,2320.660727791102
Long Zehuang,China,2025-09-07,2291.4251680653038
Long Zehuang,China,2025-09-13,2212.0133912049987
Long Zehuang,China,2025-09-23,2170.331141023693
Long Zehuang,China,2025-09-30,2151.420920216148
Long Zehuang,China,2025-10-08,2138.3917461142473
Long Zehuang,China,2025-10-15,2109.30701415186
Long Zehuang,China,2025-10-21,2124.387198071913
Long Zehuang,China,2025-11-24,2156.8803927070394
Long Zehuang,China,2025-11-25,2246.5807626520905
Long Zehuang,China,2025-11-27,2362.919919810001
Long Zehuang,China,2025-12-01,2371.597254659691
Long Zehuang,China,2025-12-10,2359.9469911189894
Long Zehuang,China,2026-01-07,2319.117067569218
Long Zehuang,China,2026-01-10,2313.193657604738
Long Zehuang,China,2026-01-27,2319.588932673932
Long Zehuang,China,2026-02-11,2304.060377583778
Long Zehuang,China,2026-02-24,2387.5260132341573
Daniel Womersley,England,2023-10-09,1500.0
Daniel Womersley,England,2023-10-09,1460.4083596221258
Daniel Womersley,England,2023-11-05,1491.9537547196433
Daniel Womersley,England,2024-04-12,1379.762008944453
Daniel Womersley,England,2024-06-20,1370.8370553801171
Daniel Womersley,England,2024-06-20,1416.5389785498899
Daniel Womersley,England,2024-06-20,1415.1910092400253
Daniel Womersley,England,2024-07-29,1458.833132563549
Daniel Womersley,England,2024-08-02,1397.3726295668903
Daniel Womersley,England,2024-09-28,1466.451049557702
Daniel Womersley,England,2024-09-29,1453.9448648460605
Daniel Womersley,England,2024-09-30,1483.635439432359
Daniel Womersley,England,2024-10-07,1533.9122283604922
Daniel Womersley,England,2024-10-28,1478.6679989912348
Daniel Womersley,England,2024-11-03,1559.1343758580301
Daniel Womersley,England,2024-11-16,1555.1991782623857
Daniel Womersley,England,2024-12-04,1549.3140879061216
Daniel Womersley,England,2025-02-04,1472.4984584952797
Daniel Womersley,England,2025-02-23,1466.8706438285762
Daniel Womersley,England,2025-04-08,1467.4139200977527
Daniel Womersley,England,2025-07-16,1481.858686636206
Daniel Womersley,England,2025-07-16,1505.6862403622526
Daniel Womersley,England,2025-07-16,1525.6059440383153
Daniel Womersley,England,2025-09-22,1544.7571484088817
Daniel Womersley,England,2025-12-11,1525.2525269895102
Musab Sayegh,Saudi Arabia,2025-08-08,1500.0
Musab Sayegh,Saudi Arabia,2025-08-08,1416.911178060896
Harvey Chandler,England,2022-07-11,1500.0
Harvey Chandler,England,2022-07-11,1441.6762743485533
Harvey Chandler,England,2022-07-11,1433.389994321186
Harvey Chandler,England,2022-07-11,1373.8865458885205
Harvey Chandler,England,2024-06-13,1411.7034771527105
Harvey Chandler,England,2024-06-13,1418.4586244179234
Harvey Chandler,England,2024-06-13,1427.7376876381097
Harvey Chandler,England,2024-11-16,1397.4411813410877
Matthew Stevens,Wales,2022-07-12,1500.0
Matthew Stevens,Wales,2022-07-12,1487.992528222204
Matthew Stevens,Wales,2022-07-12,1429.8782633802257
Matthew Stevens,Wales,2022-07-12,1424.4241333203845
Matthew Stevens,Wales,2022-07-24,1454.1756921218682
Matthew Stevens,Wales,2022-08-14,1520.3561290102703
Matthew Stevens,Wales,2022-08-17,1500.026983130596
Matthew Stevens,Wales,2022-08-27,1522.7952591030974
Matthew Stevens,Wales,2022-09-28,1572.567145460065
Matthew Stevens,Wales,2022-09-29,1593.4772186978798
Matthew Stevens,Wales,2022-09-29,1521.8597896965555
Matthew Stevens,Wales,2022-10-12,1507.3551324613675
Matthew Stevens,Wales,2022-11-06,1538.6648453399898
Matthew Stevens,Wales,2022-11-08,1614.9145358279711
Matthew Stevens,Wales,2022-11-09,1684.865395214137
Matthew Stevens,Wales,2022-11-14,1651.5551573697285
Matthew Stevens,Wales,2022-11-24,1643.7725862468758
Matthew Stevens,Wales,2022-11-26,1732.8319985939827
Matthew Stevens,Wales,2022-11-30,1744.753767365337
Matthew Stevens,Wales,2022-12-13,1740.4860209210692
Matthew Stevens,Wales,2023-01-12,1750.982780305186
Matthew Stevens,Wales,2023-01-26,1727.914264676834
Matthew Stevens,Wales,2023-02-02,1678.9895426378832
Matthew Stevens,Wales,2023-02-14,1633.2932246128423
Matthew Stevens,Wales,2023-03-16,1629.3478572706515
Matthew Stevens,Wales,2023-03-20,1631.067944544049
Matthew Stevens,Wales,2023-04-07,1585.6021321582075
Matthew Stevens,Wales,2023-04-10,1564.6017252351394
Matthew Stevens,Wales,2023-04-12,1652.4552944090135
Matthew Stevens,Wales,2023-07-04,1640.8524920011919
Matthew Stevens,Wales,2023-07-04,1639.967950163401
Matthew Stevens,Wales,2023-07-04,1600.9790213950748
Matthew Stevens,Wales,2023-07-20,1623.7834367655066
Matthew Stevens,Wales,2023-07-20,1639.1483804686463
Matthew Stevens,Wales,2023-07-20,1627.8874411595586
Matthew Stevens,Wales,2023-07-26,1641.6732389305184
Matthew Stevens,Wales,2023-08-18,1611.6292736491648
Matthew Stevens,Wales,2023-08-23,1667.512975159218
Matthew Stevens,Wales,2023-09-04,1613.574374887334
Matthew Stevens,Wales,2023-09-19,1620.9436059269322
Matthew Stevens,Wales,2023-09-26,1657.7186789500845
Matthew Stevens,Wales,2023-09-27,1636.90945866355
Matthew Stevens,Wales,2023-10-02,1635.6411737282258
Matthew Stevens,Wales,2023-10-18,1607.2296261227768
Matthew Stevens,Wales,2023-10-25,1676.5812840874273
Matthew Stevens,Wales,2023-11-01,1720.8716173836392
Matthew Stevens,Wales,2023-11-05,1712.549189019148
Matthew Stevens,Wales,2023-11-20,1730.9623071440544
Matthew Stevens,Wales,2023-12-06,1735.981753898114
Matthew Stevens,Wales,2023-12-08,1728.01670262148
Matthew Stevens,Wales,2023-12-12,1798.8250290541341
Matthew Stevens,Wales,2023-12-20,1784.6810789218619
Matthew Stevens,Wales,2024-01-22,1812.2942038096212
Matthew Stevens,Wales,2024-01-25,1869.3918666272743
Matthew Stevens,Wales,2024-01-30,1919.6857027831525
Matthew Stevens,Wales,2024-02-13,1925.8633970575095
Matthew Stevens,Wales,2024-03-19,1906.79662736505
Matthew Stevens,Wales,2024-03-20,1897.6876121675652
Matthew Stevens,Wales,2024-04-13,1861.791654975652
Matthew Stevens,Wales,2024-04-16,1797.0539407803599
Matthew Stevens,Wales,2024-06-12,1884.224804257227
Matthew Stevens,Wales,2024-06-12,1865.5616933639271
Matthew Stevens,Wales,2024-06-12,1848.793575600883
Matthew Stevens,Wales,2024-07-01,1847.957583258524
Matthew Stevens,Wales,2024-07-01,1843.393252490573
Matthew Stevens,Wales,2024-07-01,1878.1202908802486
Matthew Stevens,Wales,2024-07-25,1856.8687235264276
Matthew Stevens,Wales,2024-07-30,1755.5948670861987
Matthew Stevens,Wales,2024-08-03,1689.724212788731
Matthew Stevens,Wales,2024-08-19,1691.7427543510717
Matthew Stevens,Wales,2024-09-01,1728.2123021129014
Matthew Stevens,Wales,2024-09-14,1704.1688185430478
Matthew Stevens,Wales,2024-09-17,1757.8173808744705
Matthew Stevens,Wales,2024-09-29,1827.8096102866327
Matthew Stevens,Wales,2024-10-02,1857.3023087480124
Matthew Stevens,Wales,2024-10-21,1898.5872804493977
Matthew Stevens,Wales,2024-10-30,1846.4178907981118
Matthew Stevens,Wales,2024-11-03,1830.7679233148529
Matthew Stevens,Wales,2024-11-05,1820.2724800892809
Matthew Stevens,Wales,2024-11-18,1799.1935626184302
Matthew Stevens,Wales,2024-11-19,1858.7157239830842
Matthew Stevens,Wales,2024-11-21,1898.0685236208933
Matthew Stevens,Wales,2024-12-04,1912.494974832496
Matthew Stevens,Wales,2024-12-06,1905.3721476740711
Matthew Stevens,Wales,2024-12-19,1824.5259313345543
Matthew Stevens,Wales,2024-12-20,1893.465975259753
Matthew Stevens,Wales,2025-02-06,1889.0962595440312
Matthew Stevens,Wales,2025-02-11,1968.4868057337508
Matthew Stevens,Wales,2025-02-12,2052.819112482132
Matthew Stevens,Wales,2025-02-13,2041.992088257387
Matthew Stevens,Wales,2025-02-23,2007.9630753491072
Matthew Stevens,Wales,2025-04-12,2004.9655304928733
Matthew Stevens,Wales,2025-04-14,2071.356865095849
Matthew Stevens,Wales,2025-04-16,2294.4412610479517
Matthew Stevens,Wales,2025-06-23,2278.5015704967036
Matthew Stevens,Wales,2025-06-27,2270.9776353532984
Matthew Stevens,Wales,2025-07-02,2302.943773155349
Matthew Stevens,Wales,2025-07-02,2257.0349286402684
Matthew Stevens,Wales,2025-07-02,2285.1380738597813
Matthew Stevens,Wales,2025-07-22,2332.110335061711
Matthew Stevens,Wales,2025-07-22,2363.383879702642
Matthew Stevens,Wales,2025-07-22,2390.2652760196383
Matthew Stevens,Wales,2025-08-09,2385.6869707151163
Matthew Stevens,Wales,2025-08-10,2383.589868617405
Matthew Stevens,Wales,2025-08-11,2344.5983813027374
Matthew Stevens,Wales,2025-08-25,2430.4891231164784
Matthew Stevens,Wales,2025-09-02,2441.7596019094094
Matthew Stevens,Wales,2025-09-07,2386.7488388868346
Matthew Stevens,Wales,2025-09-14,2366.7113357370226
Matthew Stevens,Wales,2025-09-24,2362.9218449106984
Matthew Stevens,Wales,2025-10-01,2363.6553001949887
Matthew Stevens,Wales,2025-10-08,2487.8555061008065
Matthew Stevens,Wales,2025-10-09,2473.2558125579026
Matthew Stevens,Wales,2025-10-15,2440.625968050882
Matthew Stevens,Wales,2025-11-03,2539.612677090462
Matthew Stevens,Wales,2025-11-23,2565.341061336827
Matthew Stevens,Wales,2025-11-24,2519.707834033229
Matthew Stevens,Wales,2025-12-10,2502.9197661614244
Matthew Stevens,Wales,2025-12-17,2455.924791783473
Matthew Stevens,Wales,2026-01-06,2464.8838599660007
Matthew Stevens,Wales,2026-01-08,2409.2701846598975
Matthew Stevens,Wales,2026-01-10,2359.661191504192
Matthew Stevens,Wales,2026-02-11,2318.6857979828546
Jackson Page,Wales,2022-07-05,1500.0
Jackson Page,Wales,2022-07-05,1463.0985148717873
Jackson Page,Wales,2022-07-05,1525.3012497790712
Jackson Page,Wales,2022-07-05,1483.6183061226948
Jackson Page,Wales,2022-07-17,1527.039580816573
Jackson Page,Wales,2022-08-09,1499.978623766398
Jackson Page,Wales,2022-08-17,1587.6886521810154
Jackson Page,Wales,2022-08-18,1460.8118241548423
Jackson Page,Wales,2022-08-28,1487.4625177545315
Jackson Page,Wales,2022-10-18,1545.7533851612527
Jackson Page,Wales,2022-11-07,1494.063317933474
Jackson Page,Wales,2022-11-23,1525.311089980447
Jackson Page,Wales,2022-11-24,1564.1363684984244
Jackson Page,Wales,2022-11-28,1520.546995093776
Jackson Page,Wales,2022-12-12,1564.8048855238803
Jackson Page,Wales,2023-01-25,1575.3543286183753
Jackson Page,Wales,2023-01-27,1553.390285456847
Jackson Page,Wales,2023-02-13,1615.0447815764114
Jackson Page,Wales,2023-02-14,1601.574567329723
Jackson Page,Wales,2023-03-17,1597.0317295069926
Jackson Page,Wales,2023-03-19,1705.1753583138905
Jackson Page,Wales,2023-03-20,1724.1777803155687
Jackson Page,Wales,2023-03-21,1605.9158651676921
Jackson Page,Wales,2023-04-07,1632.7922117350486
Jackson Page,Wales,2023-04-10,1696.9318795244553
Jackson Page,Wales,2023-04-12,1709.3099713269107
Jackson Page,Wales,2023-07-06,1748.2883248372548
Jackson Page,Wales,2023-07-06,1723.6743607848696
Jackson Page,Wales,2023-07-06,1714.6167818924355
Jackson Page,Wales,2023-08-17,1654.122761927647
Jackson Page,Wales,2023-08-22,1737.160680882654
Jackson Page,Wales,2023-09-01,1714.2714071168168
Jackson Page,Wales,2023-09-07,1699.1472356696345
Jackson Page,Wales,2023-09-18,1677.384875781419
Jackson Page,Wales,2023-10-04,1709.606063119986
Jackson Page,Wales,2023-10-09,1667.5297197558366
Jackson Page,Wales,2023-10-19,1638.0127806728672
Jackson Page,Wales,2023-10-23,1652.8403514498714
Jackson Page,Wales,2023-10-31,1622.0625985541883
Jackson Page,Wales,2023-11-05,1656.4375619219525
Jackson Page,Wales,2023-11-19,1591.9375183504258
Jackson Page,Wales,2023-12-07,1598.2127921230533
Jackson Page,Wales,2023-12-08,1581.6926601194168
Jackson Page,Wales,2023-12-12,1522.6510473224532
Jackson Page,Wales,2023-12-18,1542.387075558779
Jackson Page,Wales,2024-01-23,1531.6079740348043
Jackson Page,Wales,2024-02-12,1556.369419981343
Jackson Page,Wales,2024-03-19,1729.7996753967677
Jackson Page,Wales,2024-03-20,1756.2883607689669
Jackson Page,Wales,2024-03-21,1985.66853131384
Jackson Page,Wales,2024-03-22,2173.533565026436
Jackson Page,Wales,2024-03-23,2195.179250259806
Jackson Page,Wales,2024-04-15,2216.5866241798226
Jackson Page,Wales,2024-04-17,2186.1865927845174
Jackson Page,Wales,2024-04-25,2164.6374189204817
Jackson Page,Wales,2024-06-14,2181.14743548687
Jackson Page,Wales,2024-06-14,2136.0830288761786
Jackson Page,Wales,2024-06-14,2146.805977062962
Jackson Page,Wales,2024-07-02,2133.933084890782
Jackson Page,Wales,2024-07-02,2132.829407281607
Jackson Page,Wales,2024-07-02,2112.601283239395
Jackson Page,Wales,2024-07-03,2109.5984480176794
Jackson Page,Wales,2024-07-03,2103.6379829181446
Jackson Page,Wales,2024-07-03,2099.8634227902867
Jackson Page,Wales,2024-07-03,2113.1089063633976
Jackson Page,Wales,2024-07-25,2002.022985615945
Jackson Page,Wales,2024-07-30,1963.618986284282
Jackson Page,Wales,2024-08-03,1890.9711061801822
Jackson Page,Wales,2024-09-01,1847.3753648384188
Jackson Page,Wales,2024-09-14,1897.0157403898918
Jackson Page,Wales,2024-09-17,1898.4887860368076
Jackson Page,Wales,2024-09-29,1846.7400391262684
Jackson Page,Wales,2024-10-02,1889.8228262917708
Jackson Page,Wales,2024-10-06,2014.049947581706
Jackson Page,Wales,2024-10-08,1880.0857125551483
Jackson Page,Wales,2024-10-30,1854.958783236336
Jackson Page,Wales,2024-11-04,1956.7772627810425
Jackson Page,Wales,2024-11-05,2033.1780991725157
Jackson Page,Wales,2024-11-06,2193.4660222388425
Jackson Page,Wales,2024-11-07,2284.1199690385074
Jackson Page,Wales,2024-11-18,2239.171112193769
Jackson Page,Wales,2024-11-20,2260.7517765742173
Jackson Page,Wales,2024-11-24,2276.3997180642473
Jackson Page,Wales,2024-12-04,2271.3366770384387
Jackson Page,Wales,2024-12-06,2259.677877535512
Jackson Page,Wales,2024-12-10,2316.996364872799
Jackson Page,Wales,2024-12-11,2337.0901602653653
Jackson Page,Wales,2024-12-19,2323.4087917811516
Jackson Page,Wales,2024-12-20,2309.6982060300898
Jackson Page,Wales,2025-01-10,2248.177627577427
Jackson Page,Wales,2025-01-10,2182.709214046898
Jackson Page,Wales,2025-01-10,2114.9739441452803
Jackson Page,Wales,2025-01-10,2087.916593626421
Jackson Page,Wales,2025-01-11,2098.433523387474
Jackson Page,Wales,2025-01-11,2140.3490201458544
Jackson Page,Wales,2025-01-28,2114.072689581245
Jackson Page,Wales,2025-02-10,2105.9909769615842
Jackson Page,Wales,2025-02-12,2106.159046221813
Jackson Page,Wales,2025-02-13,2129.097788873309
Jackson Page,Wales,2025-02-14,2137.549557377463
Jackson Page,Wales,2025-02-23,2226.8634272366144
Jackson Page,Wales,2025-03-05,2303.396450697609
Jackson Page,Wales,2025-04-14,2351.0295427328792
Jackson Page,Wales,2025-04-16,2489.3199509447545
Jackson Page,Wales,2025-06-24,2473.7127403210256
Jackson Page,Wales,2025-06-25,2498.752702620324
Jackson Page,Wales,2025-07-15,2428.2986073480924
Jackson Page,Wales,2025-07-15,2433.2417161145995
Jackson Page,Wales,2025-07-15,2411.079879532742
Jackson Page,Wales,2025-08-10,2359.00946879604
Jackson Page,Wales,2025-08-24,2486.257916677703
Jackson Page,Wales,2025-08-26,2495.3708063984473
Jackson Page,Wales,2025-09-03,2504.3171986409907
Jackson Page,Wales,2025-09-16,2471.7219269742086
Jackson Page,Wales,2025-09-17,2577.25009282528
Jackson Page,Wales,2025-09-18,2602.523724322863
Jackson Page,Wales,2025-09-19,2670.2864051023544
Jackson Page,Wales,2025-09-23,2601.446047475596
Jackson Page,Wales,2025-10-01,2554.1028895215773
Jackson Page,Wales,2025-10-07,2408.983252021682
Jackson Page,Wales,2025-10-19,2404.0985831158896
Jackson Page,Wales,2025-10-21,2457.400961022379
Jackson Page,Wales,2025-11-24,2363.2806910832796
Jackson Page,Wales,2025-12-11,2358.160527641098
Jackson Page,Wales,2025-12-12,2366.51136819562
Jackson Page,Wales,2025-12-13,2378.570426411616
Jackson Page,Wales,2025-12-13,2388.5336430255115
Jackson Page,Wales,2025-12-13,2375.046758776147
Jackson Page,Wales,2025-12-16,2298.189420787796
Jackson Page,Wales,2026-01-02,2359.535679165383
Jackson Page,Wales,2026-01-02,2384.0446607826966
Jackson Page,Wales,2026-01-02,2420.5118856117924
Jackson Page,Wales,2026-01-02,2424.423582169151
Jackson Page,Wales,2026-01-03,2455.2238338933194
Jackson Page,Wales,2026-01-03,2491.7285980241104
Jackson Page,Wales,2026-01-03,2540.354444973387
Jackson Page,Wales,2026-01-03,2528.381245349406
Jackson Page,Wales,2026-01-04,2489.245039674371
Jackson Page,Wales,2026-01-04,2467.0647614703907
Jackson Page,Wales,2026-01-04,2460.825676900487
Jackson Page,Wales,2026-01-05,2391.8796077045886
Jackson Page,Wales,2026-01-05,2453.192894371134
Jackson Page,Wales,2026-01-05,2454.1690838785653
Jackson Page,Wales,2026-01-08,2361.9401940460325
Jackson Page,Wales,2026-02-24,2416.079931439765
Jackson Page,Wales,2026-02-25,2519.6285868910245
Jackson Page,Wales,2026-02-26,2559.1476705539785
Zhou Jinhao,China,2024-07-15,1500.0
Zhou Jinhao,China,2024-07-15,1643.5087108956877
Zhou Jinhao,China,2024-07-16,1654.5922756145824
Zhou Jinhao,China,2024-08-19,1653.8747438953003
Zhou Jinhao,China,2024-10-06,1625.5488793136062
Zhou Jinhao,China,2024-11-03,1544.7678674186159
Zhou Jinhao,China,2025-02-23,1653.7678248395277
Zhou Jinhao,China,2025-02-24,1645.6073650807366
Zhou Jinhao,China,2025-04-08,1650.7556833610315
Zhou Jinhao,China,2025-07-28,1713.050505459383
Zhou Jinhao,China,2025-08-24,1773.542312838111
Zhou Jinhao,China,2025-10-07,1770.2464956014055
Zhou Jinhao,China,2025-10-07,1811.9332977080187
Zhou Jinhao,China,2025-11-02,1899.1211460128118
Zhou Jinhao,China,2025-11-23,1876.2435064388965
Zhou Jinhao,China,2025-11-24,1872.5889427867332
Zou Pengfei,China,2025-02-23,1500.0
Zou Pengfei,China,2025-02-23,1545.7191682000587
Cao Yupeng,China,2022-07-18,1500.0
Cao Yupeng,China,2022-07-18,1512.992528222204
Cao Yupeng,China,2022-07-18,1524.230991163816
Cao Yupeng,China,2022-07-18,1481.7911845716492
Cao Yupeng,China,2022-07-23,1472.470215277361
Cao Yupeng,China,2022-08-13,1479.6496432322595
Cao Yupeng,China,2022-08-23,1417.9016430429785
Cao Yupeng,China,2022-09-27,1485.4102664436873
Cao Yupeng,China,2022-09-28,1473.157546233645
Cao Yupeng,China,2022-10-13,1518.754452244572
Cao Yupeng,China,2022-10-28,1533.4450470166996
Cao Yupeng,China,2022-11-07,1649.7253472074146
Cao Yupeng,China,2022-11-08,1590.2375555315523
Cao Yupeng,China,2022-11-25,1604.3060695968668
Cao Yupeng,China,2022-11-26,1634.0648503351777
Cao Yupeng,China,2022-11-30,1615.1893771575774
Cao Yupeng,China,2022-12-13,1663.8959965502509
Cao Yupeng,China,2023-01-13,1704.6478367773843
Cao Yupeng,China,2023-01-25,1705.432822424016
Cao Yupeng,China,2023-01-27,1705.2613689748366
Cao Yupeng,China,2023-01-28,1690.6580602455247
Cao Yupeng,China,2023-02-02,1664.8455007613825
Cao Yupeng,China,2023-02-14,1733.8605896161077
Cao Yupeng,China,2023-02-16,1665.9179233470475
Cao Yupeng,China,2023-03-17,1636.3730139897016
Cao Yupeng,China,2023-03-19,1631.9871076843485
Cao Yupeng,China,2023-03-21,1624.2158822843671
Cao Yupeng,China,2023-04-08,1625.8241017994947
Cao Yupeng,China,2023-04-11,1631.9860709880443
Cao Yupeng,China,2023-07-13,1687.6197997312238
Cao Yupeng,China,2023-07-13,1705.182126948974
Cao Yupeng,China,2023-07-13,1726.6238069419514
Cao Yupeng,China,2023-07-20,1730.8256762590547
Cao Yupeng,China,2023-07-20,1764.840432033848
Cao Yupeng,China,2023-07-20,1771.4449939097433
Cao Yupeng,China,2023-07-21,1757.935596479271
Cao Yupeng,China,2023-07-21,1699.6181924095106
Cao Yupeng,China,2023-07-21,1645.7293677253012
Cao Yupeng,China,2023-07-26,1637.30440415824
Cao Yupeng,China,2023-08-17,1585.0409068030633
Cao Yupeng,China,2023-09-02,1605.0613211363068
Cao Yupeng,China,2023-09-07,1653.3139873994373
Cao Yupeng,China,2023-09-19,1682.0524901961367
Cao Yupeng,China,2023-10-03,1772.5158184344557
Cao Yupeng,China,2023-10-04,1744.0724250795374
Cao Yupeng,China,2023-10-09,1645.992735612689
Cao Yupeng,China,2023-10-22,1707.3738663550137
Cao Yupeng,China,2023-10-23,1729.0687874088671
Cao Yupeng,China,2023-10-30,1757.1361940232207
Cao Yupeng,China,2023-11-05,1641.4336473115616
Cao Yupeng,China,2023-11-21,1610.8403521415225
Cao Yupeng,China,2023-12-06,1613.958409358825
Cao Yupeng,China,2023-12-08,1622.176935574896
Cao Yupeng,China,2023-12-09,1639.8974400835807
Cao Yupeng,China,2023-12-09,1648.0253823307935
Cao Yupeng,China,2023-12-09,1659.0104178847969
Cao Yupeng,China,2023-12-09,1674.7441044406066
Cao Yupeng,China,2023-12-09,1669.583052343185
Cao Yupeng,China,2023-12-12,1602.4756897880554
Cao Yupeng,China,2023-12-20,1557.9344786058775
Cao Yupeng,China,2024-01-16,1663.8224153472675
Cao Yupeng,China,2024-01-17,1763.424504689913
Cao Yupeng,China,2024-01-18,1912.5640113745123
Cao Yupeng,China,2024-01-19,1917.5074116055684
Cao Yupeng,China,2024-01-24,1979.3011450091628
Cao Yupeng,China,2024-02-12,2012.7729351468474
Cao Yupeng,China,2024-03-19,2082.3787509173108
Cao Yupeng,China,2024-03-20,2050.0403655058394
Cao Yupeng,China,2024-04-15,2046.340689456949
Cao Yupeng,China,2024-04-17,2036.8683609709735
Wu Yize,China,2022-07-14,1500.0
Wu Yize,China,2022-07-14,1512.992528222204
Wu Yize,China,2022-07-14,1549.0101825442134
Wu Yize,China,2022-07-14,1583.379212517342
Wu Yize,China,2022-07-16,1621.10951908916
Wu Yize,China,2022-08-16,1722.0211860131415
Wu Yize,China,2022-08-18,1716.1683955491037
Wu Yize,China,2022-08-19,1731.1567202231847
Wu Yize,China,2022-08-19,1698.0464718297953
Wu Yize,China,2022-08-24,1686.714096932394
Wu Yize,China,2022-09-26,1599.9469364041267
Wu Yize,China,2022-10-12,1541.8088129365478
Wu Yize,China,2022-10-25,1547.4594200255167
Wu Yize,China,2022-11-06,1530.0394234150913
Wu Yize,China,2022-11-08,1613.0862292168788
Wu Yize,China,2022-11-09,1634.7204365024782
Wu Yize,China,2022-11-21,1568.2284854216466
Wu Yize,China,2022-12-13,1601.8183360527958
Wu Yize,China,2022-12-14,1583.0065815725186
Wu Yize,China,2023-01-13,1636.1963994499035
Wu Yize,China,2023-01-26,1614.9387938484897
Wu Yize,China,2023-02-15,1594.5661605480586
Wu Yize,China,2023-03-17,1598.4464681670795
Wu Yize,China,2023-03-19,1593.8929102761258
Wu Yize,China,2023-04-06,1624.0644944533722
Wu Yize,China,2023-04-09,1708.7665026589161
Wu Yize,China,2023-04-11,1822.8900780483139
Wu Yize,China,2023-04-16,1694.5585402193378
Wu Yize,China,2023-07-06,1733.4374038437754
Wu Yize,China,2023-07-06,1694.9323194215285
Wu Yize,China,2023-07-06,1673.7652744812733
Wu Yize,China,2023-08-18,1655.450722585987
Wu Yize,China,2023-08-22,1759.2251990028276
Wu Yize,China,2023-08-24,1701.9370348648004
Wu Yize,China,2023-09-01,1670.4507738697132
Wu Yize,China,2023-09-06,1680.1402374125728
Wu Yize,China,2023-09-18,1588.716568100324
Wu Yize,China,2023-09-26,1611.932199665276
Wu Yize,China,2023-10-03,1616.9215144850432
Wu Yize,China,2023-10-09,1631.0080072251096
Wu Yize,China,2023-10-11,1679.3099987946325
Wu Yize,China,2023-10-12,1717.3800908262372
Wu Yize,China,2023-10-13,1719.2954669619746
Wu Yize,China,2023-10-14,1703.9449821008325
Wu Yize,China,2023-10-22,1687.6848808617785
Wu Yize,China,2023-11-02,1567.115145271719
Wu Yize,China,2023-11-20,1568.4915260423172
Wu Yize,China,2023-11-22,1641.978312655792
Wu Yize,China,2023-12-07,1624.5506776482573
Wu Yize,China,2023-12-21,1520.4782060810576
Wu Yize,China,2024-01-16,1583.4813871710883
Wu Yize,China,2024-01-24,1634.1308549353002
Wu Yize,China,2024-01-27,1611.5215059558882
Wu Yize,China,2024-02-14,1627.0545626512928
Wu Yize,China,2024-03-19,1740.219740202074
Wu Yize,China,2024-03-20,1715.3546956413234
Wu Yize,China,2024-04-15,1749.3503728662658
Wu Yize,China,2024-04-17,1764.0639482246338
Wu Yize,China,2024-06-18,1811.0031901937384
Wu Yize,China,2024-06-18,1827.6323743690623
Wu Yize,China,2024-06-18,1894.363281103778
Wu Yize,China,2024-06-29,1906.2649808442568
Wu Yize,China,2024-06-29,1981.0058028287738
Wu Yize,China,2024-06-29,1948.9113920548211
Wu Yize,China,2024-06-29,1986.9363474161612
Wu Yize,China,2024-07-26,1975.37877323469
Wu Yize,China,2024-07-29,1964.966511606909
Wu Yize,China,2024-08-03,1983.7210474531464
Wu Yize,China,2024-09-01,1964.6545330619283
Wu Yize,China,2024-09-02,1970.6309573478134
Wu Yize,China,2024-09-03,2040.633776140305
Wu Yize,China,2024-09-13,2063.1458327326754
Wu Yize,China,2024-09-16,2105.797116608145
Wu Yize,China,2024-09-18,2194.6962596083767
Wu Yize,China,2024-09-19,2263.6341698165675
Wu Yize,China,2024-09-20,2366.5972142300598
Wu Yize,China,2024-09-21,2350.2250751309057
Wu Yize,China,2024-09-22,2507.122319235454
Wu Yize,China,2024-09-24,2437.9961148278185
Wu Yize,China,2024-09-30,2416.0509929362706
Wu Yize,China,2024-10-07,2377.722641685004
Wu Yize,China,2024-10-08,2413.858536748371
Wu Yize,China,2024-10-09,2309.070936483188
Wu Yize,China,2024-10-22,2233.9895898140667
Wu Yize,China,2024-11-04,2262.3094548297804
Wu Yize,China,2024-11-05,2356.0500921918956
Wu Yize,China,2024-11-19,2384.2269373771564
Wu Yize,China,2024-11-20,2363.0097650020334
Wu Yize,China,2024-11-24,2384.9981261162175
Wu Yize,China,2024-11-27,2417.6527559796987
Wu Yize,China,2024-12-04,2412.7533389209416
Wu Yize,China,2024-12-06,2412.0452250905305
Wu Yize,China,2024-12-07,2407.0825124530515
Wu Yize,China,2024-12-07,2412.1177051181107
Wu Yize,China,2024-12-07,2432.908714682373
Wu Yize,China,2024-12-07,2406.9270081089135
Wu Yize,China,2024-12-09,2400.636207202817
Wu Yize,China,2024-12-11,2423.652608336646
Wu Yize,China,2024-12-12,2479.0236876642875
Wu Yize,China,2024-12-13,2541.476099517617
Wu Yize,China,2024-12-14,2594.853990138146
Wu Yize,China,2024-12-15,2430.198051327139
Wu Yize,China,2024-12-20,2416.049379223028
Wu Yize,China,2025-01-28,2436.5906644329916
Wu Yize,China,2025-01-29,2550.1746904986185
Wu Yize,China,2025-01-30,2612.676994932261
Wu Yize,China,2025-01-31,2648.076250997226
Wu Yize,China,2025-02-11,2616.816183072238
Wu Yize,China,2025-02-12,2537.48021555315
Wu Yize,China,2025-02-23,2577.4254612967475
Wu Yize,China,2025-02-25,2590.1397010371434
Wu Yize,China,2025-03-04,2616.642941617837
Wu Yize,China,2025-03-06,2593.74413676858
Wu Yize,China,2025-03-19,2659.748161831501
Wu Yize,China,2025-04-01,2814.3552218991067
Wu Yize,China,2025-04-14,2861.053190179801
Wu Yize,China,2025-04-16,2957.745279807472
Wu Yize,China,2025-04-20,2931.3412735622787
Wu Yize,China,2025-06-22,2818.921227776288
Wu Yize,China,2025-07-03,2797.0060047643724
Wu Yize,China,2025-07-03,2772.5185565720026
Wu Yize,China,2025-07-03,2774.29791152526
Wu Yize,China,2025-07-22,2775.490589230735
Wu Yize,China,2025-07-22,2735.8302696299124
Wu Yize,China,2025-07-22,2694.433317550491
Wu Yize,China,2025-07-28,2726.3018734934167
Wu Yize,China,2025-08-10,2743.8748106979424
Wu Yize,China,2025-08-11,2833.29220211756
Wu Yize,China,2025-08-12,2795.246787047443
Wu Yize,China,2025-09-01,2804.2260045803005
Wu Yize,China,2025-09-15,2796.531394765756
Wu Yize,China,2025-09-17,2844.5517047870567
Wu Yize,China,2025-09-18,2853.4267909224327
Wu Yize,China,2025-09-22,2845.975444217401
Wu Yize,China,2025-09-24,2890.9024538112376
Wu Yize,China,2025-10-01,2891.632390227936
Wu Yize,China,2025-10-08,2975.8687077729364
Wu Yize,China,2025-10-09,3081.1823346935757
Wu Yize,China,2025-10-19,3073.3558661906886
Wu Yize,China,2025-10-22,3018.1321077891853
Wu Yize,China,2025-11-02,3093.8759343216107
Wu Yize,China,2025-11-04,3119.8756629006657
Wu Yize,China,2025-11-05,3270.967902439743
Wu Yize,China,2025-11-06,3359.937423850632
Wu Yize,China,2025-11-07,3373.2711138994423
Wu Yize,China,2025-11-09,3481.7052069866045
Wu Yize,China,2025-11-30,3507.4335444876438
Wu Yize,China,2025-12-03,3350.1571746367827
Wu Yize,China,2025-12-11,3367.230638741235
Wu Yize,China,2025-12-12,3338.6190367511654
Wu Yize,China,2025-12-15,3330.799301407672
Wu Yize,China,2025-12-17,3347.955383186704
Wu Yize,China,2025-12-18,3268.756946424943
Wu Yize,China,2026-01-11,3330.1503472337454
Wu Yize,China,2026-01-16,3404.160815766274
Wu Yize,China,2026-01-17,3417.1530768550033
Wu Yize,China,2026-01-19,3426.416086583207
Wu Yize,China,2026-01-19,3397.542875984537
Wu Yize,China,2026-01-19,3403.3439363434613
Wu Yize,China,2026-01-20,3430.609852213822
Wu Yize,China,2026-01-20,3438.121740117323
Wu Yize,China,2026-01-20,3391.4874169757018
Wu Yize,China,2026-01-20,3357.0412837460726
Wu Yize,China,2026-01-21,3400.5873141573607
Wu Yize,China,2026-01-21,3427.0070686924637
Wu Yize,China,2026-01-21,3435.2761535608697
Wu Yize,China,2026-01-22,3439.7335558145355
Wu Yize,China,2026-01-22,3439.9566851675017
Wu Yize,China,2026-01-22,3418.141764620691
Wu Yize,China,2026-01-22,3452.4466326411084
Wu Yize,China,2026-01-22,3502.6744482250488
Wu Yize,China,2026-02-03,3561.639294093439
Wu Yize,China,2026-02-05,3571.9359014444503
Wu Yize,China,2026-02-06,3488.779120128999
Wu Yize,China,2026-02-10,3512.9715913969862
Wu Yize,China,2026-02-10,3564.488043267442
Wu Yize,China,2026-02-10,3541.842480655544
Wu Yize,China,2026-02-11,3543.184834180855
Wu Yize,China,2026-02-11,3571.048878554961
Wu Yize,China,2026-02-11,3476.8929648676913
Wu Yize,China,2026-02-11,3531.3885842861173
Wu Yize,China,2026-02-11,3533.7339265644846
Wu Yize,China,2026-02-12,3542.674607693513
Wu Yize,China,2026-02-17,3447.4546532195823
Wu Yize,China,2026-02-23,3489.6139446551033
Wu Yize,China,2026-02-25,3482.067447631539
Wu Yize,China,2026-02-26,3549.2268554109974
Wu Yize,China,2026-02-27,3583.257601935349
Wu Yize,China,2026-02-28,3586.7389190868194
Gary Thomson,Scotland,2025-07-17,1500.0
Gary Thomson,Scotland,2025-07-17,1510.8654310354389
Gary Thomson,Scotland,2025-07-17,1497.9156953281245
Gary Thomson,Scotland,2025-07-17,1469.1343923579964
Gary Thomson,Scotland,2025-12-11,1466.0425753215886
Bai Langning,China,2022-09-26,1500.0
Bai Langning,China,2022-09-26,1469.8749972395483
Bai Langning,China,2022-10-28,1391.3003800082122
Bai Langning,China,2022-11-06,1328.9192004363665
Bai Langning,China,2022-11-22,1322.8768389998022
Bai Langning,China,2022-11-28,1296.7874846390682
Cao Jin,China,2024-07-16,1500.0
Cao Jin,China,2024-07-16,1632.828038068875
Cao Jin,China,2024-07-17,1633.35866186402
Cao Jin,China,2024-08-19,1525.6562127460138
Cao Jin,China,2025-02-23,1556.0813438846776
Steven Hallworth,England,2022-06-29,1500.0
Steven Hallworth,England,2022-06-29,1442.7966173946586
Steven Hallworth,England,2022-06-29,1457.3869466793403
Steven Hallworth,England,2022-06-29,1405.6330893523568
Steven Hallworth,England,2022-07-22,1446.6424605605346
Steven Hallworth,England,2022-08-09,1462.4024845452
Steven Hallworth,England,2022-08-16,1401.510506241212
Steven Hallworth,England,2022-08-27,1386.7708745332188
Steven Hallworth,England,2022-09-27,1448.198586986966
Steven Hallworth,England,2022-09-28,1518.7297305134146
Steven Hallworth,England,2022-09-29,1549.587359283463
Steven Hallworth,England,2023-01-12,1530.9157159208733
Steven Hallworth,England,2023-01-26,1534.1766225861227
Steven Hallworth,England,2023-01-27,1520.4381195686512
Steven Hallworth,England,2023-03-17,1569.8061471426608
Steven Hallworth,England,2023-03-19,1532.8152890158324
Steven Hallworth,England,2023-04-03,1470.1914467494441
Steven Hallworth,England,2023-07-13,1428.0249144399372
Steven Hallworth,England,2023-07-13,1396.7166717458447
Steven Hallworth,England,2023-07-13,1360.5231759517085
Steven Hallworth,England,2023-08-22,1399.8580333719842
Steven Hallworth,England,2023-09-25,1345.5104405328395
Steven Hallworth,England,2023-12-07,1360.144917912656
Steven Hallworth,England,2023-12-08,1372.7733882494451
Steven Hallworth,England,2023-12-09,1385.7030789257087
Steven Hallworth,England,2023-12-09,1398.9188318411175
Steven Hallworth,England,2023-12-09,1412.3536278991203
Steven Hallworth,England,2023-12-09,1409.4830844871917
Steven Hallworth,England,2024-06-27,1398.265193495477
Steven Hallworth,England,2024-06-27,1383.6876567602258
Steven Hallworth,England,2024-06-27,1413.5337959682354
Steven Hallworth,England,2024-11-17,1429.3550244701303
Steven Hallworth,England,2025-04-08,1585.989321287343
Steven Hallworth,England,2025-04-11,1619.608083578218
Steven Hallworth,England,2025-06-23,1633.4924694363222
Steven Hallworth,England,2025-06-26,1593.858284298848
Steven Hallworth,England,2025-07-03,1648.9974785255308
Steven Hallworth,England,2025-07-03,1652.4175762137365
Steven Hallworth,England,2025-07-03,1588.3689093931782
Steven Hallworth,England,2025-08-08,1572.0673352373858
Steven Hallworth,England,2025-08-09,1630.588932442734
Steven Hallworth,England,2025-08-10,1758.9873909506948
Steven Hallworth,England,2025-08-11,1847.4072691847423
Steven Hallworth,England,2025-08-12,1843.8090452976173
Steven Hallworth,England,2025-09-02,1781.3243333925607
Steven Hallworth,England,2025-09-05,1867.1870442587215
Steven Hallworth,England,2025-09-07,1982.2903780939314
Steven Hallworth,England,2025-09-12,1933.9825901721738
Steven Hallworth,England,2025-09-30,1924.4487371280165
Steven Hallworth,England,2025-10-16,1920.6139763418041
Steven Hallworth,England,2025-10-19,1883.7334201081671
Steven Hallworth,England,2025-11-22,1863.7109761253805
Steven Hallworth,England,2025-11-23,1961.7806281727421
Steven Hallworth,England,2025-11-25,2056.539674854901
Steven Hallworth,England,2025-12-11,2039.9584167111088
Steven Hallworth,England,2025-12-16,2024.3675421913424
Steven Hallworth,England,2026-01-05,1951.9234237710757
Steven Hallworth,England,2026-01-09,1915.7315812040963
Steven Hallworth,England,2026-02-11,1999.3013997858584
Joe Perry,England,2022-07-07,1500.0
Joe Perry,England,2022-07-07,1463.9962641111022
Joe Perry,England,2022-07-07,1501.1213456475305
Joe Perry,England,2022-07-07,1488.1997604784692
Joe Perry,England,2022-07-16,1444.3442948180173
Joe Perry,England,2022-08-27,1454.002724279588
Joe Perry,England,2022-09-26,1481.5945307252198
Joe Perry,England,2022-09-28,1426.1359558479498
Joe Perry,England,2022-10-11,1477.8674182444686
Joe Perry,England,2022-10-18,1391.9130694562432
Joe Perry,England,2022-10-28,1338.4998170002748
Joe Perry,England,2022-11-02,1356.343127088344
Joe Perry,England,2022-11-08,1390.3521603622125
Joe Perry,England,2022-11-10,1525.5167098837126
Joe Perry,England,2022-11-13,1627.6929973033969
Joe Perry,England,2022-11-17,1699.8620638014334
Joe Perry,England,2022-11-18,1706.5257938661302
Joe Perry,England,2022-11-24,1722.6869100860436
Joe Perry,England,2022-11-25,1734.2639340420558
Joe Perry,England,2022-11-29,1712.6363767175937
Joe Perry,England,2022-11-30,1639.342514409323
Joe Perry,England,2023-01-18,1586.3433647937363
Joe Perry,England,2023-01-25,1597.3424794683428
Joe Perry,England,2023-01-27,1606.2308533620517
Joe Perry,England,2023-01-28,1588.9052310088105
Joe Perry,England,2023-02-02,1601.793808702164
Joe Perry,England,2023-02-09,1563.7913297485784
Joe Perry,England,2023-02-09,1618.2682286675777
Joe Perry,England,2023-02-09,1566.057662323419
Joe Perry,England,2023-02-10,1599.033545499146
Joe Perry,England,2023-02-10,1606.3356557932532
Joe Perry,England,2023-02-10,1631.3964275171845
Joe Perry,England,2023-02-13,1609.376895031135
Joe Perry,England,2023-02-14,1653.4473978933747
Joe Perry,England,2023-02-15,1572.264318577713
Joe Perry,England,2023-03-17,1555.2004156574794
Joe Perry,England,2023-03-19,1522.788096759274
Joe Perry,England,2023-04-10,1593.7453652122163
Joe Perry,England,2023-04-12,1611.0699169373781
Joe Perry,England,2023-04-20,1726.3210892988607
Joe Perry,England,2023-07-11,1741.5115307297026
Joe Perry,England,2023-07-11,1723.7540632914217
Joe Perry,England,2023-07-11,1686.2131569748317
Joe Perry,England,2023-07-20,1629.590797693314
Joe Perry,England,2023-07-20,1646.164588460127
Joe Perry,England,2023-07-20,1683.8512611237538
Joe Perry,England,2023-07-25,1671.5530362061966
Joe Perry,England,2023-08-18,1608.2777231104606
Joe Perry,England,2023-08-22,1528.3379937025159
Joe Perry,England,2023-09-02,1378.7503043771262
Joe Perry,England,2023-09-06,1331.3312178163687
Joe Perry,England,2023-09-19,1360.9060584309564
Joe Perry,England,2023-10-19,1437.1936719962966
Joe Perry,England,2023-10-24,1518.9765304915381
Joe Perry,England,2023-10-26,1619.6181614096424
Joe Perry,England,2023-10-26,1639.0817386297854
Joe Perry,England,2023-11-01,1638.6888888138428
Joe Perry,England,2023-11-21,1618.3769085005208
Joe Perry,England,2023-11-23,1620.6562313256054
Joe Perry,England,2023-12-06,1601.0112072626066
Joe Perry,England,2023-12-22,1588.8649305872486
Joe Perry,England,2024-01-22,1618.4904885004344
Joe Perry,England,2024-01-27,1593.1762382895165
Joe Perry,England,2024-01-30,1633.755244015183
Joe Perry,England,2024-02-01,1584.878083229347
Joe Perry,England,2024-02-09,1588.142350734852
Joe Perry,England,2024-02-09,1628.0947575322625
Joe Perry,England,2024-02-09,1612.596213271631
Joe Perry,England,2024-02-09,1620.0967133415186
Joe Perry,England,2024-02-10,1698.571116329306
Joe Perry,England,2024-02-10,1654.985204776753
Joe Perry,England,2024-03-18,1673.619795852149
Joe Perry,England,2024-03-20,1711.8155810709573
Joe Perry,England,2024-04-15,1625.359530580198
Joe Perry,England,2024-06-24,1688.4959788064014
Joe Perry,England,2024-06-24,1687.4276516031075
Joe Perry,England,2024-06-24,1693.121215535782
Joe Perry,England,2024-07-26,1679.8029305602379
Joe Perry,England,2024-07-29,1626.8783769299073
Joe Perry,England,2024-07-31,1668.0335827125534
Joe Perry,England,2024-08-19,1710.2277403498824
Joe Perry,England,2024-09-01,1650.7400409085496
Joe Perry,England,2024-09-14,1659.674716894569
Joe Perry,England,2024-09-16,1663.2276777552686
Joe Perry,England,2024-09-29,1663.6055053811544
Joe Perry,England,2024-10-02,1634.7143452041014
Joe Perry,England,2024-10-29,1627.9643597206602
Joe Perry,England,2024-11-04,1651.5682328319149
Joe Perry,England,2024-11-18,1664.2805696915823
Joe Perry,England,2024-11-19,1737.1001273296679
Joe Perry,England,2024-12-04,1721.6274090338798
Joe Perry,England,2024-12-19,1738.2283430557015
Joe Perry,England,2024-12-20,1736.4507835601462
Joe Perry,England,2025-02-06,1732.101269730211
Joe Perry,England,2025-02-24,1793.8622305712368
Joe Perry,England,2025-04-10,1884.259809407326
Joe Perry,England,2025-04-12,1938.0614713151779
Lewis Ullah,England,2022-11-05,1500.0
Lewis Ullah,England,2022-11-05,1341.7753300309494
Lewis Ullah,England,2022-12-12,1280.74246367975
Lewis Ullah,England,2024-09-23,1272.905699747563
Lewis Ullah,England,2024-09-25,1221.4923114070489
Lewis Ullah,England,2024-11-16,1252.2553917638672
Lewis Ullah,England,2024-12-05,1265.2267970942744
Lewis Ullah,England,2024-12-06,1260.389847924036
Ayman Alamri,Saudi Arabia,2024-08-30,1500.0
Ayman Alamri,Saudi Arabia,2024-08-30,1385.4741253872157
Ayman Alamri,Saudi Arabia,2025-08-09,1358.7905467599246
Ayman Alamri,Saudi Arabia,2025-11-19,1356.828243727463
Han Fuyuan,China,2025-07-28,1500.0
Han Fuyuan,China,2025-07-28,1494.1522685868506
Joel Connolly Jnr,Northern Ireland,2022-10-16,1500.0
Joel Connolly Jnr,Northern Ireland,2022-10-16,1400.4863969718501
Joel Connolly Jnr,Northern Ireland,2022-11-05,1293.5557191409632
Joel Connolly Jnr,Northern Ireland,2023-10-22,1287.3163292590705
Joel Connolly Jnr,Northern Ireland,2023-11-19,1156.134747871845
Joel Connolly Jnr,Northern Ireland,2023-12-06,1144.9280921122133
Joel Connolly Jnr,Northern Ireland,2024-09-28,1231.2587360483622
Joel Connolly Jnr,Northern Ireland,2024-09-29,1208.0889719074755
Joel Connolly Jnr,Northern Ireland,2024-12-04,1203.1209091631433
Joel Connolly Jnr,Northern Ireland,2025-09-04,1213.0120449830483
Joel Connolly Jnr,Northern Ireland,2025-12-10,1208.620979847373
Adam Duffy,England,2022-06-29,1500.0
Adam Duffy,England,2022-06-29,1440.9017462979045
Adam Duffy,England,2022-06-29,1430.0291462474313
Adam Duffy,England,2022-06-29,1395.738258774316
Adam Duffy,England,2022-07-17,1307.0526429124557
Adam Duffy,England,2022-08-10,1267.0177307368592
Adam Duffy,England,2022-08-27,1210.0236410999235
Adam Duffy,England,2022-10-12,1179.6075576684118
Adam Duffy,England,2022-10-27,1169.4107885159785
Adam Duffy,England,2022-11-05,1232.199648365954
Adam Duffy,England,2022-11-25,1214.7428061944704
Adam Duffy,England,2022-11-26,1246.4253542312492
Adam Duffy,England,2023-01-12,1261.254299960598
Adam Duffy,England,2023-01-25,1272.2512084414132
Adam Duffy,England,2023-01-27,1267.1063867997705
Adam Duffy,England,2023-03-18,1199.7389982408229
Adam Duffy,England,2023-04-04,1315.5678410702776
Adam Duffy,England,2023-04-06,1349.6683676427435
Adam Duffy,England,2023-06-26,1360.8950843359564
Adam Duffy,England,2023-06-26,1333.7256633476547
Adam Duffy,England,2023-06-26,1285.4815935702045
Adam Duffy,England,2023-07-29,1310.136044366918
Adam Duffy,England,2023-08-15,1251.284708681883
Adam Duffy,England,2023-08-23,1266.4603702571667
Adam Duffy,England,2023-09-03,1248.3599502190364
Adam Duffy,England,2023-09-07,1227.8318356484415
Adam Duffy,England,2023-09-21,1279.6049306951072
Adam Duffy,England,2023-10-03,1319.9723912287643
Adam Duffy,England,2023-10-18,1296.8827353738973
Adam Duffy,England,2023-10-31,1281.0847653464298
Adam Duffy,England,2023-11-18,1176.4759349948501
Adam Duffy,England,2023-12-07,1166.198361073157
Adam Duffy,England,2023-12-18,1170.0670499657615
Adam Duffy,England,2024-01-24,1281.7894020222761
Adam Duffy,England,2024-01-26,1368.4072244350873
Adam Duffy,England,2024-02-13,1414.978967508764
Adam Duffy,England,2024-02-14,1419.1625632645962
Adam Duffy,England,2024-04-09,1342.3678541015781
Adam Duffy,England,2024-04-11,1326.6535933506868
Iulian Boiko,Ukraine,2023-04-04,1500.0
Iulian Boiko,Ukraine,2023-04-04,1502.3354886644581
Iulian Boiko,Ukraine,2023-04-06,1507.798793238393
Iulian Boiko,Ukraine,2023-04-09,1548.4840018379339
Iulian Boiko,Ukraine,2023-07-26,1537.7780157592263
Iulian Boiko,Ukraine,2023-11-19,1587.09390658793
Iulian Boiko,Ukraine,2023-11-20,1591.5205451612687
Iulian Boiko,Ukraine,2023-12-06,1606.0199328699464
Iulian Boiko,Ukraine,2023-12-08,1618.0397031657376
Iulian Boiko,Ukraine,2023-12-09,1624.2212074342835
Iulian Boiko,Ukraine,2023-12-09,1609.110005745785
Iulian Boiko,Ukraine,2023-12-11,1587.0815035538149
Iulian Boiko,Ukraine,2023-12-18,1583.6072512021994
Iulian Boiko,Ukraine,2024-01-22,1596.2335634872336
Iulian Boiko,Ukraine,2024-01-27,1654.5079037705593
Iulian Boiko,Ukraine,2024-02-13,1693.3513940128348
Iulian Boiko,Ukraine,2024-04-09,1384.0455627977371
Iulian Boiko,Ukraine,2024-06-14,1444.6511055236303
Iulian Boiko,Ukraine,2024-06-14,1485.7286954929382
Iulian Boiko,Ukraine,2024-06-14,1464.9204174157267
Iulian Boiko,Ukraine,2024-07-25,1472.5455110607477
Iulian Boiko,Ukraine,2024-07-29,1496.434416137387
Iulian Boiko,Ukraine,2024-07-31,1473.8809424507608
Iulian Boiko,Ukraine,2024-08-30,1454.941143210647
Iulian Boiko,Ukraine,2024-09-13,1496.381122001701
Iulian Boiko,Ukraine,2024-09-24,1603.364658584404
Iulian Boiko,Ukraine,2024-09-25,1634.5832242996187
Iulian Boiko,Ukraine,2024-09-28,1616.9102517223873
Iulian Boiko,Ukraine,2024-09-30,1631.4632189726597
Iulian Boiko,Ukraine,2024-10-06,1632.3385330549029
Iulian Boiko,Ukraine,2024-10-28,1648.2601446742729
Iulian Boiko,Ukraine,2024-11-16,1755.5930165388675
Iulian Boiko,Ukraine,2024-11-17,1677.6732323776616
Iulian Boiko,Ukraine,2024-12-05,1698.9562957474086
Iulian Boiko,Ukraine,2024-12-06,1680.9313307150103
Iulian Boiko,Ukraine,2024-12-18,1795.9531549310827
Iulian Boiko,Ukraine,2024-12-19,1730.7957767290065
Iulian Boiko,Ukraine,2024-12-22,1774.7247690680858
Iulian Boiko,Ukraine,2025-02-04,1724.6138522680014
Iulian Boiko,Ukraine,2025-04-08,1737.6931053895657
Iulian Boiko,Ukraine,2025-04-11,1780.3672707989213
Iulian Boiko,Ukraine,2025-04-14,1875.1474927606555
Iulian Boiko,Ukraine,2025-06-27,1875.535337380358
Iulian Boiko,Ukraine,2025-07-12,1878.005723942352
Iulian Boiko,Ukraine,2025-07-12,1897.548165056675
Iulian Boiko,Ukraine,2025-07-12,1879.5891686238015
Iulian Boiko,Ukraine,2025-08-08,1865.0246084410583
Iulian Boiko,Ukraine,2025-08-09,1941.2880519608768
Iulian Boiko,Ukraine,2025-08-10,1997.9269023382749
Iulian Boiko,Ukraine,2025-08-11,2050.103710129814
Iulian Boiko,Ukraine,2025-08-12,2191.463652336136
Iulian Boiko,Ukraine,2025-08-24,2255.053047076801
Iulian Boiko,Ukraine,2025-09-05,2202.581603679502
Iulian Boiko,Ukraine,2025-09-12,2171.6696483113346
Iulian Boiko,Ukraine,2025-09-14,2139.6414810028646
Iulian Boiko,Ukraine,2025-09-23,2173.748935446565
Iulian Boiko,Ukraine,2025-09-25,2164.1848824132694
Iulian Boiko,Ukraine,2025-09-30,2192.805483650119
Iulian Boiko,Ukraine,2025-10-07,2182.147799467148
Iulian Boiko,Ukraine,2025-10-14,2200.8618440248933
Iulian Boiko,Ukraine,2025-10-15,2167.5357586656996
Iulian Boiko,Ukraine,2025-11-22,2119.1230513573078
Iulian Boiko,Ukraine,2025-11-23,2220.698829308994
Iulian Boiko,Ukraine,2025-11-24,2250.3592509096475
Iulian Boiko,Ukraine,2025-12-10,2245.635273141556
Iulian Boiko,Ukraine,2025-12-12,2245.4806475257683
Iulian Boiko,Ukraine,2025-12-13,2257.811235629004
Iulian Boiko,Ukraine,2025-12-13,2276.339114374864
Iulian Boiko,Ukraine,2025-12-13,2288.713210996174
Iulian Boiko,Ukraine,2025-12-13,2277.223686903689
Iulian Boiko,Ukraine,2026-01-05,2236.2183218688774
Iulian Boiko,Ukraine,2026-01-06,2252.938742452091
Iulian Boiko,Ukraine,2026-01-09,2270.5474201208203
Iulian Boiko,Ukraine,2026-01-10,2214.183458477924
Iulian Boiko,Ukraine,2026-02-11,2225.3957826859564
Amaan Iqbal,Scotland,2022-11-05,1500.0
Amaan Iqbal,Scotland,2022-11-05,1349.3458611810893
Amaan Iqbal,Scotland,2022-11-28,1282.3819579401948
Amaan Iqbal,Scotland,2023-11-19,1185.663114627431
Amaan Iqbal,Scotland,2023-12-11,1195.530516183785
Amaan Iqbal,Scotland,2025-04-07,1096.0449612178486
Amaan Iqbal,Scotland,2025-10-14,1158.7574843041011
Amaan Iqbal,Scotland,2025-11-22,1143.7595383346707
